5497;4;3;988;8041,10804,12523,7128,2949,15914,6014,10606,8848
9035;3;1;11814;11721,11989,275,17747,11599,6600,14714,5621,14638
138;3;1;4150;9685,14406,8564,17178,16960,15257,1737,822,15112
155;5;3;5115;17773,15980,11411,11037,18379,17999,12441,15224,10711
7859;3;0;2005;2920,6060,16718,2300,706,19106,16532,2260,16349
6041;3;0;2519;15479,366,17142,15240,18956,7681,11167,1491,17910
2484;3;1;14162;1797,465,10357,8628,9690,5700,4909,7494,15653
729;4;3;18447;8211,18215,19159,8080,11161,17704,11055,13791,321
1351;4;0;3345;2930,8628,13146,6570,1131,11881,3612,2878,8679
3443;3;2;5910;12844,6735,8383,4627,5448,2005,5920,4442,2787
3800;4;1;12022;15735,6874,10613,18386,3225,5811,5158,7742,12107
9090;3;0;15109;5356,17604,9249,4596,3617,8564,1917,17092,854
7191;3;2;4327;14757,12761,15527,18291,9783,11161,13590,11268,17992
7016;3;1;18602;4860,17137,7436,14558,14441,11998,10385,16047,13145
9016;5;3;6052;5052,10627,1746,14474,11066,17482,13621,9704,17601
2052;4;3;15782;1347,4671,8359,8822,815,6823,18935,7329,1032
1077;4;3;6545;17411,18529,5743,7811,1024,5429,3040,4087,19141
6393;5;2;8363;10676,1013,10070,12796,3502,9042,3412,8072,15155
4423;4;3;12321;7176,18797,3332,11407,4188,7875,12993,12736,12808
9325;4;3;6805;9649,8219,3811,8048,10857,4820,16111,14023,6184
287;5;4;1685;6483,15780,11235,4682,2957,3168,18908,2016,10488
5;4;2;12851;9814,2609,16531,18929,5081,13597,3795,11079,13069
1777;4;0;4437;4497,13973,4369,14989,9333,3422,12367,7695,15585
8798;4;0;10796;3491,3803,11207,14329,15740,13257,4115,7363,16768
1956;3;1;12577;2215,13228,8143,7763,4048,7547,9425,1535,4644
2200;4;3;8305;2555,13122,14121,18261,15858,15392,5081,4543,5600
8916;5;4;12222;951,5512,5995,10135,4894,2762,10345,7449,2647
4701;5;1;18285;1511,6131,15492,15142,8799,2610,11356,18318,13585
5726;4;1;1997;9008,10175,4097,14958,5657,18000,6004,13488,4800
6107;5;3;376;3749,5225,1339,6348,13079,5860,6479,13543,15329
1703;5;2;18500;4810,5166,11891,17918,5435,2060,4267,2098,13036
7456;5;1;9635;4288,5384,4107,1133,12701,10935,17913,5802,11886
160;5;0;10437;10063,2612,11935,10386,431,16588,3578,9359,14789
212;3;1;7956;18690,12895,17278,18232,14297,14036,15434,14779,12781
7532;5;4;10924;14205,14001,13127,4659,2569,9709,9394,18752,12521
4283;4;1;1459;1328,4342,16372,2532,10053,16251,11151,18458,9313
4343;3;1;14834;5682,14556,11790,9111,17330,12842,12442,270,5388
342;5;0;7822;17661,16876,7107,7127,1214,18989,15394,6756,18189
5681;3;1;18189;15612,16137,6186,15837,14405,5841,11651,16148,18101
9174;4;2;378;3439,18078,4545,9583,3449,5691,9463,9155,9777
3491;5;1;10646;5483,7059,11667,12942,12224,1387,3436,18737,12029
6351;5;0;12620;15578,14453,16609,5043,8724,13466,5634,9429,15643
6574;4;0;116;1194,9505,10872,3349,6898,6713,8606,9261,8491
1163;4;0;436;5489,10264,13838,13951,6060,19106,8675,2787,3820
1292;3;0;436;16532,11137,2240,3233,2143,4122,16459,15965,3701
3307;5;1;17567;6826,7283,18585,2165,1667,271,15838,16806,742
2793;3;1;4704;3130,462,17492,5468,14826,11131,8971,5171,12682
8954;4;1;18787;17712,17754,12550,14307,14879,6492,9100,6080,10463
7792;3;2;11976;5038,14724,6788,18216,11318,7545,8958,1808,14116
4476;5;1;5892;16356,4438,13744,925,8473,14674,10202,276,5232
3298;5;1;5719;18176,19106,9585,4684,7985,7025,10982,11727,14637
254;4;0;683;8543,10782,8180,5202,8352,1883,8189,4878,663
5707;4;0;2151;12367,10779,1021,16261,3433,2060,5563,12566,7673
7575;5;2;11618;17392,8174,3702,18317,2708,5519,859,10816,1080
4117;5;2;15517;6634,2339,2803,5994,4310,11434,11144,2895,2875
4826;3;1;6618;1236,16441,13901,11675,9871,5454,9827,8692,18247
4255;4;0;15669;18654,10488,16978,4957,10705,11748,1885,8211,13334
5916;4;1;304;16410,8844,12663,8072,13573,4481,2762,8405,17637
7248;4;0;12226;17470,3063,12161,2660,7262,9098,12581,5632,12700
6742;4;3;13459;13822,13817,2088,4689,2562,1405,15009,6760,10339
7440;5;1;3215;11768,7820,17385,9790,3186,9689,4185,15649,10437
1461;3;1;5101;16977,1964,6960,18388,4064,9237,16365,15023,9077
6213;4;1;8984;18570,2103,2069,11108,18295,11938,994,5107,17106
1171;4;3;162;4462,2032,19099,18348,10812,15481,8320,4259,420
2670;5;2;3794;579,6969,10550,4331,16060,287,4743,9404,16471
6560;3;0;5;16358,4211,6677,6827,10248,12486,13734,7323,18608
2016;4;2;16131;14571,14001,9787,8254,7052,9505,3768,10924,15473
3020;5;1;12760;12535,3084,18224,13207,4888,1444,12933,6004,5592
5149;4;0;2659;12551,18899,13275,12089,5097,3795,15413,7869,16017
3199;4;1;50;10576,9445,12995,9766,9768,15384,2791,18804,7790
5961;3;0;2398;12587,7657,4804,16454,17665,12050,579,11911,14118
1924;5;1;1311;3270,5730,12037,13070,2283,2218,7978,3579,1423
5328;3;0;1004;16263,2938,9109,3202,7912,763,9200,15812,18146
2087;4;3;17458;12500,18895,13980,9581,8955,14653,3524,7115,16121
4392;4;1;7896;2945,17268,9055,550,4014,8896,14091,104,4767
396;4;1;11042;6811,5365,17262,14542,7042,10137,7457,11379,1641
2643;3;0;9537;11235,10096,16406,10304,9818,2323,10159,5887,8134
5405;4;1;712;12898,1171,2828,2460,3207,11191,4467,11062,10602
3404;4;1;11408;12935,13044,2589,15137,10431,1042,14313,12018,2757
1514;4;0;12548;11775,18023,9477,14627,18520,6658,17266,814,5476
5691;4;1;17873;15753,3423,9173,6432,11146,2119,2152,12131,15532
2607;4;1;9755;14313,10022,2740,14766,10207,15956,15435,18368,18935
4194;3;1;1928;7174,4203,4256,7259,18618,8105,11919,3206,4251
4962;3;2;410;10496,18308,8,15325,15360,2052,10371,3652,2516
3358;4;0;143;13067,9083,5723,754,9227,1759,12271,2815,11521
1492;4;0;1487;15662,5018,12229,1540,13512,5799,1996,2144,414
426;3;2;6252;6224,13319,8652,2042,12495,14989,4191,18961,8895
7935;4;2;13911;5160,3567,16550,3611,16552,1021,1946,15744,14420
5735;4;2;1019;16095,4386,5615,11391,16348,15297,11087,6663,12878
7156;3;1;1992;17283,5358,8591,9138,9807,11484,15048,18123,5694
6626;4;0;14151;5326,5364,1381,17414,16549,9117,2357,14141,19086
1034;4;2;17656;4793,15551,6249,5540,4190,792,579,13331,2131
1565;4;2;14098;13851,4555,16113,3335,11822,13146,17593,18955,16208
5617;3;2;499;9969,15144,14282,8587,10708,15808,13301,15290,6741
3525;3;2;6272;6288,4112,9991,13161,6799,8160,5390,14320,16945
7524;3;1;4833;12893,467,14791,10937,16999,5676,10965,9279,15238
823;4;2;857;15006,17110,196,15767,15269,10076,212,13698,9943
3469;4;1;16215;97,18075,5990,1087,12049,18617,13326,7721,7044
5727;4;3;6664;16932,7981,8890,14570,10574,12632,12325,2422,4278
3168;5;3;8513;13631,7333,12950,13027,7669,4995,1250,149,14937
4794;5;1;16992;4066,10602,11981,2774,15679,8925,1907,4887,10675
6079;3;2;378;1200,6538,4457,1856,10261,2078,8130,7268,14726
6784;5;4;10845;14319,3434,5201,3836,5583,15413,16258,11618,13934
2415;5;3;3305;12274,13716,13486,13259,11431,13790,10603,9906,9581
4214;3;1;9255;7351,8270,7265,16604,10435,15576,11635,9535,6299
801;5;1;1926;19029,10383,17505,9936,8021,1171,14112,2735,4525
8859;3;2;14158;1567,8887,6792,16127,15599,1007,5771,13661,15298
6965;3;2;910;466,16327,6105,975,12091,1123,3831,9893,10336
3014;3;0;2502;15769,11595,10122,6711,255,11439,2105,17248,10225
275;4;1;8261;10730,14920,10739,8046,17153,11254,5906,17279,1906
3201;4;0;18932;431,14357,15539,14662,17311,18276,16672,15155,7300
6838;3;0;13471;13517,16111,15883,1015,10634,8722,12862,14906,6861
7913;5;4;16131;4364,11231,15452,3271,13255,3023,1670,8281,3155
6984;3;0;8077;12191,3685,14133,851,18344,11448,5357,5136,15989
8654;4;2;683;5759,5822,10697,18775,8568,7883,10827,19067,15221
5464;3;0;3301;8032,8352,6601,6259,9090,12082,14942,7818,5445
7633;4;0;15470;5308,10110,9025,17240,9473,17393,3032,8408,3458
682;4;1;5258;5702,8707,13674,5166,2196,5416,5070,15359,3587
8935;4;0;18444;17360,12779,14955,14440,11640,2358,9704,17031,4185
3755;5;0;1387;11023,15570,17535,4307,6727,3867,19141,13576,5589
3966;4;1;378;13211,1771,1172,15845,16165,1941,12420,4801,5391
7722;4;3;5999;13612,10666,14862,8615,3169,12177,17978,9280,759
3745;4;2;3541;1011,1172,8733,12363,15839,15605,16245,11511,17867
4141;5;3;10858;14334,3801,17439,9612,9276,441,3310,4630,7872
3665;4;0;9332;3843,18547,8271,18736,2277,222,8627,17090,3920
5506;4;0;16354;18048,10722,7290,3084,12499,789,157,10003,5556
5746;5;3;1380;151,18050,16108,16049,12800,18312,501,9699,1076
3687;4;2;10037;6753,661,18547,13080,18537,1299,13299,15998,12716
2578;5;0;2005;7340,18212,18448,8899,174,15037,6593,14641,1958
4099;4;2;6783;1827,5926,7798,8317,4188,5690,820,12960,17656
8915;4;1;471;18105,3405,16905,14040,5868,14902,2786,18701,19026
7552;4;3;230;6755,12551,6821,12585,2314,4415,13934,3702,12782
8743;3;1;238;3448,4225,6087,8702,16395,3372,196,18734,9827
6324;3;2;1793;6008,8079,18735,5677,14309,2404,18329,10457,8704
3732;3;0;8358;8839,14162,563,4899,15433,4317,9783,14724,14367
460;3;1;5937;8334,8294,15758,7485,14201,18906,2102,3642,11697
3260;5;1;13597;18515,16783,14618,7879,14603,12551,5304,9592,10530
3613;4;2;407;7570,16764,7853,5228,2710,4027,15927,18854,13421
4981;4;2;397;7377,7670,11827,389,9847,6882,16351,4410,11226
3680;4;0;2282;5627,18059,13798,12502,13564,351,11304,8422,9863
159;3;1;16144;18880,18551,4470,14535,1088,3760,14664,16968,9758
2051;3;1;16478;7211,19053,8126,1219,1873,1253,3382,17880,14463
8836;4;0;5827;8547,12321,8406,13504,2575,14551,15466,16303,7409
1450;4;0;3595;5799,4826,604,1078,530,9125,429,15002,3002
5545;3;1;1662;2661,10753,14362,4656,1213,17737,14208,9797,15525
6198;3;2;11693;11389,6031,11686,10432,6427,11475,10475,13852,5555
9187;5;3;10056;12102,3952,17841,10956,7494,9406,11753,5889,13379
3188;3;2;4300;16133,10733,5974,2629,14096,10554,1150,16366,1963
714;4;1;18923;14683,15747,7312,19098,10414,10001,9667,7883,16438
8449;4;0;2093;10545,18058,7150,437,7733,9622,15507,18599,9181
4959;4;2;16916;6530,3806,11885,14846,330,16552,7540,15208,15430
6582;3;1;2895;7346,18091,9015,12120,15606,17254,4917,14031,1341
7718;4;2;803;7674,3176,6789,15435,4840,13319,6961,16601,12374
5980;3;0;1992;3678,17289,11217,10775,324,2915,2854,15555,7821
2959;3;0;1774;4338,3324,915,10506,843,6721,18889,13712,7384
4621;5;4;12206;1315,17109,6358,7444,6046,17588,12606,11758,11990
4182;3;2;8270;11548,17777,6912,3154,14486,6519,2193,16483,18340
4234;5;2;1646;13387,14234,13108,153,883,10317,37,1863,6671
6364;3;0;1992;17565,998,8355,3065,4098,2025,15434,7038,6053
2678;5;3;5314;1621,16682,8361,10151,14146,15094,13042,870,13085
2532;3;0;7761;8502,3,9283,12998,11412,16401,4967,2939,1579
2301;4;3;3692;16196,6657,16197,8577,15727,3207,8968,18941,11730
8821;4;3;1991;12497,3522,7327,1012,10394,10369,9746,18006,17411
8529;3;1;679;16292,11237,11100,9796,11581,5905,366,7726,8101
8565;4;0;8355;18842,481,12749,6137,126,15419,5562,14353,868
4196;3;2;5111;2793,9725,16964,8107,15412,10003,6358,7028,432
4551;3;0;252;17121,18000,405,2793,11530,14330,9252,10933,7891
6089;3;1;14432;17390,1350,5374,54,7063,16260,16620,19047,13641
2535;4;1;4628;3601,19047,942,14499,5119,502,3388,2582,7020
4699;3;2;15952;6289,13989,3568,13729,16551,11486,9799,4449,956
3751;4;2;9889;63,4950,17463,5213,85,1869,600,518,12496
4421;3;2;1375;3426,4173,4056,12761,3661,6452,383,12169,6320
9226;5;0;18159;7293,14942,10068,7646,13292,18186,7223,56,19146
9067;5;1;8978;7844,1750,14509,3008,540,13382,18228,5263,8062
5798;5;2;9274;4827,13163,15486,9653,5307,13635,13791,5916,14097
7565;4;1;17340;9427,16419,14727,16614,9810,2217,19044,7353,96
770;3;2;10248;9001,7358,11809,10278,17315,3598,17107,6263,17326
8484;3;2;9411;547,16110,8321,882,2139,7811,8420,1552,4832
3724;3;0;8584;14238,9803,3605,3356,1958,2255,4329,11762,17694
6879;5;0;17154;4440,9046,286,8172,9496,10631,11533,10484,2296
4632;5;4;378;11837,17592,4753,8855,5205,9346,11850,11415,14337
6807;3;0;5384;412,5684,18970,12289,159,15590,19117,9790,18772
4806;5;1;16049;17596,17543,1458,8873,14551,5387,3985,15764,5153
6314;4;3;10247;10029,14193,1786,2820,16921,4716,13006,11716,1936
6055;3;1;4872;10896,14441,11014,2579,8796,12324,1681,16017,14603
3210;3;0;4492;3040,18006,18529,15068,13743,621,11221,4438,15549
7170;4;1;8683;18984,14871,15667,10340,16043,13615,14516,13613,5391
3101;5;4;17568;18750,11166,8997,17822,13583,11944,11043,14230,5296
916;4;3;17502;3376,11472,13573,10676,16257,14631,8414,4345,8741
8655;4;1;5842;13875,15151,17278,16048,18933,365,1923,12921,16523
5544;4;2;4375;12060,2851,18148,2062,901,3020,6489,18503,11882
1031;3;1;12221;7655,18563,6655,16746,10341,5929,9567,17501,453
7167;4;0;9973;14483,13834,18583,7825,9197,9371,5139,445,1685
8283;4;3;4410;18006,1620,10009,17989,2166,17270,17004,10921,18661
4298;4;2;5322;16979,914,13176,16457,14831,13379,8971,16033,18254
1870;5;3;4772;10604,15825,7784,11866,5800,14306,10540,5635,8032
578;4;2;12346;18594,6139,11254,9913,18965,216,16781,15082,13402
4149;4;0;16307;11740,15105,2791,12676,18620,15815,3187,13277,5279
512;4;3;378;18462,15846,15627,6826,2391,4577,11518,5276,9096
9059;3;0;18602;16389,13196,16130,16725,230,15910,13597,1842,14223
3831;3;0;17755;9844,884,12689,15670,11702,2764,17467,14097,10790
156;5;1;1471;7363,16509,11469,7189,12019,1445,9722,13714,11412
5481;3;0;6466;6935,6943,8449,10272,1007,15246,14315,15833,5718
3355;3;1;13524;1540,5018,3951,10424,1487,8436,16353,6862,5480
4301;4;1;18839;2855,12784,4429,9657,8866,10488,10661,2957,13724
7424;4;3;11671;8888,991,7133,192,15493,5892,13029,415,1740
2672;5;2;16670;17505,14112,16699,13153,6356,16655,3554,14411,1312
1518;5;3;8429;2282,6453,2008,5030,6888,4250,2725,5859,18292
1446;4;2;5872;5653,11960,1941,2917,16073,1936,6579,9654,11253
91;3;1;15440;13041,246,10009,8381,11168,11843,14838,14990,16858
5625;4;1;377;439,15633,1518,284,15593,18621,12969,1294,6566
632;3;2;13569;13859,3052,6459,2951,17881,2778,11175,4737,13629
4067;4;1;378;4743,7058,16073,11988,15825,10373,18768,8621,12061
7381;3;2;10571;4297,15580,8820,3710,18083,4039,12052,4208,3671
5344;4;3;2155;11540,4686,8512,10005,3211,5989,18455,12176,11654
416;4;0;18602;1637,4026,12825,4155,12124,13845,625,11014,14603
4985;3;1;13003;16988,1979,3523,4789,15821,9992,11084,13223,18523
7582;3;1;16358;7762,9001,18722,3403,945,18090,3396,10244,480
48;4;3;5728;14199,12573,12245,11328,6993,5826,4545,14454,15367
5678;5;4;5372;18263,15053,2952,14913,8080,11961,7277,16139,5868
9026;4;3;11678;13428,6155,15775,5243,16376,10821,10672,17222,81
3207;4;1;12671;3543,10218,10962,11655,13050,14272,15024,18155,4320
3879;5;0;18044;9768,18411,18540,13983,8574,6796,2831,12390,13217
6910;3;2;2762;2,17534,8860,4382,7853,5640,15539,13094,5874
9356;4;1;1054;610,675,6803,5435,11505,9803,1734,19155,6798
9017;4;1;14045;7679,1197,6977,6180,12709,4531,16738,13917,15413
1327;4;1;405;4101,14456,11855,6358,3749,12225,11633,11607,12933
5850;4;2;18186;367,10600,15084,2345,12869,9137,1935,3303,12735
3792;5;0;13582;15525,19124,16006,3728,4397,2801,12288,15829,13473
4228;4;3;15550;16578,14245,4220,8492,10190,4707,16106,8399,3491
5326;4;0;7081;16264,10453,13076,8440,9570,772,9258,92,8041
5592;4;2;10258;9159,3688,4190,14052,2822,18611,17335,18478,18234
7030;4;3;168;3399,10596,11520,917,5722,12336,1798,8188,8928
4390;3;1;13359;18608,12486,1120,2981,11510,7425,572,869,5905
6069;3;0;353;10538,1369,5629,13979,13400,13891,8221,987,11555
2619;4;3;9857;5511,7450,1003,12012,17551,13369,16608,2879,13041
2257;4;1;3000;3591,19165,12558,13046,11963,14706,1515,15811,1729
968;3;2;11216;16789,3682,130,10263,1299,19144,2533,11019,14957
2573;4;0;2386;15134,13531,2042,15063,5333,14087,7973,16751,11605
6720;3;0;18506;8036,19152,7188,14326,13781,17418,9801,1111,13611
7092;5;4;14386;17296,10085,9959,18142,13896,16144,812,4734,3996
3863;3;2;10540;17646,12852,9987,3454,4941,15807,8316,390,3303
2143;5;2;16506;3984,11735,9581,8265,19061,12483,17072,11639,15428
2755;5;4;15084;7846,367,14322,8158,13994,7467,9016,16055,18195
5482;4;0;3637;8677,4320,16749,2123,12562,14631,4546,15579,5606
1643;3;0;2526;13252,9966,7223,6628,7834,2454,89,7765,15476
1135;4;2;951;10805,11924,7601,2020,13313,17385,8457,2406,259
5446;4;3;13888;2149,19146,14841,13715,18637,4190,6982,14199,618
5091;5;2;6906;15011,16307,12390,17943,9835,12481,4884,42,11383
6721;5;3;1882;9958,8485,13199,5529,13829,6919,15929,9619,4082
5207;3;2;1076;9346,5239,6993,2883,149,18984,16581,22,9926
7342;3;2;819;16794,17110,17021,5426,1789,7807,5286,14794,7651
1714;4;0;18602;2609,5758,6848,15384,18751,12390,6977,15173,5755
4649;5;2;15502;2786,15443,15441,12797,2245,18221,3562,9409,15292
4876;4;2;14687;3020,5455,2338,2597,13215,1191,7569,7757,590
5439;3;1;1391;13200,14714,6779,18783,14433,10018,12237,18662,15978
8268;5;0;50;5360,16047,4637,14373,18402,4631,42,18751,4279
8299;4;0;5606;4405,7697,11830,2529,3289,15204,17560,19099,12751
5359;3;1;85;4235,16661,9042,9012,16672,814,5173,3667,4481
673;3;2;11987;1462,5994,7988,4734,8391,7580,4357,1830,8749
2315;5;2;716;2130,6839,8164,4262,11871,3724,16873,19038,4500
7133;5;0;16076;5599,18799,12557,16302,16091,16168,967,12241,15056
9225;5;4;3521;14306,17003,3043,7160,18087,17230,5872,13715,11381
3922;4;0;870;12358,9402,16682,11226,8742,17071,16837,17189,3642
2756;5;0;16838;7150,19023,10714,2216,3142,18654,2446,13534,11834
6203;4;3;5043;18928,7280,1480,10685,12997,17488,4609,16987,15874
3150;4;2;10258;10893,8281,12288,6907,14878,18799,2099,7185,7486
1479;4;2;6186;6071,155,4296,13321,1846,11735,17236,7490,15266
9176;5;3;18644;6055,13739,9560,13047,396,5767,16193,7254,15323
4525;3;2;6860;14495,472,9976,255,2981,3438,14428,13336,11377
3737;3;2;1323;10554,18283,16366,10504,4070,10733,1370,4446,3643
3511;5;3;7605;18951,1430,19033,18349,11106,6627,15779,1040,17848
5108;5;3;6444;1133,13958,17556,10135,10106,10406,10063,13421,8424
4904;4;2;13039;3496,5764,17921,18766,9202,15878,6511,12249,16545
3220;4;2;1973;9055,12446,17400,9289,2955,1042,98,5850,553
7517;5;0;2356;8947,10981,5653,6499,6159,8261,12800,9090,6249
5619;3;1;497;10809,8048,12787,4766,19102,2506,14497,3811,9988
8866;4;0;378;8762,12834,6480,3019,16222,3159,2841,19146,18424
4045;4;2;1564;2298,2025,9732,12385,129,9807,13516,15582,2779
6777;4;1;13477;17811,9306,15036,2206,14466,11098,17578,9522,13303
3742;4;3;8342;7425,572,55,10492,11255,4211,5559,9796,3992
9153;4;2;3521;3101,17714,11807,4677,1948,2099,16438,12263,10027
6654;4;1;7523;15858,16556,5414,12089,7352,5737,3087,12825,7039
8982;4;0;3271;4469,8044,13807,15985,12281,5339,18988,6473,2665
583;3;0;2045;16862,10891,6118,8682,483,7859,18226,17761,6894
5709;4;3;5468;1001,437,15717,9748,4025,18134,11176,13113,7613
1500;3;0;13556;10192,5809,18976,18702,1785,6600,2888,18593,5254
4471;3;0;2356;2675,7895,14802,5299,12735,3768,8765,8312,12952
7397;5;1;18655;12514,1715,13996,17820,4592,9882,2124,3911,13384
1219;3;1;973;2000,6801,16813,3442,8742,9239,16343,11169,6766
3928;4;3;12809;5874,8677,2710,3490,15927,877,13889,9689,3172
8823;3;0;15962;5999,16762,16327,910,10066,9893,4692,13532,11763
5875;4;3;378;9346,12801,12082,4809,14802,13330,13752,11878,18078
1248;4;3;693;16834,9850,18006,14650,10744,2467,4766,15502,4306
1916;3;0;9897;4761,4156,11524,11280,15854,3847,8697,9602,13963
3830;4;1;1004;17470,10784,13721,17129,1578,16189,5293,2777,9657
3433;3;2;543;8002,2152,2339,16226,19057,10017,9756,12630,8090
2886;4;1;656;12778,8774,10026,10080,11999,3127,3486,7923,1530
353;4;3;1418;9504,7337,245,7682,11479,7063,13611,7793,9779
1026;5;1;15224;15578,13368,15833,9988,17555,7621,12502,12833,15802
6741;5;0;271;14337,3869,14648,310,13607,12957,4364,2004,4843
625;5;0;18656;5384,5296,16698,3310,4978,16845,731,13219,11487
2629;4;3;543;6634,7127,13707,17376,4917,5126,6620,8249,3089
5362;3;2;380;14790,18193,3379,5887,16334,10486,6127,15563,2243
3271;4;3;378;2974,11807,1100,7293,7336,1250,9672,17714,9648
4416;3;0;9707;18189,12056,11994,15612,17080,1599,19038,8028,2895
4762;3;1;6669;14864,4283,11274,6775,4521,13406,7217,11189,18261
1513;4;1;4339;16453,13648,10270,16754,7545,3142,6329,7264,14791
6201;4;1;641;11435,14781,3388,17073,2715,16841,12876,17303,17035
6602;4;2;12547;17283,233,13521,12725,4100,2072,3952,11106,1319
6230;5;2;18480;16139,5832,18031,8804,13938,15863,4103,3578,14955
7118;4;2;3718;10001,7312,14872,13468,14920,12660,16422,12121,5427
4691;4;0;6404;12587,5122,7128,2149,1827,10370,14362,6731,7584
336;4;2;16875;15966,4890,15670,11188,7243,11010,8137,12880,17767
5345;3;2;15359;1973,12616,14058,13238,7925,507,7186,4360,6643
577;4;0;18889;13712,6244,3819,7429,9496,1354,1699,11921,11969
2989;4;1;3824;14932,15267,16065,10232,11871,4795,4206,9758,16056
1810;4;0;6388;2650,7560,7692,10484,13201,12869,11883,89,3416
386;3;1;8056;18321,5192,2484,6988,8173,188,13008,2874,18104
7310;4;1;17297;15820,8287,7485,16928,17004,5429,1524,5536,11827
3390;5;3;3788;10872,17182,9971,5820,5917,18333,14726,14054,14683
6786;4;3;3632;12011,6729,11407,10453,12363,16088,17967,10913,13485
2067;4;1;8367;1599,14528,7630,12056,9173,9906,4452,1088,9453
6186;4;0;5400;2310,8962,16670,3653,13507,18443,3554,2735,2773
716;5;2;7178;10583,12906,2044,3124,13741,13511,1287,17069,5767
2988;3;1;8803;16624,1729,17858,3903,14518,245,7881,10788,3878
1178;4;3;8493;7855,10338,14380,12944,8758,10485,11021,6160,3178
1914;4;0;2460;9985,866,15847,1017,12491,3839,16888,16341,8941
856;4;3;15827;17779,12901,713,6489,11357,16198,7576,18503,6872
7678;5;1;5447;4432,18933,1207,12980,10689,914,2364,13856,17841
2068;4;3;1508;166,6227,15665,4969,17360,12774,18088,10978,12426
3703;4;2;15374;1885,481,1571,16033,15695,11318,15670,13474,18599
3088;3;0;7088;15313,17983,17416,4682,13852,9403,3663,18282,18123
1724;4;1;7534;1886,6709,10346,165,5596,397,10354,15365,13029
2142;3;2;13259;6390,14021,18974,11134,13790,7127,2875,11416,3824
4333;4;0;1847;6410,16886,3306,644,8733,8855,10430,820,2383
5659;3;2;9458;6562,4868,667,8627,9332,9070,19131,11803,13698
4212;4;1;15458;98,18524,13525,4561,5912,11904,3587,1527,16260
7399;4;2;14301;8554,18719,11651,12846,4308,8119,15305,4357,3760
2527;4;2;3009;6308,17472,8896,10788,14090,1574,18761,6823,16828
824;4;1;116;17120,119,11913,8180,4077,8901,12138,9472,8538
2932;5;2;378;573,8549,11362,14588,11616,5866,1657,4255,4331
2310;4;1;13454;12435,13862,9816,18990,4704,6329,1417,9362,6744
4770;5;0;13257;10481,16582,5552,4468,17001,3562,18458,18052,5254
4515;3;2;5340;1529,19116,9798,17263,3031,16991,10405,9715,16102
4142;3;0;7574;8044,10827,8033,644,1678,8182,4331,14729,86
216;5;1;3629;13217,11618,12146,3916,2761,5941,6180,2707,3896
6241;3;1;15815;3916,18650,12391,10172,4961,7386,8163,7454,15600
7735;5;0;2603;1664,15868,3695,12170,11382,10522,17352,15772,9810
8568;4;1;6039;15095,15015,15314,10956,9163,11101,5114,17084,9617
5070;4;1;16876;11661,15753,4272,16636,11438,13790,235,13738,8164
309;3;1;1576;6926,4544,9184,15949,8742,5362,13702,14215,12917
8580;4;2;2116;13850,18910,4364,15846,18988,2423,7321,17737,9672
4661;4;2;2801;6750,8444,14306,12836,8052,8842,14665,16558,10718
7648;4;0;2083;11077,17689,11108,10588,17413,7946,19027,450,10155
2507;3;0;1961;2355,17055,8354,8288,7899,2107,9624,8069,16991
250;4;3;3818;15454,9350,12570,16688,17460,13753,5710,6856,4829
7699;5;1;6964;10196,11886,4176,14421,17635,7589,16107,19099,5628
2875;4;0;6172;14657,3239,3544,3703,17587,17347,12641,7282,3295
9168;4;1;18620;8490,15858,1474,13069,2314,13747,16370,11128,6755
2778;3;1;18734;26,3635,12812,19041,5956,8772,4004,18547,5677
6993;4;3;952;3457,1733,6385,7233,1117,9061,11819,6409,10118
6645;4;1;3181;7004,1871,12806,18492,17102,781,8398,17840,8197
3573;4;1;5395;13423,16164,12307,11719,3897,13112,13806,17826,3695
7422;5;1;11232;18578,8417,18583,5615,2028,15236,18113,18639,15947
5161;5;0;7200;4314,16697,15596,1220,6285,7590,14503,18325,568
2126;5;2;116;8162,12208,8235,14206,12670,793,7102,15084,2416
4612;4;2;17167;85,1344,18480,1153,15594,16874,15308,14849,3476
2602;5;0;2779;9695,1885,12909,2193,15966,17416,3377,17348,14724
5001;3;2;7960;4969,14230,18975,7095,5253,17550,9868,12222,10724
560;4;0;15776;1515,11505,13318,12830,4897,12616,14843,11325,10531
7058;3;0;2066;8480,15408,3405,5305,16768,12849,2156,17494,16239
2534;3;2;4264;537,6583,18586,947,2316,6609,3074,5474,9924
1162;4;2;917;222,3046,3919,6618,18897,6417,5722,11520,828
7899;4;3;17468;10929,7845,17075,8903,18847,15812,12501,11686,15790
2539;4;3;19075;726,1090,14538,12724,13800,12056,5128,316,16573
7258;3;1;1082;10808,6486,16094,7922,16719,10231,13540,3238,1076
8780;5;0;4498;4805,7650,3447,11368,15324,11856,12260,3928,3241
8215;4;2;7121;316,14176,6952,18142,2901,16508,14301,2415,15612
1277;4;3;9570;9797,13504,5949,12801,14205,90,7235,1011,14180
2998;5;1;908;13762,13752,9216,12078,16047,3836,14836,2082,6072
3606;5;1;9100;5507,5367,3724,17368,175,9763,6952,6478,18142
7269;3;1;18955;17314,11687,16819,2474,11102,1106,11951,16529,5182
7628;5;2;378;17508,6343,14872,10032,13504,19119,16428,8444,12736
5050;4;0;4210;7822,18782,15182,7328,5994,7209,9470,7997,1666
4858;5;4;7326;10465,4057,13369,12741,10006,14490,10694,13032,991
5579;5;4;5373;18515,6821,12449,5492,3748,6706,18540,19126,13732
1128;5;2;14994;4562,774,2273,12230,10196,15376,15286,2367,11631
4791;4;0;18833;8658,16837,1073,6816,13032,18753,4700,16813,10183
3122;3;0;8358;13435,8228,5340,16123,2878,5962,17655,2289,13295
6876;4;3;9052;11066,2063,13347,3412,16097,17791,18520,15019,12703
9170;5;2;10405;3741,19085,3574,13206,7480,6426,18778,17940,9197
3389;3;1;356;7265,3664,4912,8417,18191,15080,6381,16754,4089
3904;5;1;6071;15606,2630,4730,16506,3524,11421,6645,10232,18551
669;4;2;3685;11443,3480,5136,17369,10539,2819,11524,16439,14804
9079;4;1;10778;17117,10247,13116,7160,19083,14413,3449,4599,4469
449;5;2;16564;151,10484,2937,4242,17708,8317,12143,10842,14118
1749;5;3;6006;14174,16876,1090,8554,4744,4470,13790,2339,17968
7027;4;2;18308;5896,4714,1138,7483,12510,4439,10885,1130,5978
2850;3;2;3742;6682,929,6865,16233,11167,4552,11377,1904,8040
6800;3;1;667;5154,16784,10256,1798,26,10073,196,1209,7079
1690;5;2;3640;1312,7934,6522,3193,38,12329,13055,11062,2224
3233;4;0;3563;10231,11511,14753,14238,13828,10498,16648,13211,1714
1418;5;2;50;15028,17168,16047,7217,8991,5433,2659,3120,5201
4686;3;2;628;2901,3423,4296,7107,18660,10308,16573,726,8149
4302;5;3;1527;12710,12640,13254,2320,32,4193,9172,11904,7158
1751;3;0;18602;8486,8000,5519,6315,17972,18335,18515,12481,16130
2767;4;0;15437;19170,11132,52,1650,18227,9418,534,9284,16273
2616;5;3;5442;11308,7656,11698,14161,8489,16401,13381,15550,10395
7542;5;2;11411;6201,182,11037,962,19157,11218,7171,494,14863
3536;4;2;14337;12399,11625,18485,18475,4866,15129,18566,3393,1514
8034;5;2;10546;9772,10222,11805,9427,12778,6369,2465,17043,3487
3360;5;2;2914;7712,5199,9410,15099,6372,11353,2373,18597,7575
4663;5;2;5439;7676,10992,6612,7700,9758,1919,8259,11206,18658
7257;4;0;701;1681,19126,11909,12182,18650,16145,5804,7869,12544
1312;5;3;2005;706,6060,10982,7023,17861,13704,16774,8369,8020
4022;3;0;14742;14670,16782,5049,7027,6500,14938,13901,13087,15047
8611;5;3;1566;18384,2242,9647,2064,5022,3548,12438,14304,11880
7559;4;0;7895;1883,14140,3152,653,17567,4071,17953,5054,12171
3892;5;4;10028;8490,2134,13406,6775,4543,15260,476,7679,6892
4351;4;2;18715;3735,6521,10243,17416,6137,17229,9200,10048,16286
3458;4;2;820;12800,10068,15416,146,3794,8065,7765,2526,3511
277;5;0;1587;6068,13105,5654,5896,8992,11403,14354,8725,2789
3269;4;1;11235;13432,12595,5170,16267,5839,6802,12473,11546,4555
68;3;0;18650;13845,7352,9413,2617,15621,50,18473,18962,7454
3470;4;2;18715;4505,6510,14483,16062,17565,9622,8662,7825,10849
7588;5;1;8032;11362,8290,7336,5950,18391,14930,12800,9198,8695
4849;4;2;1991;11667,15946,6442,13280,9791,8721,925,3738,7439
6522;4;0;2128;17116,16862,13737,5032,16705,19132,5751,4365,11757
6543;5;1;8954;15695,17116,16048,338,14501,1571,10755,14481,3489
1146;5;2;5747;8862,15418,17930,2175,14993,5913,17747,5621,2810
5501;4;2;98;502,13499,104,17882,7904,12752,9407,14565,14284
4332;4;2;15753;18452,9828,608,19063,9581,4206,4970,8455,2830
904;3;2;3916;10650,8366,5871,12526,14003,5433,4015,13747,18495
9314;3;0;1449;8564,221,8077,5525,15252,18106,9038,17909,6143
1757;4;2;1417;10870,5914,17196,10257,14928,3256,2963,13095,11187
7062;4;0;2005;4501,9661,503,7023,7979,10571,743,13125,1089
1484;4;1;5177;14218,16617,9973,10610,8971,15100,4327,15869,13095
8046;5;1;378;73,16522,13863,11381,16831,15889,5025,6153,12294
7328;3;1;3136;16028,8219,8724,2584,10648,2554,687,12441,14023
3568;4;1;14718;187,19024,16159,15650,2999,7773,7329,2207,18532
2856;3;2;15563;17467,14626,18954,12017,4365,2997,1831,1668,6110
6830;5;4;5913;18270,11086,16924,5709,11469,640,3797,16693,8708
8379;5;2;378;9877,5499,4731,16558,17905,9355,12050,16454,14118
7894;3;0;4789;10657,10554,16133,4446,18523,11947,4711,6258,2936
7126;5;2;13416;12738,5388,7060,17832,10053,17803,1570,2501,17570
3309;3;0;10688;307,3856,3181,2447,10769,11149,12737,5301,3627
7047;4;0;500;18560,4034,10544,17976,4618,6110,17259,19171,5842
2852;4;2;9442;8602,15151,1417,8518,7057,18275,3975,17593,13224
7991;4;0;16396;9106,5751,10427,14036,1046,8154,17327,12624,6111
2199;3;2;18959;15330,579,9505,10430,17967,15556,1419,6488,17603
1889;3;1;13790;9453,16636,4210,5994,7580,3998,12184,15981,8924
1871;5;3;18587;340,10030,8459,9391,14241,18572,16608,13264,3040
1844;4;1;4377;14732,15340,3315,18344,18483,7446,16433,16739,8931
1851;4;0;7801;7827,11892,4750,8633,15949,18110,2682,4057,12835
8360;3;0;1004;11313,15051,4407,500,18418,1571,12784,14681,15152
5641;5;4;10747;9341,14920,3762,9987,9203,11883,9016,1988,4008
6243;3;1;7181;6597,14715,15958,76,2241,10358,6363,19095,11267
9185;4;2;5415;3957,10431,8654,4769,18945,17197,1655,8896,6291
7315;3;0;7831;2996,11595,15018,11439,3396,2578,2752,1192,14495
3667;4;0;146;14889,11563,7219,17953,11669,17182,2345,18566,10782
6171;4;0;16541;1652,10363,10830,17410,2489,11325,17900,16330,5498
7843;4;2;8771;13792,5273,6545,326,751,15637,12218,1327,9011
4191;3;0;2093;2633,11881,5161,13427,15871,17302,13113,15507,11106
6647;4;2;378;15054,8791,10749,17104,14942,8671,10031,9543,9041
2775;3;2;334;12266,6090,16898,9943,11338,4227,12812,19041,13080
7455;4;2;9248;15461,15900,19105,2143,3581,4478,2916,17906,15846
9133;4;0;3112;11484,2556,2068,17396,13090,13479,5782,3820,12218
2506;5;1;13828;10730,1507,1659,3019,3269,2365,11315,3517,15288
6272;4;0;17848;10096,16849,18137,15236,12150,13503,15309,4890,13520
1110;5;0;15764;10153,15228,11579,14660,17887,11596,6486,9765,13372
4761;4;3;378;9155,4551,15627,4788,22,6602,14696,2542,1697
227;3;2;13490;6740,1468,15572,2872,17510,14519,12057,1294,1713
2764;4;1;2005;3286,8369,2260,10242,11948,11258,3821,15726,1561
2633;4;3;1046;629,12467,17255,6192,4827,15374,11251,10117,17649
7418;4;1;7319;303,5866,2202,15115,14651,6938,13781,18693,5950
5124;3;1;5636;12784,19009,9818,12656,12102,14633,10357,12501,9277
8551;4;3;2019;8960,2296,9990,17432,7594,18573,4490,10669,7753
8826;3;1;8197;12348,8485,4050,18304,11742,8398,7648,5290,12474
8560;4;1;15593;14519,14728,989,2872,5123,10302,1466,377,9681
6611;3;1;14927;13510,15710,11809,13920,1276,2382,18608,2981,2105
6586;4;3;7899;2636,1320,8213,2511,6782,13724,16523,16819,9048
8405;3;2;15104;9016,12398,16347,6014,10158,5585,12950,4551,13693
5218;3;2;6784;10609,12888,17531,1429,10494,18777,1044,17432,11435
2589;4;1;9378;3534,674,4744,2611,16322,5577,18895,5909,13321
4123;4;0;6404;18732,11584,14683,16426,2947,13816,4277,1856,9637
7246;4;3;15600;5528,15703,18515,8150,13217,2163,16370,1399,12709
6780;4;3;5417;2081,19009,9792,9653,12880,13333,6878,1207,12985
7390;3;1;15633;5547,14519,16566,75,1468,1790,17510,1125,12057
1899;3;2;16988;4711,16589,14522,4446,6389,4789,8443,9524,387
7835;5;4;17738;12420,6296,8901,9613,744,12288,13385,8387,14549
1833;4;3;2018;13711,1218,7719,11855,3143,3203,12750,4822,16167
7044;4;3;3172;821,1153,8713,14627,4436,7589,15021,7832,1913
3027;3;2;1739;3216,5086,12489,16903,16271,12164,165,5294,15711
8883;5;3;9241;14615,17645,8575,16447,9941,8099,4880,14540,12237
346;5;0;2314;14078,17687,7217,10976,2455,529,11274,4637,12401
478;4;0;9989;12679,15689,8317,7784,9237,6963,16974,3019,5432
8413;5;0;15652;16203,9582,12425,17489,969,13809,19139,541,6949
7059;4;2;4946;1733,13826,15690,7233,7218,11246,7803,13822,3505
660;3;0;13725;5435,3610,11823,6325,13929,5572,10023,3240,12640
4145;5;0;8172;9583,5025,14692,15581,13684,2099,9152,10732,17521
4453;4;1;15093;12510,11540,16848,7483,5575,5185,5801,9063,15511
5020;5;2;6684;14195,15847,2657,8216,17850,17657,7611,9457,3394
2110;4;0;2078;7325,18186,14531,18434,6994,15228,3631,12617,15473
1845;3;1;16441;15463,7558,2713,9085,9984,2404,11536,18038,8394
6935;3;0;9645;17534,18985,2762,14169,63,11631,7198,11942,9774
8074;5;0;1992;2216,6299,15964,2039,18778,3501,12902,67,5889
3206;4;0;6327;2126,18014,13883,12855,10125,17605,4964,4294,5695
3275;5;0;15211;17512,15158,2379,6064,16034,941,14328,12416,8042
7949;3;2;8525;2432,18937,13426,7198,166,2150,17360,6364,8804
6282;3;0;10857;18211,497,10852,12014,2321,8642,18379,9260,9186
8750;4;1;16624;7387,1111,17660,12339,10207,4014,12558,2281,3903
7070;4;1;4677;15148,14816,15538,15627,7692,12281,11352,18739,4121
3381;3;1;8896;9049,6291,1596,13781,16828,12613,6512,13949,6666
5467;4;3;13823;1267,1877,4664,5137,9605,14062,17666,4502,15352
7447;5;4;6906;16379,3357,10854,5534,12544,2708,12262,5414,8373
2779;3;2;1546;18327,3655,7930,4256,1423,7423,1787,2641,12359
2640;4;3;378;3607,16851,8743,4598,4783,6963,7826,8761,6108
8620;4;1;15884;17774,5180,8301,8503,13040,18147,537,11397,2316
1494;3;2;1303;2084,3724,6305,2593,11632,16112,8459,3529,1598
3704;3;2;1075;9120,3153,19157,7257,5634,9110,12368,8048,18363
3912;4;2;15192;8930,17518,18533,1093,18736,7497,5428,4846,11371
4104;4;1;12721;17231,15837,4450,5285,2458,15597,674,6240,16892
6090;4;1;11751;15015,1769,12880,12155,14097,4965,12043,6771,6438
8680;4;3;18022;10561,10839,14985,9859,15250,13834,4569,18370,2868
4296;4;3;8953;8103,525,3522,16482,3463,14792,11526,8145,18587
8091;3;1;1576;165,6242,14047,639,8548,5901,13376,7239,2000
5377;5;0;15858;5941,12231,12811,12300,4088,1060,859,13089,3835
6615;3;0;3583;3871,2274,5182,2766,2480,10117,10777,12980,8124
6903;5;1;1269;15732,3361,11718,4301,18517,12126,5807,17717,8623
7186;4;0;3879;395,3717,16405,10609,1520,15761,16285,16181,14581
4215;4;2;2008;16547,17398,13370,10731,10941,12014,16266,11627,3153
7491;5;2;16399;7345,10056,7494,15960,10356,16838,15792,16286,12259
4038;3;0;1097;17080,4673,12120,18067,8850,1142,13321,1198,6166
3869;3;2;999;13151,14674,17920,6515,18587,1190,5969,2514,13317
7134;5;3;141;10282,2480,14541,15812,17566,15309,18007,404,15215
5891;4;0;4677;15387,3194,7102,3200,6107,3788,4514,7501,3269
9330;4;0;11921;5466,6244,8507,12243,446,15312,9265,13161,17496
7801;4;0;1587;1146,15093,18016,6514,2788,13310,4987,15325,15809
8644;3;0;18652;16879,4646,9596,12056,19068,14875,6080,19075,9707
4921;5;2;9601;11243,599,16236,15865,18849,4015,4415,2688,14460
932;4;1;5912;5209,1532,12841,9020,9055,13594,8635,18761,5319
5266;3;0;1974;12757,2869,10508,11637,12297,6402,18586,5840,10502
2974;5;3;13070;7248,6655,17485,18001,3206,10469,12713,5612,8106
2811;3;2;10395;4220,6637,6487,6542,11214,2939,1316,7999,474
5948;4;2;18983;15450,14884,3435,3695,14104,17139,9478,12087,10222
850;4;1;14462;568,17029,10404,6659,9305,1444,18770,14860,11005
407;3;0;93;10159,5401,18599,2028,7970,13834,17293,14074,13616
6484;5;2;15373;1830,8442,16506,17944,15532,15116,14528,15305,3996
1488;4;2;14406;14651,15391,4596,7792,5954,17506,854,15895,682
680;4;3;1050;18025,4891,13650,15138,15231,13981,8065,16092,12670
1634;4;3;7503;376,12065,14070,3740,13464,13682,14227,14462,3190
2985;5;0;4230;6179,4761,12191,6169,14828,16368,18403,1917,7375
3623;4;0;4417;7410,1162,11638,13809,1059,8009,6738,13033,2015
3524;4;2;10815;2614,9567,6430,13939,15737,8026,6130,12361,13283
5366;5;0;10963;1121,9418,13526,3609,7277,18714,9057,76,14235
5770;5;3;10924;15525,16297,8795,12871,4603,4226,2931,10631,9372
568;4;0;16030;12664,83,15149,2397,9656,17247,6124,2657,700
8638;5;1;13058;3729,13795,7241,10002,9490,16139,1954,14357,6310
945;4;3;16787;18664,12639,1831,6663,10798,3144,2938,15780,19009
5109;4;3;9762;927,16108,14147,4551,12346,12245,17887,8765,3131
7305;3;0;918;10199,1015,6203,7026,16111,17479,3365,8318,5419
1393;4;1;11416;6945,14528,10549,1088,8249,14459,17254,6240,155
2426;4;0;250;6960,7864,4519,15979,3268,4722,6826,18245,1649
5131;3;0;2771;17057,3422,14432,17073,11823,9065,8821,3468,13044
2316;4;1;1008;10270,3323,15371,6247,17129,7535,365,14632,2878
7842;4;1;17980;8269,7211,16478,10898,14625,14463,15857,5665,16050
7713;3;0;12649;3022,16167,16697,13543,14089,18882,9050,12065,10058
590;3;1;14578;17872,3962,18996,1113,7505,11233,14253,17001,12998
1761;4;0;7842;4843,8406,18988,10001,14450,2147,7711,10068,10143
4994;4;0;16932;9866,10355,8227,8157,1608,3281,12584,15366,15731
7796;5;2;15759;12872,18515,16660,2813,331,12785,4953,5097,12146
1126;4;2;16883;2758,9905,1584,17301,17982,5913,16768,15351,6667
8182;3;2;17287;16289,8725,2087,16409,10425,13177,17201,8446,15958
6426;4;3;2019;11250,17900,19101,913,15744,4437,12566,16262,612
8710;5;1;17416;2882,18263,6211,4965,5578,9660,67,8288,11307
3631;3;0;1004;12102,5161,9792,2177,17630,1933,15653,4693,5571
8979;3;2;12157;3209,6730,2298,4899,1156,2870,9798,17766,1417
3245;3;0;7822;4262,17215,14174,9828,14888,16879,2251,13391,1228
1903;5;3;15807;13402,14857,4445,2604,1651,13,3301,12944,19146
7347;5;2;50;17478,13181,11058,8676,3958,18118,18929,14267,11593
1683;4;0;11024;10083,1916,11087,9727,11951,11548,17681,509,3895
5190;5;0;232;5531,4784,9961,15255,8775,667,18450,17322,11982
2877;5;3;12860;10753,18605,8786,16581,11983,15461,18739,11362,147
2843;5;0;12449;1970,3907,12007,6463,3836,3896,7352,17168,4295
9072;3;0;365;4816,10937,8339,13056,19116,11709,15786,16344,6118
4077;3;2;14862;15722,12091,10066,5999,1123,13532,16327,11763,9893
1620;4;0;16840;17792,7329,2296,7830,3758,15875,3297,16340,12367
6105;3;0;17894;2539,14378,11698,3833,18289,2910,12543,17016,17219
2595;5;1;17570;1932,13873,14873,2129,16372,5234,7656,17736,12198
8681;3;0;9560;1483,16038,17136,8611,17921,17558,6055,6511,5320
7249;4;3;578;14395,143,16085,856,7371,8010,3198,1283,6920
8362;4;0;9814;12872,16389,1084,3835,17836,10823,7785,12007,16130
9341;3;1;14935;18673,11200,14125,1531,5567,13599,5512,5052,8424
2763;3;2;4178;2994,9222,3293,6613,18848,8799,8194,3568,5034
5367;5;4;17507;13855,5461,11026,12126,15099,14033,3829,5805,11242
2579;5;2;4781;3847,4747,7330,18856,14855,12709,18415,10724,4855
8651;4;2;861;16176,5561,7513,14583,17877,5810,239,5153,16581
4;5;2;12083;10242,5742,7910,12900,3821,3671,14853,3701,14013
3213;3;0;2245;5388,15069,15033,1557,16631,16219,6428,5305,4502
5614;4;2;13132;6409,6385,11246,7381,5867,8544,9927,17896,952
4610;4;0;2352;11234,16616,1615,15775,8173,8996,6988,1673,18718
9085;3;0;1509;3066,18016,1029,5896,5472,10358,5654,13103,16289
5418;5;0;5166;3292,10413,4943,5333,3506,6001,5958,11336,15641
6006;5;3;378;18732,9341,16003,855,5444,4788,18475,18600,2941
3906;4;3;1185;11651,18392,9763,5096,13529,4925,15973,18374,9015
3512;4;1;378;12852,3269,7808,2391,12660,13342,13292,5561,14937
7240;4;2;15135;7755,9195,1119,847,8220,7906,5212,2691,11882
6158;4;0;378;6982,10461,15221,16424,8084,15074,6698,4226,10050
6463;3;0;1374;2079,8291,10961,16048,11230,17902,6867,18461,308
7965;5;2;7676;11457,10579,59,596,6754,16585,7707,18095,10984
3882;4;3;17436;2489,9646,17531,13674,13082,7594,371,9187,5593
7461;4;0;18927;5248,2766,9816,18175,16766,12725,4407,3252,8836
5586;5;3;4393;15901,8254,678,15476,5345,3238,92,10872,10474
8777;4;3;890;17959,2760,7595,2560,9244,12062,12962,3847,12536
5548;3;0;8804;7824,13795,11166,14955,3376,304,7570,7554,6810
7555;5;1;14205;4603,16374,10420,6635,5105,3775,18043,9341,12399
1535;5;0;6388;14056,8343,9155,15831,5421,5315,10377,793,17653
2409;4;1;14806;259,8616,159,12774,1770,18577,8741,17568,12874
8059;3;1;519;18077,14106,13964,4654,11763,10666,759,402,6665
3588;3;2;11207;15443,937,8280,8819,9639,471,17220,5251,18460
5184;3;1;483;5393,15575,13171,9362,13429,478,6299,7317,18927
7892;3;2;5164;4431,19142,16604,16979,10488,629,17271,9917,17011
8227;3;1;11532;12876,10945,3976,853,16261,7330,3221,5618,448
7940;4;0;12686;7610,3659,18565,5465,2275,12540,7813,13298,14427
3761;4;2;12588;6641,11837,18273,1883,18554,18797,11899,9159,10420
2488;4;0;8830;11480,4400,18663,9483,2439,15814,14781,14083,17770
7741;4;2;7020;16397,16900,15136,13949,5830,1625,14989,5845,4695
2683;3;1;6446;16193,13570,9733,7254,13657,6725,5895,8039,997
7557;4;0;2688;4908,6775,11326,15011,9814,2555,9059,3545,4637
2919;5;2;5314;5396,7485,11394,14929,4087,6814,16369,8721,14069
3663;4;3;14196;12587,4598,4809,17862,16893,8172,2082,13485,18012
6200;4;2;3629;5600,2250,3836,7523,3187,13701,9445,15317,5081
5424;4;1;16315;296,14917,8195,11743,3218,3525,7255,16919,17795
5170;3;0;1527;1021,6532,12612,17662,6936,1556,17526,2530,7815
3592;4;1;1487;430,8436,13524,6674,15002,15662,4837,13512,5480
6368;3;0;9284;2085,16484,7986,1650,13687,5902,13310,15360,11893
4490;4;2;378;4277,14658,13211,15067,2398,1870,14492,9765,10747
959;5;3;13508;1397,4487,15352,5224,14298,17267,10241,14323,12896
8248;4;3;4211;11377,4663,11510,15769,18956,7893,5829,2041,3278
8124;4;1;10842;688,18195,12957,6762,7336,5872,14492,579,3517
3047;4;3;7727;17288,14915,3430,1675,2979,13599,17610,17118,15300
4529;5;4;10536;8478,9640,1791,11704,14253,11798,12998,486,5986
7260;4;3;1546;9444,18280,7787,3623,12748,11889,902,16821,3648
1657;4;3;1249;4632,10880,15992,17546,18123,2573,15909,16560,11517
168;3;1;1440;7445,12788,6423,13881,9186,15004,5342,9915,18403
1092;3;0;4881;12742,10258,18186,10004,6163,250,15689,9212,15832
7518;4;2;5279;18116,6977,9253,11495,3913,8419,7146,18160,3434
4778;4;3;11828;10506,14232,17987,17885,7276,15564,8507,1099,9414
1996;3;2;2168;5758,13732,3830,3795,8346,18060,15008,18962,5019
6398;4;3;8090;16056,16506,10463,4650,7127,12560,2667,14653,16970
4060;4;1;11675;3798,11520,18450,14389,16064,8627,16674,11864,9458
4677;4;1;628;14423,4296,16968,9315,8025,18142,10193,18964,18015
7775;4;0;559;2225,1957,18621,15572,6740,10302,8152,10734,1518
6037;5;4;15799;4563,6752,10217,11215,10175,7465,206,860,12535
1639;4;2;11447;6167,5044,85,16949,14156,12955,8883,5173,7021
7540;3;1;17827;8085,8308,15900,8399,10831,10190,18702,18346,13664
4543;3;0;1961;11951,16622,11687,13224,14695,17084,16517,16685,1040
8716;5;0;3730;10971,16508,8959,15668,18101,6166,11705,689,16317
3925;3;1;17360;14334,2449,12809,4894,10229,7747,13938,18099,2563
8692;5;3;16782;19106,16538,8383,16180,11258,11793,11727,4297,1027
441;5;4;10545;2534,17870,12226,4414,8518,7480,4568,10610,2806
5321;5;4;16806;10373,13971,18043,9858,5196,2383,9797,4747,12294
5843;4;0;18602;13362,2797,13845,4054,11162,4872,7352,14121,13277
4213;5;0;7824;13037,3476,9536,2273,8715,9071,3348,297,2606
2444;3;1;14662;17264,17452,14849,10415,14908,2238,7556,12548,1016
2181;3;0;6388;16297,16564,15825,8643,11943,8848,7798,16072,4772
3115;5;0;18142;2127,15819,11705,7774,9006,15472,4206,4734,3534
5708;5;0;15140;7408,8502,15408,17747,7799,16283,8489,5740,13714
2788;3;0;12283;6649,3476,6468,6415,4198,9696,17568,420,10745
822;3;1;16792;13636,8722,5554,10020,494,10,17398,4776,11304
905;5;4;3057;7488,13736,8057,5541,14023,10353,10957,14844,17946
5003;3;1;11551;13467,8048,9922,3726,11411,6946,12026,15508,15616
4454;4;3;7020;5302,9491,371,15890,8297,5351,7158,4224,7392
999;3;2;4722;3237,9787,11579,6480,8421,13252,12477,9699,4255
8359;4;1;18927;9748,4339,12689,17470,11779,9279,8116,16683,12385
4002;4;1;16167;12597,7482,11990,16005,13995,6752,5933,789,11140
7989;4;2;2989;9491,5968,2402,5481,7537,2807,13688,12905,5415
8830;5;1;15970;10187,3975,8727,1000,1543,13163,5555,3756,2870
6568;3;0;14679;550,18512,5903,10788,19100,4402,9124,5565,17882
6160;4;3;9057;18780,8902,442,12633,12711,2396,1587,15742,9112
3847;5;2;3199;4464,7948,5863,3040,17262,14848,6199,15949,3837
4673;4;0;11253;7855,579,16222,15538,16938,6750,7027,17230,1419
2626;4;1;4659;3673,17423,17877,8316,4519,11829,13263,367,3453
9358;5;0;13378;9050,3749,7396,2254,2478,7590,4697,1071,12541
7956;3;1;628;5584,12429,3984,9581,2119,1088,9213,16574,8090
5250;4;1;929;11817,18742,10418,7893,13663,9976,3530,11237,10892
6295;5;0;16972;18031,11924,18635,13938,14767,16661,12955,17266,5486
1971;4;0;17023;17164,9025,7159,16519,5290,1304,9308,17393,12348
3542;4;0;11256;1057,13907,7137,18570,18296,16274,17188,8678,10717
8942;3;0;1992;4040,2712,10515,17643,12081,18175,17263,13591,6890
8797;4;0;8343;10559,2604,2549,12950,11428,17453,15388,12523,7268
2058;5;1;15760;18932,13583,7198,17881,7389,9689,11631,17062,774
4707;4;0;18602;11014,5804,2831,5583,13196,8988,14121,11243,13145
3190;3;0;1204;14248,18728,7424,3961,188,4207,5586,17085,14900
2352;5;3;7317;5103,15152,10488,7038,12259,15808,15433,6912,7609
5725;4;0;15885;7582,15497,8459,15365,7945,1991,8145,4856,17338
2517;4;3;3174;17728,1818,1272,6417,18979,1201,6646,7718,18734
1213;3;1;16929;8383,15726,8629,4208,5581,6870,995,8802,11727
8762;4;2;155;175,17552,8025,4778,15265,18249,2125,12864,15753
574;4;3;8553;13155,5475,10929,6793,2047,9259,18927,16125,1008
2516;4;3;18286;526,11619,17534,6680,11043,814,15155,16350,15872
2908;4;0;1440;6310,445,16809,10880,6655,12391,13449,17261,18655
3677;4;2;11767;17201,7271,16407,7183,4511,11123,9511,10865,3066
4928;4;1;16181;12752,15072,3767,4513,2489,18950,14983,10660,19092
6117;5;2;7461;3734,2367,15539,11630,9860,10135,5832,10386,16402
6479;5;0;899;10362,18629,7457,2986,12884,18150,10770,11169,276
9047;3;1;18448;8060,13746,12900,5268,4986,17929,12083,3233,4968
207;4;3;12284;7826,18984,14341,16060,9145,18830,15466,1200,6395
901;4;2;16024;6149,9563,7277,15076,2516,368,6367,13595,6514
3477;4;2;931;4093,5820,14952,7195,8547,8401,4839,1948,1717
3432;4;0;1509;15810,2993,18888,12176,13103,1130,7181,1560,8725
5338;5;1;8164;5909,19061,6599,2223,1763,7907,18952,7822,15344
3505;5;4;12300;8373,18929,15865,5919,16797,5735,12478,18116,3244
6478;4;1;1373;173,9244,8564,17604,7943,11499,14828,15460,16662
3105;4;2;3678;5784,5417,18436,4040,17181,7382,10117,4327,4965
4887;4;3;9007;6984,11143,6864,176,1776,14893,838,13555,9245
5358;4;1;16099;287,15281,15667,5899,8421,5196,10116,3593,2634
5415;4;3;16774;12083,17059,18864,3494,4039,6800,17198,8060,551
3905;5;0;2013;6583,18588,12430,9278,1537,2625,9281,16942,8981
8702;3;0;12607;18523,15414,6011,18894,1370,3523,10556,387,16712
6175;3;1;1717;663,11254,12931,15288,17721,5800,15505,6644,988
6941;3;1;3050;7527,1148,19062,3736,14859,5857,3204,4488,16849
5694;3;2;18039;17260,5251,11790,800,10053,10337,10223,17780,8478
5808;5;1;12068;5843,6888,9475,16708,14965,8989,19104,7045,2167
3159;5;1;13271;9236,17034,18327,7930,5766,1787,9188,11550,8416
378;5;1;8574;11326,5573,16644,3025,14603,14864,18687,5360,13934
6374;3;1;15150;18847,13933,13267,18216,18855,15048,7084,968,4317
8660;3;2;10543;16674,7865,9240,9105,7497,728,4146,18734,14954
8465;4;0;3333;5579,3879,13646,15762,17792,5051,16265,4767,7753
3714;4;0;1587;13868,7271,3652,609,9418,76,2417,10643,7917
2295;4;0;15865;17124,17523,7438,5097,8167,18335,5279,5534,8346
4807;5;3;9718;6913,6853,250,2149,11848,2257,14001,16946,6881
4230;4;1;10291;7996,8409,13078,5951,11426,226,6626,6997,955
2075;4;2;5030;17206,8431,15791,15457,6968,10975,4766,5769,17404
6453;5;1;16144;35,709,15903,9975,13608,18730,14770,16573,10232
1120;3;0;2487;12370,14844,17854,5718,17638,9995,4053,918,13467
6987;5;4;13196;17446,11387,16379,12240,10246,17478,7557,16236,16644
2858;4;0;1004;6031,14367,16617,5975,18966,14791,4109,12581,10880
3935;4;2;14646;4919,6070,3928,17587,8175,9565,12314,13137,16425
4756;4;0;2455;13277,13122,17586,7713,16530,4363,7454,18603,17124
3605;3;1;7292;7820,13640,13426,10002,10859,3417,7214,9696,17560
8524;4;0;2742;6440,13095,13745,4899,445,16120,9651,6564,1571
6594;3;2;356;15045,5475,2534,12503,5776,886,2938,9262,13247
5486;3;0;2093;2779,141,18839,7845,5247,763,11024,2243,3741
3649;5;2;5309;16416,17564,16364,18459,13112,15693,10640,12251,5611
1866;5;0;3966;4027,4436,7561,10386,3490,412,15044,10780,9789
1888;4;3;378;9145,8606,2231,5827,6691,12834,6898,3688,12208
6199;5;2;14270;11032,9897,6169,7077,12406,13346,16077,3385,4865
4393;4;0;8646;8635,2771,3587,3953,15963,13999,18945,8812,9334
6745;4;3;999;8721,10185,9900,8420,9301,17234,1147,5777,6995
9191;4;0;5826;13930,15330,13863,12171,13272,12800,3307,10029,7414
6675;4;2;378;6518,12294,7321,10378,13835,6407,3563,16290,17647
3343;4;1;11669;12557,16049,11543,4775,2673,16765,678,5866,5432
1974;5;2;5124;3925,8660,10653,17118,5606,3348,431,6444,18276
1503;4;2;378;7124,3691,262,8671,14147,6993,197,8410,4716
5308;3;0;16233;18084,2752,18090,366,9001,11255,1192,1242,679
2716;3;0;1454;8951,16425,6172,17814,3241,3928,3447,11597,16022
749;3;1;472;6770,12486,17831,16759,17142,18608,15279,11910,1192
3352;3;2;14681;9670,8069,350,6879,14842,13797,8854,3941,10515
6596;4;3;17829;10665,12930,16719,5432,13613,13078,11960,17444,56
6824;4;3;17608;3274,17927,9920,8275,17864,1102,4251,9444,17784
9181;3;1;1938;10538,7588,17871,18982,11444,6213,3029,3092,9664
3361;4;1;4555;5696,6028,4760,18175,1008,18113,15670,5615,2036
4361;4;0;2315;15273,3382,12303,7649,17880,2952,19053,14625,6685
3264;4;1;1487;528,13102,6145,4175,9125,12229,5425,14586,4837
2173;4;2;3509;9686,8953,9857,12365,4307,12858,13702,5831,14685
5241;3;0;5171;8204,15295,13853,17769,8518,18271,9399,4890,6902
9315;5;2;12671;3543,10218,10962,11655,13050,14272,15024,18155,12702
1429;3;0;2030;11166,5238,159,14333,5296,15760,5487,10649,13950
8134;5;0;18751;10721,11014,9665,16725,10530,7146,16494,2790,16307
4694;3;1;17976;7093,17056,15575,5175,15653,10515,15866,968,17229
8781;5;2;683;5445,10032,13863,10378,10782,14660,18992,14648,653
204;4;3;9324;2020,2432,18932,2358,2449,9868,2529,17097,16969
221;4;0;8745;444,17836,15446,6775,5279,13701,18849,8482,17972
6318;4;1;127;5998,2358,11716,12075,14907,632,10834,12591,14302
8549;3;0;436;3010,3820,9661,2497,995,4297,6214,17292,4179
6552;4;3;3957;15811,8458,1942,9914,8752,12558,5912,9850,3610
6081;4;1;14551;4843,8440,12050,8316,1063,16580,13252,14753,5315
1515;3;2;12485;10052,10395,7516,6222,15655,1580,18593,7709,19091
2668;5;0;2005;7616,2920,14478,11258,4336,15965,14916,14641,11363
9372;3;2;4327;14412,4495,15575,6912,12815,18290,18555,14717,13218
7812;3;0;6492;18569,15400,12843,13486,3909,608,14174,10375,16636
5188;5;2;5831;12662,5483,6926,14094,2347,6188,6915,424,13151
1522;4;3;11189;3830,12995,14080,13544,6606,16820,15865,15105,18116
5319;3;0;10978;17439,1735,7187,13859,15863,18140,13184,13147,4259
7431;3;2;960;1534,9042,4924,17008,13599,14184,4176,6658,2200
5215;3;0;1568;16604,5120,13733,3429,11121,18438,11731,11976,11489
1512;3;0;14102;4820,12381,16535,9863,6861,5407,12428,6888,1465
8330;3;1;1904;13920,5905,11645,9729,1611,11255,114,2324,3530
5642;4;3;378;5281,6460,17757,2822,2634,16303,2637,3268,630
5721;4;2;1885;15808,16993,7306,13379,4365,5447,7110,15431,2878
4895;4;2;945;480,6827,662,3396,929,11439,7726,7425,283
2942;4;3;1242;14705,11100,2324,2578,779,114,18484,2105,13920
333;4;2;378;3688,9964,11611,7524,11878,7842,14605,16424,18818
970;4;2;1148;15948,9430,13472,3581,7904,4437,4695,7962,3445
4409;5;3;4053;11551,13431,6943,12160,12080,16695,9894,5115,6203
6516;5;2;3899;12274,5507,4470,1068,2817,11457,9887,12516,11987
7609;3;0;1417;16978,9507,11314,17681,14481,468,12102,12276,1677
5042;5;0;18000;2849,15798,13562,18003,14973,15494,3917,9775,16964
1168;4;0;93;10772,2742,11822,3192,11369,17187,8358,15970,6528
4513;3;2;4106;8773,11148,3901,800,9409,11927,17707,4354,9639
5626;4;3;11463;16264,13394,5827,10004,4472,618,11044,15705,16454
6337;4;1;378;16347,6488,6648,17863,10742,1419,14952,5810,12171
2311;4;3;10846;16821,13070,14981,14760,9730,4487,9327,82,2649
1274;4;0;16095;12020,17277,13110,4157,9660,2031,5700,17289,11466
8485;3;1;2005;12937,6060,6739,5782,8908,14505,15037,16929,833
8764;4;1;1959;9279,3583,7622,10304,11268,4123,2248,840,15880
7643;3;2;4677;9002,30,15221,11616,13076,14982,18528,13528,10730
1547;5;3;3113;9421,14122,5893,6140,11566,6372,5199,6431,16863
8652;5;2;8558;17717,7716,14508,11242,11153,10366,7422,12918,9821
8789;5;0;10453;1636,3118,18331,16886,18050,10477,17673,17596,146
5524;3;0;5885;14841,16213,13473,4999,15121,14786,13325,3728,766
6919;3;1;11741;9501,8363,1040,14896,14787,11395,17930,19026,11705
1454;4;2;4719;2505,15135,12393,1199,16559,15225,16039,11236,3657
5246;3;0;6166;596,19075,5994,2887,11146,14536,16056,14204,3089
9337;4;1;1919;15819,14457,7988,8734,14179,14458,2366,6889,9100
1133;4;2;1621;12394,15425,1892,5937,12358,11783,12313,8287,4750
1410;3;2;4039;17195,4684,3481,2497,1089,14654,11965,2619,4968
8152;3;1;4487;12361,11410,8519,17927,15500,14088,1311,9577,7348
3025;3;0;2005;18640,17623,18835,8020,6060,15222,10993,8820,706
2237;3;1;6831;7754,18891,15425,13799,8658,17338,12218,2986,5089
2729;3;2;14232;8456,18126,11966,5965,13712,948,14563,8572,18856
9066;5;0;2370;14398,16920,5838,13767,12025,4094,583,96,5611
4825;3;0;12961;4964,4537,12046,8798,2812,12629,9721,10349,14061
1979;5;2;7927;16311,18748,9450,7907,5292,13259,13751,574,13120
8579;3;1;9990;13254,13353,9849,11183,801,1238,8138,5436,14898
6057;5;4;13435;8355,8116,17565,8208,13761,15866,17902,17354,4957
2106;5;2;6800;10147,2378,1027,17929,17309,18814,6280,17947,3977
2079;4;1;15650;2007,10447,19047,16618,6666,10284,18837,496,5618
5121;4;0;7019;6289,4683,9222,8977,7966,4035,14022,132,8737
2217;4;3;378;12346,13801,197,18236,16009,18388,17738,16675,16851
3549;3;1;3111;3646,18355,17129,9535,13432,13862,13534,14016,6320
424;4;1;683;12743,11866,3825,14753,16303,11943,644,15627,9989
2954;3;2;17401;4186,9646,16830,12018,13922,17484,1174,16601,17419
296;5;4;7451;6440,18699,2047,5834,4567,14577,12667,6212,2988
7117;4;3;888;12488,18461,11620,6782,4098,18146,17565,438,17088
8294;5;1;13671;488,13272,8786,6321,10748,6670,2839,12931,13816
6981;5;0;13254;13044,5772,12137,14326,15651,2060,14005,9201,4437
6538;4;3;378;2559,14878,12871,2524,3225,9589,7669,12860,5318
6921;4;2;378;8539,10099,19042,14322,4723,8493,4649,1827,8547
9094;5;0;5105;5280,10677,10638,14605,6139,4649,5800,797,4866
255;4;2;1004;2481,18626,16173,14928,7814,17688,3379,3209,1107
4035;3;2;13176;2362,7539,126,4681,10427,17383,1320,2835,10891
4156;4;1;15541;6099,10668,15988,9085,18094,14750,12341,17607,168
741;3;2;1370;8380,3071,6389,13424,14096,14346,5974,6471,11205
6193;4;0;14496;10642,3601,5983,11012,12167,7123,16844,13999,8297
6086;3;2;301;1661,2046,2899,10476,5631,4871,900,4629,11606
5889;4;3;15689;14052,1063,2763,8539,8091,8245,3395,18234,10739
637;3;1;18871;1134,2084,3603,980,6273,7981,15366,6809,9130
190;4;0;972;18442,6935,7280,7621,10948,5323,57,9186,5108
252;4;2;11805;12778,14081,4741,12190,3435,6743,10222,1062,11787
3731;5;0;5928;12561,6072,6750,15935,17863,9675,17182,18273,10291
5110;5;3;3201;6589,14926,14287,17401,5351,13525,2060,2530,1575
7774;5;0;7822;2130,5423,11639,9100,18182,4470,2817,18730,14879
5906;5;3;4752;6443,9849,10799,15086,14429,13725,8359,10408,3833
490;5;3;3956;13940,13856,1543,7038,15238,16787,15080,16770,4079
4226;4;0;1705;13147,17601,9889,14230,2020,18760,13621,10812,13421
7625;3;2;11935;13059,2663,4107,15590,17601,1472,7820,13347,13164
1443;4;3;11630;11768,10627,4235,7308,16305,8414,11935,15863,10918
4019;5;1;9899;11843,8979,5596,6544,12873,1991,12673,246,14754
3767;4;2;666;17518,18467,14456,262,1425,7833,4313,6961,16596
9338;3;0;1004;3890,7956,16849,5560,14724,17940,11816,18562,15790
1016;3;2;1060;17357,13196,4821,17295,3835,5534,18620,10650,16725
4466;4;1;2080;12017,9068,5271,1320,6381,483,18418,3252,13834
9295;3;0;12634;13786,11011,915,11884,11800,2011,3276,19062,9414
4641;5;3;18715;8905,6741,785,12619,18598,4425,12764,8602,16787
3116;4;3;543;10434,15182,14931,6945,16322,13120,14785,11059,13052
3489;3;0;19141;3589,14331,4307,17320,6545,301,3738,389,3590
1180;5;3;18643;2705,2940,5834,11217,11391,5358,14435,3144,914
6517;4;1;483;14506,17698,5484,13762,5032,15490,8212,1047,11867
825;3;0;7876;6062,13907,13444,8232,9499,2237,15315,8678,9795
6559;4;2;116;13752,3021,2061,149,12208,3453,3978,2808,7161
4681;3;1;956;1629,16847,5034,14154,3024,7966,5413,8948,6131
7274;4;0;13499;7904,16397,16261,12752,14924,18945,4893,9266,3163
2014;3;2;14262;15679,9390,17214,3653,4791,18725,2224,4376,218
4517;5;2;17862;14802,19083,5949,18797,2974,1717,2841,12420,2524
7463;3;1;16563;16440,2706,17430,1598,18093,123,1095,9420,1346
7634;3;1;8057;14352,12502,2393,14315,13661,5407,13471,11541,17935
1687;4;3;7171;13377,9120,6930,6201,182,5627,7341,493,16981
4113;5;1;6872;12393,8648,4719,3657,398,9578,659,16610,16711
3232;4;3;8618;4914,12266,14750,328,16898,7950,17370,13824,18038
6378;4;0;11988;7409,663,17423,10707,6982,1061,18959,10732,15367
8047;4;0;14939;17139,3127,11423,9076,13589,11719,7769,15475,5897
2061;3;1;1306;12444,2810,6718,11927,16281,8581,14151,8708,15443
2698;5;4;6074;4845,18373,16686,4788,19148,5445,10029,3301,2231
8734;5;0;18273;3303,1200,8065,11977,16921,12036,8855,12281,13850
5597;4;1;16099;12482,17104,9718,9913,14001,889,6499,2391,2383
111;5;4;16531;10033,12007,9004,3958,10530,16236,8991,16660,13597
7847;5;0;1469;4467,4887,9688,14262,10034,3283,7288,16030,2148
108;5;4;4478;12261,18492,10110,2213,14534,18127,9376,307,12130
6620;3;0;1004;2534,16979,17084,2177,9393,10356,11620,2764,2782
5653;4;3;7711;18713,13470,8580,10591,1257,6644,15263,19146,14952
6729;5;4;5725;9963,8015,1090,13052,4,1599,16137,7857,2642
4021;3;0;18340;921,4833,16267,15786,13474,12162,15630,15218,5447
4830;3;2;14334;14157,11838,18427,13889,8414,13626,6254,10861,19117
695;4;0;10640;3486,5392,14634,14630,66,16614,2465,6617,17564
6067;3;1;1059;19139,9043,14570,10510,2316,3291,7256,8062,12829
8746;4;2;2004;9286,1827,6072,5949,2356,3334,14306,15370,16222
8545;4;1;3233;11363,706,16772,1089,16533,4968,12052,8362,8498
8787;3;0;2260;4096,10571,19058,11965,2143,13957,6739,4968,2005
9290;4;0;2449;10415,2029,5505,7418,15529,13629,5162,7853,15877
4717;3;0;1587;13526,18888,9284,11403,2117,7277,18364,15666,6363
6005;3;1;3649;4833,4704,6654,9259,10775,6426,14847,9859,6078
897;4;2;8387;1235,10032,14164,147,1649,8406,14238,6014,14302
7109;5;0;16544;2508,19165,16280,13611,14287,14448,18524,10301,6576
8880;4;0;13097;14225,3661,12880,1040,5447,5216,10488,17940,2265
3622;4;3;1874;2631,10782,7219,10591,8084,13236,1941,9714,1649
8007;3;1;17787;12106,3500,1305,3227,485,10441,446,16177,1977
4330;5;4;14267;230,5534,15392,7462,9003,3629,13275,9768,6892
6063;4;3;7575;9295,11566,6140,11446,9410,4361,4923,6650,17796
9156;4;0;2356;19124,11669,1100,1213,8162,6147,6602,488,16072
3693;4;3;85;19045,18937,18706,6254,17635,16539,17550,18854,1168
2485;3;0;2005;11965,17996,10332,13125,12754,7025,4968,12104,8362
6820;5;4;5874;13573,2063,11447,7957,3861,18276,16642,13483,11525
3430;5;4;15372;17566,6510,15209,9319,5340,13113,18418,16334,10867
7406;4;2;15142;9884,2211,5726,13977,15174,8948,2994,15514,17285
9236;3;1;8805;7538,990,12762,13736,12863,14844,14351,5894,12502
866;4;3;8241;9445,12995,16337,16145,14078,42,2168,10816,807
9193;3;0;1794;4753,9543,2435,482,19083,147,15538,3178,15648
5629;4;0;12501;16694,15947,4034,13334,4682,17348,10083,5417,6564
7664;3;1;11875;10503,2074,18167,1468,4523,2111,1516,16870,2872
6264;3;0;50;7492,18899,17530,15317,14045,16805,11383,2790,19077
9198;4;1;2005;14641,3233,8060,706,2775,10982,11948,15793,10147
4086;5;3;6511;13039,7178,10276,2550,15362,15750,13865,18510,15139
5428;3;0;1519;15358,10940,16623,18337,15302,12010,15310,3201,16285
2925;4;3;16673;11428,1291,13133,13981,6160,1857,6499,13540,12993
5585;3;1;12346;11825,15115,14306,16564,7448,4009,10180,3118,11503
5078;4;0;12498;9807,13146,16685,17075,785,12656,16048,11687,10545
9334;4;2;1513;18275,1128,17468,8204,1618,5164,17294,1849,7970
4963;4;1;9;11250,6252,1347,13305,15208,15361,10209,13044,16021
3694;5;1;921;6934,4905,13455,11548,17116,11881,1849,11641,11313
223;5;3;11550;18001,12748,12945,9108,3389,922,9854,5629,14298
1062;3;0;1587;9288,18380,18692,11767,558,4714,14028,12975,2155
6307;5;0;10961;4912,15223,3062,499,6381,4425,14818,7087,15218
4264;3;0;1992;9397,9106,16189,17129,18796,13619,1047,2915,1360
9326;5;2;10866;7547,13228,5033,10510,9043,14570,8157,1547,2015
8955;4;2;18512;18383,17100,3279,17882,14083,14150,12495,7329,15302
4439;4;1;5616;987,12084,7259,10616,15737,17772,1102,7393,14374
7764;3;2;7;7334,2007,11336,19028,7673,3903,3709,3873,15066
8167;3;0;4858;10438,9749,17715,15821,18337,12417,16139,18510,4182
7276;3;2;8728;15063,13665,6268,2154,14975,496,17418,15053,3468
2305;4;0;18270;3901,15954,9047,4102,10525,9389,13202,12694,15978
3308;4;0;11791;13855,2159,11093,7712,79,18960,13537,17717,8558
8401;4;3;18113;18715,10698,16282,2265,2081,11820,282,19018,2705
7136;5;4;4452;175,12,7927,18074,10308,15012,14301,5507,8100
1444;3;2;17896;12078,11749,7303,14869,9927,16443,1405,6385,6413
270;4;2;820;17656,13888,3728,18035,16581,14812,10031,14952,10388
5717;4;3;1886;1371,18110,12489,5631,7597,8597,12835,15993,18572
9132;5;0;8923;1722,16219,15272,10525,14714,16313,16687,15046,18701
4552;3;1;15069;3491,14245,13193,15954,8224,1306,2654,17301,1328
2719;4;0;10131;8798,4270,10125,4381,8735,1747,1686,1435,4964
4645;5;3;463;15094,16271,5314,15716,1499,3867,16458,10030,11289
4350;5;3;9768;14864,11326,4556,10028,16835,13217,8167,9067,14373
7259;3;2;547;463,4387,8287,3064,389,8103,1861,10476,1159
9061;5;0;434;5096,15612,7857,16051,6168,11197,17141,9231,10518
624;4;2;1316;12623,19091,4220,10421,14271,10841,5740,5249,11903
3561;4;0;3526;18074,15668,11894,5285,11705,13530,2985,7495,12843
8040;4;2;16825;3545,18160,2431,5279,10721,10764,14223,7125,18620
6677;3;0;3518;13663,11595,11439,15769,5076,2382,18986,13549,17248
6811;3;2;10244;16126,13359,5076,10248,2324,10736,679,14428,3625
4812;3;1;923;4062,13500,11727,13471,15361,1355,4065,10146,820
7332;5;3;12331;15968,18209,17236,3914,4310,9865,2985,18189,15894
3218;4;1;6523;16496,8637,9430,7188,19155,2530,17410,15214,1510
6155;5;4;13049;766,16581,6982,2231,1140,12993,4817,4121,6290
6036;3;0;3756;13852,13648,15095,14308,9399,8954,4567,5171,500
3891;3;0;1417;14162,12494,8680,2835,6561,6114,18584,12699,9494
241;5;3;14978;10571,8908,5581,12754,3286,5181,13838,11727,15219
9081;4;0;7239;7457,6709,4757,7801,1739,17569,12299,326,18698
1028;4;2;1760;3658,11996,9915,407,6680,18140,10251,8677,15445
5699;3;2;6620;9315,8259,9959,16227,10342,19061,12039,12500,716
1156;3;2;568;10404,3848,12597,16105,14358,10102,4888,8789,860
4068;3;2;1838;10071,15434,10771,9795,13282,3955,8043,17007,9409
8674;3;0;15248;8465,18266,9613,2131,13752,5926,11231,14341,12350
3280;4;3;15187;11864,7950,10455,9166,2448,5469,19,2404,4223
1668;4;2;5598;4122,9661,14293,10332,13941,16191,8820,12083,2143
3076;3;2;9051;1147,3275,14201,3436,842,5704,536,11720,15207
2868;3;0;972;786,2580,15718,12441,10213,13636,9271,9650,16981
6047;5;2;15808;19159,2477,11560,8059,4365,8395,8488,14833,10774
7849;3;2;7806;2778,8423,12972,9359,14333,5567,10699,12267,2358
4932;4;1;6396;5024,13389,17347,4919,17729,16329,3295,17821,3988
3678;3;1;10060;7615,19164,2212,2084,8311,6273,5033,8524,15439
7798;4;0;2657;11295,6684,17895,13457,6441,4675,16888,4612,17907
504;3;1;13739;6594,1351,12702,9591,396,7401,3496,5921,12910
422;5;2;1525;7335,13787,15786,4693,11010,7122,4109,9303,7306
1755;4;0;2516;9873,1587,9063,5978,2933,18888,5654,2788,1130
5849;4;1;5537;16033,3832,16993,18562,18796,12815,16195,17524,18723
7127;5;2;11803;14755,6774,15988,15603,18465,13398,4227,12674,6181
4096;3;0;5253;7241,2001,166,15741,18985,10715,9477,7369,2191
5054;4;3;1085;14639,13254,3292,16261,7096,14114,11317,4286,17792
676;5;4;5373;8346,13962,8796,18261,10854,2688,13732,13921,14864
149;4;2;378;11932,2877,6397,9505,19148,15054,10485,2714,683
1973;4;2;8543;18611,11669,10027,9155,12388,15416,12321,16332,11253
1569;3;0;7331;7161,8317,16295,6197,4804,15416,5759,14362,10340
6211;4;3;6642;15751,10489,17008,18400,12241,1633,9958,6453,4322
6530;3;1;11629;1005,2338,7289,7569,7755,1018,5455,13740,3020
3793;5;3;5047;1429,7562,1869,2614,605,14252,5649,11591,15547
4253;4;3;11410;1928,17608,8557,14602,13891,18327,9749,8105,2614
213;4;0;11779;13857,15080,18426,15779,6104,895,4157,6207,15957
1814;4;1;5153;5928,6107,10453,4364,2131,7711,15176,11977,14108
6895;3;1;13841;14347,8348,3212,6337,17294,7335,10486,1513,7905
5004;4;0;17263;1460,15209,1374,2724,2957,7728,14779,5846,10698
820;4;3;1312;15656,19136,10047,12329,17422,6832,2469,15805,10034
5786;5;1;2656;12021,12761,5067,14616,17977,13152,1051,5210,13787
6505;4;3;952;7233,2730,11749,13459,4473,8565,9895,2088,3791
6518;5;1;8446;5472,3082,14715,2117,7271,2087,5989,4511,13526
6756;4;0;10332;12083,4627,11258,11624,18083,16772,5782,4039,16279
1571;5;2;15159;7259,18036,18936,2283,10526,11555,11889,17784,13508
6588;5;4;378;14952,11303,10180,13255,3631,6072,5538,12952,5678
4043;3;0;7671;13686,4711,15749,15414,18283,9992,16712,5996,13967
5984;5;0;2677;797,16094,11352,7560,14571,12957,10291,4445,7692
9182;3;1;8755;5838,7769,66,3435,10222,656,17590,7923,6640
9253;4;2;12862;2640,3790,2405,11870,17475,3411,12504,5541,6968
4404;3;1;536;4934,18369,13656,8738,1576,165,3867,17664,10362
7060;5;1;14502;12172,15369,3297,14716,17715,7356,330,502,15638
5449;5;1;7279;18398,18322,13806,9810,9076,161,7278,6221,11719
5146;3;2;17200;4729,15900,10796,4102,7250,6852,4581,16313,13158
1296;3;0;2625;1974,17774,13045,5267,15220,2104,9425,11694,498
6439;4;0;900;19093,7361,11406,4057,2863,13317,11042,7377,18572
4810;4;2;18861;13581,12894,10815,2983,3623,16391,13271,2283,10341
3194;5;4;9568;7536,10975,7538,10126,508,1329,3342,16987,2272
5877;3;1;11434;4296,18952,17754,18678,543,8529,17873,10463,13530
8695;4;3;7711;4226,16073,2883,16707,8909,18623,9714,16176,4190
9239;4;3;11625;15387,2652,5381,14871,17708,13634,9741,2542,7584
7311;3;1;1630;8124,14632,11323,3678,19116,18426,16483,16989,9406
2695;3;2;303;7115,13719,14458,7022,11461,3261,14522,14834,18188
7997;4;1;15947;7609,1374,12749,6030,8211,1610,16853,15520,2039
5208;3;1;114;779,5829,392,4895,1968,572,13258,11684,14555
3094;3;1;18643;9651,9820,2511,7084,7605,14369,13435,785,17055
489;3;2;2049;1779,10047,15679,7288,1469,7611,2460,15656,3207
7871;5;1;11701;6036,14332,18560,3142,3345,10262,16999,11121,15812
9217;3;2;17079;8548,1661,1739,11933,6416,5000,15365,4143,4268
375;5;2;1490;1693,4696,15306,17895,1171,12239,13411,19136,10602
5167;5;0;16389;10823,529,3357,15008,12825,17357,8403,17124,14619
733;5;1;14757;3678,8372,13761,16267,18216,2882,15150,5355,9651
8977;4;1;233;18291,5700,17408,18842,14572,12807,12501,7013,16560
956;4;0;1644;16742,6585,17804,9076,7923,2792,9478,9296,13954
948;4;0;2949;12366,15686,13540,11511,2004,10477,15538,14878,12957
7068;5;3;378;12323,6713,9086,565,2947,13715,1771,3477,19146
8572;3;1;2048;6314,12038,1944,16708,1329,11622,12362,14158,9863
1739;4;2;10657;1184,6808,7968,5729,16366,3523,1979,6311,1150
7;3;0;6952;2901,11206,8234,13529,18142,10787,4778,10984,10375
1339;4;2;230;18495,12481,6315,1399,1744,19077,9616,8988,11413
134;5;3;12381;15718,9650,1007,7564,9568,9350,15071,2307,7621
6313;3;0;2005;18967,17309,18814,16349,17996,16774,14505,2619,7985
268;4;0;2365;16422,12539,15829,16099,7321,2916,1031,7808,11878
7779;3;2;6288;11764,564,12243,3324,11921,6437,5390,13794,12246
5819;4;3;239;12414,18131,6644,5690,10674,17003,4723,14878,5138
5015;3;2;6153;12848,6681,18072,10586,7996,10778,2229,14140,8855
7206;4;0;15907;14352,9922,16028,7564,12832,14273,12080,6888,14417
3057;5;1;7127;8265,5144,2895,2667,8367,671,16065,11651,17968
538;5;3;7719;14456,10281,15799,6482,4378,2680,6757,18677,6690
8266;4;0;9359;9042,7296,15501,18854,17652,10632,10935,3224,2445
1080;5;1;3687;12846,7630,9828,17712,13529,1142,2978,1224,15532
179;4;3;15686;1771,3023,16090,4891,18637,14605,15538,14583,8547
5134;5;0;10477;460,7124,1827,15084,931,3786,11428,10559,6907
7468;4;0;2432;15128,3215,17652,11631,951,12663,18480,4259,12809
5433;4;3;3330;12713,18327,5639,13283,4489,12084,10538,8701,7423
4415;4;3;5303;18192,15028,6977,9673,2576,18267,16047,4531,331
3191;3;0;11915;812,11365,17368,6903,9470,15819,14720,4310,7988
4027;5;2;2203;13007,11543,3516,6072,5130,12143,11044,15938,16505
7696;4;3;1095;18093,3258,2706,123,17430,16563,9420,16440,1598
6111;4;3;139;16413,5353,16376,18718,9539,15775,8056,15587,16277
2980;5;1;17886;155,5789,9054,18015,17944,3529,19063,14879,16573
6396;5;4;2019;8760,7313,19013,17557,15169,15875,7624,7809,4583
8151;3;1;12248;2869,6609,15715,13178,11111,8981,540,13160,5180
8347;4;1;378;12113,12559,16417,13728,17805,11808,10559,13909,14168
6693;5;2;16458;301,11892,1621,7450,12147,1753,9918,16110,2682
1460;4;1;116;11105,12642,16777,11986,16118,10143,15476,17665,9987
3436;5;0;5604;17653,2865,390,5417,3537,9424,3312,14502,329
534;3;0;2005;14916,14013,18176,18448,13704,12104,15037,9750,6676
2855;3;0;875;7505,12019,17132,17403,16239,13383,17541,10825,721
1322;5;0;7579;1017,18443,2773,4606,3207,6362,12868,4404,9656
486;5;4;13236;6342,13528,15281,10757,16302,9010,9152,15104,8649
1182;3;1;987;5224,9444,3092,2720,16746,15659,14602,6794,9194
2147;4;0;1949;18006,6515,3846,13743,5314,900,5863,8473,12103
8462;5;2;9260;57,4571,9568,10957,9932,4776,5108,8724,5554
7533;4;3;1796;436,13952,16279,17198,12083,4336,833,14637,16772
832;3;1;18508;8535,13315,17113,17405,10831,8023,10065,15147,17238
5833;3;1;978;9403,5984,10243,6269,10664,9957,16683,13334,2943
966;5;3;683;10874,613,17221,10472,10753,3307,4130,7501,10477
4200;3;0;17718;2152,5423,13391,12864,4795,4076,5752,16968,15373
315;4;0;2005;16538,5036,9417,14355,15726,2143,15580,2299,7025
9344;4;0;9077;13388,15831,5381,7368,15839,16092,11008,3946,10373
6851;5;4;8564;7792,4761,11862,1383,2255,1815,851,5520,11524
5275;3;2;9632;2075,7188,14018,7017,14058,2285,8813,10954,1260
4616;3;1;7340;16279,7985,14916,7406,348,3494,2378,1512,2260
1302;4;1;4677;3300,15901,15115,9667,10498,10182,475,18623,9718
7689;5;3;2016;13810,10262,350,5139,2959,1156,12784,1736,12136
3903;4;1;1118;15846,12957,4881,2805,10001,15083,3416,16119,10665
2907;4;3;3394;2460,19097,9831,4236,13000,13457,7934,4323,11295
6825;4;2;13367;9688,5400,8216,10505,16341,17247,14321,14082,2049
8556;4;0;8358;7760,1959,17263,4016,12985,14709,16546,3154,15871
6814;3;1;3296;963,18463,5248,11232,8358,5170,8087,14544,15654
3379;4;0;17974;7450,5086,11023,3436,8055,1012,18661,7439,18213
8675;5;2;17091;16341,3839,11295,16197,13055,4675,5672,10162,4376
3161;4;3;18286;9843,11175,9401,1534,7449,17971,9915,6058,3893
2136;3;1;2881;16105,14392,5608,15506,3848,3469,18882,9923,1339
8479;3;2;7518;13019,10715,16117,10322,10382,4562,12397,16698,17018
3419;5;4;4062;3306,15388,17713,14337,14816,13613,18637,3978,3784
5289;4;0;15594;11472,8072,9477,63,13019,17097,6310,18031,1508
4481;5;1;15925;4356,18639,7969,8854,16195,16278,15486,6423,15876
7957;5;3;873;3378,13280,6882,751,10354,18612,1576,9552,2613
2760;5;2;7523;14598,3702,18751,13122,17904,11495,11326,14441,1197
4745;3;0;378;17068,14147,14521,11611,18197,13006,7058,2398,3838
6939;4;0;5769;12504,4725,10353,9257,2321,823,13727,12833,16209
5409;3;0;16697;1997,12597,7719,14456,15799,568,6647,575,7200
724;4;3;10112;11663,1272,7120,15603,7807,1758,9085,11864,7950
6281;5;2;10703;9866,8301,10953,8972,16704,8907,2483,18571,1639
525;4;1;14924;3611,455,1859,6580,3886,5833,12159,11194,18851
5031;3;1;14884;3318,6640,7136,10161,3693,6369,16229,66,3105
8279;4;3;6545;13216,6187,18926,15758,10565,1892,11129,17411,11042
4769;3;1;8699;15674,6600,14252,19046,17200,17982,6858,11874,6852
9329;4;1;50;14618,6745,18893,4163,7438,10854,5019,8668,12390
9203;4;1;7087;10926,5113,14632,2646,9670,17945,13128,17766,3335
1447;3;1;1992;5358,13350,1156,10765,11717,14290,7825,9844,10478
2783;5;2;17456;7418,9401,8531,14904,11726,15481,6310,10135,14955
975;4;1;967;678,10180,14596,1194,2435,8317,1264,1986,9198
6435;4;3;14603;12124,12478,19158,12418,331,4283,11383,12391,2609
475;5;4;18787;175,17368,18479,4849,13119,10283,6392,18011,4470
7509;5;3;12891;11499,4865,12406,1358,3026,12191,10621,576,9897
4162;4;1;5427;4093,18472,17724,3118,14889,15156,12950,15054,10414
7691;4;1;18048;7465,15329,252,16964,14973,10104,7373,7290,14410
3;4;3;3008;4441,9655,12837,5849,369,18218,3346,16467,9062
1196;4;0;3402;12948,18677,11990,15506,14227,11855,7503,575,13207
3403;4;1;17996;6370,21,10943,14263,17929,8020,13951,8068,4968
5782;4;0;7657;14118,13485,8352,6579,8092,18333,15148,7864,6797
635;3;2;539;17413,11108,8585,450,506,2662,3910,18295,5837
2761;4;0;683;6306,7219,4005,15263,2147,18877,2949,11386,12936
8396;4;0;8421;12735,8527,13994,2679,4304,11669,13909,9574,18566
6123;4;2;11463;19124,18488,11899,7030,1129,11840,2004,13468,5865
5799;3;1;5919;10896,444,7557,12709,11998,10823,14619,13069,15621
3842;4;0;9816;10117,14275,15695,2882,5696,13234,18796,8445,15808
8605;3;0;1992;17593,14695,6912,6902,5889,5246,16595,16207,18723
7969;3;0;349;16818,13235,3793,9138,18174,10698,10870,14562,8228
8726;4;1;11702;8602,4632,13016,2477,14412,126,5447,11728,14791
5479;3;2;15212;9981,538,17005,1572,7526,15439,2106,3592,977
140;4;3;16160;7734,4453,16387,12348,17840,13829,2570,13274,9447
1470;3;0;4143;4410,9301,15570,17569,16858,16941,15820,11172,10955
8724;5;2;12160;10711,11870,3128,13467,6946,5710,9350,990,11034
9131;5;4;15111;5220,12681,6720,4752,2618,15782,17792,8195,11031
7393;4;0;1562;3433,3163,3806,13735,6291,15948,6576,2740,15642
621;3;0;12902;5264,15779,8074,7092,3065,2552,8961,11523,13435
6526;5;2;7574;15115,14887,5299,2822,16099,18879,10591,10313,13575
7830;4;0;2925;9973,9303,2940,9279,13791,1529,5182,9994,18723
8042;3;0;1374;9986,1885,10777,4827,6037,15773,8882,1001,18149
8555;4;1;12995;17137,8988,18849,15592,14032,15703,10530,3229,3907
1353;4;2;1473;7953,6012,5159,13571,206,3190,15047,10121,1539
6228;4;0;5794;18039,2758,12030,8753,19091,5100,11473,5708,9241
4304;5;1;2809;8015,17458,16892,15754,1112,2152,6240,13052,12483
7869;5;4;554;13039,957,1351,396,2492,17558,16287,8867,4774
5668;5;2;14720;17016,17359,8249,11871,17072,11661,17236,7346,4076
5846;4;1;7345;18494,13218,9617,12155,10186,2093,11502,9993,17767
8600;4;1;1369;3001,17034,18516,9664,12037,17276,15941,12688,7978
6288;3;0;917;7718,13633,7653,12716,11585,222,11090,848,8704
3183;5;1;12308;10272,4334,4189,18928,7619,16689,10809,8449,12038
1154;4;0;6932;13736,15389,2393,3818,4571,571,15940,11551,10353
21;4;0;18795;1964,15706,10512,17713,1665,16154,11584,16290,2784
2500;3;0;11430;16017,11732,4637,10318,16379,10385,7462,16370,10764
7893;3;0;1459;17803,17936,10897,14678,13465,6542,11392,746,15276
3653;5;4;883;16868,18873,14234,260,1646,6742,12886,13108,3865
7066;4;0;11267;12510,3066,1650,15591,4440,1130,1587,7994,14028
668;5;4;7630;14888,8921,15841,9294,15973,18091,6535,6006,6240
5837;4;3;10100;10162,12434,14321,18225,1907,1045,1017,9936,3298
500;5;0;6522;16992,12898,13457,4323,4699,928,14759,6769,10675
6319;4;3;15089;8721,18885,870,6915,17411,17664,2863,9899,13276
1708;4;0;15900;6056,4354,14030,16308,12849,5194,9389,10052,13915
4340;4;0;3584;2259,3433,6193,7555,16001,8985,6224,6591,17053
5135;3;1;12374;2387,4443,677,4360,4755,98,2461,14734,10779
1392;4;2;18348;15481,16139,7960,4488,2411,18635,13669,13958,6985
6064;4;3;540;3273,6273,17628,12829,5053,10426,12973,10163,13228
1114;5;3;10770;12358,18002,463,8321,5314,1243,477,6525,14361
5787;4;3;15916;14016,13851,10784,15486,15314,11794,19031,5139,15488
5391;4;2;18020;96,7562,6585,0,7769,10640,8774,7745,2465
8907;5;3;9072;12525,14942,14322,18604,10928,7486,16851,1493,8235
2546;5;1;14789;13094,9071,8405,10649,7832,17556,6719,3690,18577
2847;4;3;378;6395,10606,11315,16303,1794,3268,3762,17875,16234
1582;5;3;6995;8439,18529,4492,477,15060,11221,9531,11890,18891
686;4;1;13934;7083,18495,3484,18116,6185,14743,18929,14319,4114
5223;4;2;4630;9069,17450,12692,12222,3889,8616,10861,4185,11886
1200;4;2;17804;12170,6547,13697,16717,3105,14630,6640,9076,8006
7860;4;0;14490;8321,8633,1707,12029,17851,11941,11129,2139,2731
403;3;0;1716;4487,18915,15045,12328,10338,5801,965,1532,14879
2646;3;2;5248;12136,18134,4560,18699,1046,8956,8488,1375,17129
2824;3;1;1587;1079,13105,9057,4204,11767,2241,442,2085,14447
4630;3;1;11193;7986,14715,17287,6595,12711,419,15247,14485,1642
7449;3;2;2758;169,16577,11056,10841,19054,15888,14304,14338,17301
8265;3;0;2045;3895,17333,8582,11517,499,6890,6933,15925,5397
5343;3;1;123;9420,1346,2706,1095,17430,18093,16563,1598,16440
853;4;3;432;18003,9316,2881,2627,14358,18770,1539,1218,3469
3589;3;2;13960;14215,11226,314,9027,4832,3275,649,4700,11390
6327;5;3;378;12111,14193,6163,4009,1290,14856,7669,7895,14756
5153;4;3;17505;7130,14321,4422,13457,3554,12239,2136,19029,1907
740;4;2;2149;3825,11141,8762,12860,12208,13752,390,19120,15422
188;3;2;17441;10716,1734,12041,7987,5563,3716,13866,2757,6276
7999;4;1;5996;15471,13003,4070,1150,4711,15749,10504,9881,3523
7608;4;2;378;15807,6411,2131,6635,6163,16011,2949,13438,5823
2149;4;0;12969;2225,2954,12057,1466,4523,1294,2074,2111,18621
7706;3;0;4107;11944,7180,18772,420,10106,11830,6310,16402,9071
7298;5;2;17373;286,6686,15600,5060,7352,12786,7357,10729,5922
9180;3;2;10320;16419,13589,6743,2603,3693,12087,1644,4029,10222
8779;5;1;5112;557,6064,18356,2768,7415,941,7324,46,13286
6153;4;0;5507;4296,1065,9015,2119,18569,1850,9460,9054,15754
1269;4;2;1587;10358,5978,8893,18227,2789,15016,9652,15360,2417
848;3;1;18312;18818,18041,12852,18671,12022,3453,1665,11543,3327
1566;5;4;7557;1984,5157,17836,4002,11366,16738,6632,16128,4872
8113;5;2;13151;14241,15277,768,8145,2879,8287,17851,424,5396
840;3;2;378;9379,7134,262,3566,17038,6147,12587,2677,8542
8664;3;2;1381;17632,1536,15655,13202,11814,6032,7999,18359,5420
4993;5;4;15763;684,13464,10058,1997,18947,15412,15506,2680,16270
6320;5;2;8370;15208,9833,18512,5618,16841,3221,16178,19082,9632
4309;3;1;6985;7141,3461,18446,8525,18577,1602,2862,12507,8713
2137;4;0;12561;6874,17003,16294,3036,17290,7654,9926,8539,3538
4121;4;3;959;18904,293,13815,13873,8497,11056,8581,9102,14040
8189;3;0;869;13510,17486,16126,6770,17315,12509,9796,3396,13920
2459;5;4;16683;4505,10891,18226,4569,16048,11323,13810,15976,4412
8108;3;1;1278;544,12199,17937,6008,9225,5532,13288,655,11898
3283;4;2;1593;9570,13650,13292,7486,742,9505,6238,1011,18121
2882;4;0;18222;11773,6486,4891,5101,8547,11512,10370,7524,18195
8329;3;0;2727;15783,12984,5694,10762,9783,5846,7351,3058,18275
9222;3;0;378;17647,7185,5601,18535,6681,16806,17673,12805,8440
2382;4;2;9822;10310,4129,9224,14281,651,17583,11203,12978,13298
1343;4;1;1973;10494,8812,8428,16931,4201,11319,15573,7334,3218
1111;3;1;6056;18816,1814,5709,13307,2501,2245,11656,5524,8819
9188;4;3;2888;18783,15408,9941,1741,13205,15272,17982,12460,14092
358;4;2;7910;4336,11137,14478,8060,8020,4986,18083,5719,17309
6194;3;2;6364;11996,17791,15204,13630,4177,7872,1467,1517,11166
8428;3;1;4958;7019,5413,17194,10360,132,5034,16551,18318,9408
1442;5;1;866;18725,17657,6522,2224,16967,1834,4612,13541,13260
7451;5;2;13785;9848,3273,4441,11322,17005,13382,2070,9043,15644
9312;3;0;8069;9852,2107,1360,9783,11728,14116,9556,8682,8116
4486;3;1;10571;5268,8139,21,10943,13704,7979,5036,8369,3353
3736;5;4;378;17731,6644,15452,12082,603,14648,2917,6010,7646
3969;4;3;11778;2786,2498,16944,6667,11412,270,1497,12286,760
6882;5;2;1439;11266,15599,2167,6359,13467,9350,13662,15874,8719
4753;5;3;378;9212,10744,1828,5205,9543,9675,15807,14802,17596
7966;3;1;18820;16451,9882,12264,9840,4933,1724,3099,16216,3373
1266;3;1;1885;16095,12117,9993,3320,6028,2870,7110,1302,3062
4605;4;3;387;9992,18790,13686,16591,6311,6471,9663,8380,15414
4364;5;3;999;1159,12999,4768,192,2139,7738,14822,17131,11892
7309;4;2;8240;17187,8994,12236,10357,14709,15992,10610,17011,6726
7464;3;1;4737;14662,10043,17008,18362,5505,12397,3186,2529,5296
5178;3;1;15475;18983,7278,11544,9810,96,1530,18457,6547,4720
4492;4;3;7476;9114,15263,9212,7501,1359,7586,3769,14208,10180
6181;3;2;380;18254,1833,2938,12902,10096,11717,19018,19090,483
926;5;0;1004;15695,11781,3323,10755,18429,14833,10488,2335,16361
8649;4;1;12735;9077,17737,7855,17182,17653,13909,16422,9261,7514
696;4;1;5457;13412,3309,6618,17317,13901,1858,4784,705,14750
2696;5;4;9486;16730,9518,19144,8483,7558,661,13847,15503,9332
7701;3;1;14185;10578,15562,17474,3099,7961,14057,6417,2230,9759
1774;4;1;16716;5989,13105,16293,19095,14485,15076,16407,14715,5978
5686;5;1;10342;14457,2632,3909,1097,11842,6871,3016,13651,9763
6088;4;2;1850;1186,812,17387,5732,7046,6599,16322,12792,7209
4160;4;3;4573;17940,16576,2289,12488,6057,5688,18953,308,18054
3028;3;0;1992;10226,1959,3800,1564,7622,5712,15250,13619,10785
3484;5;2;3724;11301,16760,1214,4638,18652,2642,18452,18787,14386
6053;5;0;3303;15285,18386,7160,15839,691,11003,12382,2931,14164
4271;3;2;14925;13578,473,14706,13499,7063,3007,5037,6445,2999
2912;4;1;13821;6649,12224,15744,4841,11311,13200,4684,7004,14581
7148;3;0;9879;12266,11076,17074,15463,10678,1361,6618,1852,212
6030;3;0;2073;12862,8642,8219,2506,14102,16212,17206,10857,16688
5841;4;2;14779;17598,18943,11049,4527,17649,11815,372,2646,963
4750;4;1;7814;10651,321,12092,8679,2081,17255,2727,17492,13364
8433;4;1;11313;14913,4573,15295,8929,11650,8518,1249,6039,16560
1948;4;0;8401;5196,10665,1717,17362,12208,13116,15117,18131,16290
6664;4;3;12106;7114,10506,6451,6799,9265,120,11921,4112,1099
15;4;0;2476;15559,12226,16991,6104,17293,14717,7969,2776,6726
3410;4;1;1004;18429,18927,4682,8954,1108,2481,394,11251,2988
8975;3;2;862;9083,143,1764,18972,7802,4152,7371,10533,2233
3929;3;1;9670;18113,17271,5322,844,233,13128,13520,3719,15144
7641;3;0;1004;6295,9957,1736,5256,15916,18149,7110,18583,14928
7143;5;4;11077;7668,1145,11558,3910,16925,4095,17114,5837,11108
7372;3;1;12568;2120,4759,14379,541,3273,16704,3881,11556,19049
9057;3;0;2005;6800,15793,12104,9750,1286,17685,16929,6586,12421
2245;5;3;1846;59,11908,1341,11994,10342,18392,4262,13608,8119
2971;4;1;56;6189,11829,3768,16580,16009,7524,18488,8189,5942
8816;4;0;50;7913,12401,10429,12811,12551,15759,16389,1970,16556
9148;4;3;7190;17679,2309,1526,4352,8896,3368,16844,15072,5209
3250;3;1;378;3775,10804,3517,12116,13127,7219,15466,16831,6197
7183;4;3;12384;2762,8423,16698,4515,7863,18357,13430,14631,9359
939;4;3;18329;5509,4933,9771,19166,18533,18239,5469,14564,18655
4890;4;2;56;8743,7560,12871,12604,8189,367,11426,13850,13331
8687;4;2;1942;16916,13674,14390,1347,6959,2926,14581,32,10779
7349;5;3;16446;12555,17660,15650,7170,14518,10447,10746,19100,10939
8676;3;2;947;10949,1535,540,19049,13249,4023,6365,18218,1639
8531;3;0;2674;13106,13538,10704,3506,7809,7753,15642,6789,10301
2857;4;0;2078;2732,18775,8465,5599,18121,11503,2763,12061,11511
4797;4;2;7409;7008,5134,2149,6960,8410,4772,16522,1213,12944
5459;4;1;12380;14713,12973,2015,13785,3210,10285,15382,17476,18147
5059;5;4;6948;5253,1467,5366,18789,15286,3893,8778,6868,14789
7205;3;1;4294;10125,1256,13231,12855,8298,13848,2871,13883,12961
7992;4;1;18888;10647,2052,8902,3082,11654,3427,3602,15171,16716
3711;3;0;15874;3411,17638,1993,1329,6453,10065,12511,17424,14117
2044;5;2;8870;11846,14598,13975,15910,15260,14113,9673,2791,10041
816;3;0;16391;3264,8166,5224,2865,12195,9520,7393,7787,8620
4071;4;2;2155;18307,11540,16289,4836,1587,6068,3427,11403,10425
594;3;2;18520;358,10756,3348,14543,4176,13498,18286,304,5296
7786;4;1;1992;11641,8417,10489,16278,13095,3646,12034,3891,9361
3851;4;2;6961;12304,7199,6936,18310,9779,6958,9065,16397,2739
1552;3;0;2779;6675,2243,8882,2988,6295,1823,7993,914,13415
8469;4;1;507;9997,6895,4770,17795,9485,11408,3525,19028,14655
5776;3;0;15257;5954,7662,757,5817,15340,189,8133,5525,5452
1752;3;0;2973;10081,8650,10776,18589,13114,1206,11562,7106,6220
2463;4;0;93;4429,4425,18747,7345,17067,5310,3832,9259,14616
51;3;0;425;12342,1926,7611,13153,9351,4422,15712,9960,19172
6300;4;0;4596;17369,14406,4589,7446,897,15112,11142,7943,682
7681;5;3;3489;18628,4429,9442,10689,12040,15626,4040,11620,14868
2827;3;0;16212;5541,13662,3418,14255,7536,5771,8913,17224,18497
2050;3;2;10199;6792,5566,17648,13306,7536,9649,5685,12381,11034
2168;4;0;852;17220,11790,5590,18904,8708,8497,270,11927,6279
6737;3;0;14159;15741,11583,1355,6603,2663,16257,13644,2001,10878
6850;3;2;11636;5228,3502,2856,4869,412,7862,6747,3215,14915
3519;3;1;117;10098,14182,567,10149,16241,16722,16084,16442,18686
7231;5;0;16467;12829,10133,9866,4430,12757,14017,11063,17272,5033
1284;3;2;13585;10360,2704,18499,9222,15492,4992,11356,15514,2091
5955;4;2;10845;13069,13277,9601,6563,3683,9026,17943,7462,4543
7705;5;3;9972;6830,1367,10796,18223,17538,13915,11993,12694,4220
324;4;1;10041;14003,11320,12417,18129,18192,18849,17478,17014,836
7535;4;3;378;1082,14257,6712,18566,6154,16743,9672,10373,10452
58;3;0;4991;9954,3060,1177,7022,8488,17777,19018,1128,8291
779;3;0;12146;6848,17041,11681,12845,8163,10041,7076,7352,17904
3174;3;2;6984;14893,11143,176,13555,9007,9245,6864,838,1776
3862;4;0;12121;7513,7955,5811,3307,8199,18550,13808,1061,16213
3186;4;2;17499;16061,18337,14781,18524,2508,13690,13318,12041,6035
5666;3;2;6056;17377,11350,6256,1718,12376,11790,13396,804,533
1623;5;0;2128;2477,8874,5227,8891,2646,17546,2959,4079,12031
9050;3;1;14101;6138,18848,2235,3568,2676,7019,15381,10360,6131
2845;5;0;2356;15416,3243,7826,6955,8255,14531,2624,17068,10827
7025;4;3;6637;4880,16444,17301,850,19161,9047,6368,14873,15888
1283;4;0;4423;8157,11063,4187,10510,9598,8503,10285,5619,12430
5060;4;2;18266;17078,8631,5706,13211,9237,10078,6626,2503,12668
4249;5;3;1577;13944,12496,13347,18981,774,9612,3801,5582,3376
50;4;0;2593;493,15298,19102,3153,2332,17764,7098,16715,8913
812;3;1;2126;18109,13848,12730,11374,10349,4294,4381,1256,3322
3652;3;0;1677;4123,3336,1978,10243,16855,13350,10708,16576,12276
7522;4;2;2004;8336,7486,18475,16165,18739,11848,5690,8761,5158
462;3;0;11515;17142,18722,14927,7726,10347,1875,11910,13663,4211
2984;5;2;378;2061,7160,6538,9797,2464,7185,17967,7219,4514
6834;3;0;503;343,16532,15256,18083,16533,8020,16929,6206,551
1134;4;3;1375;16523,9651,3223,18562,13427,13648,2258,3341,4899
4381;3;1;6916;14986,2000,2755,11406,314,7949,15986,18352,16458
529;3;1;7960;18446,3263,2445,18902,7554,3185,1414,10480,1534
520;4;2;5050;3591,2739,4674,8906,17776,1230,6325,9716,4400
7680;3;2;15151;15773,9264,3212,2588,145,12963,11635,15144,14353
4401;4;2;8241;10764,2702,3748,8796,3896,12401,8163,12302,2719
5817;4;3;3504;2939,12228,8923,18359,18458,11092,17916,16251,3397
261;4;3;378;13807,17015,13394,9910,1493,2545,18159,10749,12834
6438;5;2;16653;3996,1112,9074,6756,18514,15968,8015,18787,9460
2785;4;1;17558;17136,13670,2492,3576,8454,7254,3493,17579,13884
1951;4;1;1417;6175,16396,1177,2633,1019,11391,11650,5256,14928
5356;5;2;1217;9321,10232,17016,19063,18730,1500,18248,11431,4925
5935;4;1;12497;3378,5086,18002,14848,3509,16110,5863,13799,11755
6233;3;1;2194;8321,8281,1288,17444,13567,7336,18139,5540,10251
5340;3;2;7727;9607,2030,13599,3425,3224,2063,17620,11996,12453
5373;4;1;2531;2132,4022,14629,10243,5355,16207,9859,8213,17187
195;5;3;16637;10804,4817,13211,988,15622,16686,18799,14206,11290
7120;3;2;848;8483,18979,5509,16882,11227,8394,4146,1708,4614
5061;5;4;16604;2132,9371,1047,7382,16267,15576,17011,5358,13856
1504;4;3;628;6620,2095,18678,8247,18504,17944,10971,1160,2110
3005;5;1;1495;18026,18164,4036,16048,12494,18064,18193,2656,16701
7426;4;2;5171;14818,465,16705,14280,8339,3969,12981,500,7535
8786;4;3;14293;6214,17195,15726,6837,7979,15796,833,1561,16929
6428;3;1;10310;1453,3228,1709,13209,15635,7090,8885,3971,5465
78;4;1;5124;16463,15877,8715,11116,9069,5701,3690,14806,15594
6437;4;3;16453;3062,10282,4109,11496,9931,7905,2588,12385,2984
1720;4;3;16707;7808,7027,10674,9154,10449,14933,8947,12927,17015
5909;4;2;11265;4884,3484,16733,18620,7217,1474,12302,2683,9067
9201;4;2;5608;1071,1821,2114,12788,1915,5344,924,6929,13543
5395;4;3;378;6641,3101,12525,8934,18035,14933,3660,11105,77
8961;4;2;16110;14838,11697,6727,1187,16933,15758,12793,4196,14361
754;3;0;10674;9168,14065,12588,5601,5826,18554,11710,9152,12241
8260;3;0;1004;2633,10800,18927,18232,3272,18263,14572,4760,1495
3941;3;1;1099;8500,1137,17885,10509,17378,11429,17987,18126,5965
117;4;2;6591;6532,12306,7186,8975,17208,11031,14429,16515,15875
7099;4;1;6404;6153,2165,19146,18234,13863,6219,14982,5421,13385
8601;4;1;13170;18796,4496,15295,13379,10435,6212,8208,4454,13851
7023;4;1;4013;13233,19110,132,11762,3293,4449,12175,15022,17361
6832;4;1;104;12546,1042,15875,14846,16018,1347,13319,4042,7
7467;5;2;15431;7345,14913,11641,11815,3077,18933,4813,6041,12682
5335;5;2;4465;16528,2351,4298,2533,7807,26,1340,17937,16502
4256;5;0;10827;7052,10665,12931,1348,12101,12529,6691,8091,10981
7095;4;0;15948;2674,13864,14926,2413,913,12876,3879,16703,8747
9352;4;2;13033;8972,1572,14285,13166,1447,8293,12829,16755,3605
184;3;1;1009;10702,2215,2070,4644,11752,3008,8503,9866,8223
5098;5;0;7067;2462,1194,10484,12454,10247,8491,6783,9718,7996
6143;5;0;14253;293,10825,19079,12729,15959,14252,1391,12431,16687
4329;4;2;378;9152,6670,2822,7293,16168,9809,18234,1250,8786
2036;5;1;18322;19034,13697,9009,4319,6380,16717,3408,14081,18459
6040;4;0;15284;16611,9638,104,745,8653,3868,5903,2320,15890
1394;3;0;13024;12341,3485,9462,18415,16157,15987,5380,17820,6090
1675;4;0;1004;9968,4386,5847,11251,8438,7764,6933,2776,2474
2339;5;2;2108;17385,12751,12267,4235,9045,13867,15872,2191,4802
340;5;0;1587;5491,14300,1509,6439,18714,8902,12979,4902,15093
3117;4;0;1004;12372,4034,1736,18149,811,5984,12435,1360,9727
7882;3;1;17496;11429,446,17378,6366,16288,7080,3034,14830,9496
7366;4;0;2268;138,11019,13134,14066,7950,11612,4868,13288,7592
9328;3;0;2243;10561,3975,10789,2446,17278,7605,5846,12162,15778
1476;4;1;7628;9596,12039,11457,4673,3302,3899,15517,12312,14176
2705;3;0;1834;11170,13297,2310,2751,400,4376,15396,17850,2595
8854;4;1;8812;14228,17342,7330,5772,17394,16916,14303,1596,3937
889;3;1;1543;8518,8137,4491,7335,8080,13534,15025,648,17299
5864;4;3;12167;17197,4014,1696,13090,4490,6530,3445,8426,10129
4727;4;3;1474;2250,7913,11513,12676,2813,6704,11835,18060,14121
2593;3;0;8358;7306,5649,19018,11024,17931,5041,4429,15215,10890
3963;5;3;1651;911,2918,8868,8580,13,5865,18041,7524,17986
2630;3;0;9554;5560,15313,7015,10064,13267,19021,13733,18794,9044
3397;3;1;1992;4414,7317,10714,15201,18715,4560,2927,9823,844
5115;4;2;4772;6197,8255,565,16831,8643,17665,15176,653,18121
5785;3;2;18635;13536,9774,11830,11958,8236,13795,4918,6084,16672
6812;3;0;9589;8990,18462,7161,12531,11095,6189,7409,171,4188
7795;3;0;11232;17976,483,17945,17616,1207,4021,11475,12081,9816
5866;5;0;6070;2162,14504,3989,14650,3295,11368,13389,1454,6975
8316;3;0;1548;16352,17648,7736,6786,11557,9566,17923,6034,4350
8857;4;1;7923;16229,12087,17340,17043,10546,8268,9211,3318,15700
4861;4;2;7673;8278,6270,18837,17499,7620,12296,15169,17576,11319
7902;5;4;7751;985,11037,8318,16715,6201,17854,18320,2390,5966
9230;3;1;5362;13691,3455,5430,4387,165,4410,397,11406,1991
6813;3;0;378;14801,10613,13127,1129,15387,3688,14396,14311,12927
1570;5;0;10467;15226,3168,12161,14561,16453,11268,2330,17769,15720
6837;4;3;9034;795,17150,3196,19123,12238,14962,10814,17730,9493
8121;3;1;12845;17357,13605,17425,13026,7557,5201,5347,10216,13768
5958;4;3;16741;16746,15574,14948,15432,11321,17927,6947,10931,17772
7947;3;0;3032;5529,11282,17883,4305,4082,5091,15470,18304,359
6755;5;0;8499;9370,2898,17422,17328,9148,313,8341,9549,6021
5556;5;3;378;17038,19135,3838,1874,5865,9246,1828,9926,3974
4842;4;0;10302;107,15354,1516,15633,8152,1790,15593,14422,5065
6352;5;0;10985;8265,15305,3618,2985,5750,1599,2809,14879,12550
8470;3;1;13699;3974,12668,6197,15838,14982,11253,6108,8795,15829
7281;4;0;7473;2531,8954,5846,7480,6028,9554,8994,3612,8662
2870;5;1;17184;12968,16354,1426,10003,984,8107,18000,1389,8115
5053;4;3;5851;17421,9259,6654,10785,11087,1320,16603,13163,363
6581;5;1;9098;4963,18058,17443,3323,7532,10422,16683,18174,3721
1205;5;4;5060;6977,1060,18402,7322,17943,7913,16738,10041,18849
1113;3;2;12365;17535,495,8334,11783,19093,14929,3588,13029,9857
1891;5;2;14819;2561,8752,16828,18832,14010,16280,5336,11261,13300
7032;4;0;10567;12095,11023,12164,12103,11606,8979,8083,18369,192
6136;5;0;17095;9710,14242,8188,4790,1298,9759,8483,2404,3934
570;4;2;628;2803,18253,15754,11421,5570,10984,11301,10972,5584
3348;3;1;18112;13262,12335,14750,1272,12125,7950,12336,4655,2485
8307;4;3;1181;8664,1992,10696,2633,5757,8679,15647,15051,3341
8802;4;0;2398;4281,10697,2652,7081,13971,8091,11105,8632,177
2350;4;0;4180;4117,731,12751,10251,12703,14662,1760,7847,10858
2139;4;1;10747;9449,2099,15548,5379,3306,14812,12050,18386,16505
3777;4;1;378;2974,14118,4843,11070,9677,12823,16297,6407,30
2555;4;2;343;14637,15256,15222,8020,13941,15793,4096,8139,17309
8193;3;2;8960;9454,7527,553,1800,17281,4847,6268,3240,16998
5248;5;0;6897;18488,2371,3118,5855,14337,1345,2974,8189,17731
7238;4;1;15092;14103,3042,13687,2396,7917,6595,8902,10079,2516
5294;5;0;5843;7455,7171,14863,8913,8719,17406,182,7552,8237
6096;3;2;1790;2225,8368,559,13490,13843,10302,6566,5123,2188
1770;4;1;1391;2408,4409,2033,8502,11906,2353,9117,13202,12286
8536;4;3;768;1012,19141,4438,1364,9746,6515,14865,11129,3073
6858;3;2;11935;8741,18932,3973,19099,16749,11879,13068,7298,18985
1436;4;1;7480;4566,509,4079,18654,6031,2531,499,18438,15489
1498;5;0;2665;8440,14889,6854,9648,1213,12852,87,1103,16424
3778;5;1;8074;9163,3256,1000,12136,8124,11489,1959,11391,6031
8995;5;2;18197;6480,16605,9762,14934,3985,11328,8440,5445,12742
2819;5;4;14238;6153,13,9198,14982,7711,7861,16086,9777,12061
9265;4;0;11763;9557,6105,3831,17351,13180,10336,16762,9893,759
8998;5;0;10283;17296,1160,17141,18300,674,18657,5732,17886,19063
974;3;2;10367;9369,7712,5864,3011,10019,10735,18960,14294,2288
4337;4;0;10762;968,7306,5397,13427,3078,4356,15223,4079,1360
6906;5;4;8090;4646,5292,16499,8259,2667,5128,6645,4210,14875
3263;4;0;1417;3646,8208,17383,12902,15215,13913,9406,5221,15577
8562;3;0;9804;4837,11824,9643,542,18705,1671,414,18233,12465
8936;3;1;12922;9209,15868,16138,6380,3693,9296,9772,7562,18983
4951;4;1;12436;15179,10795,312,7752,13480,15930,7719,18931,12649
8709;4;2;6510;15563,15808,6132,9748,11858,451,2072,17992,15909
4029;4;0;17485;14374,17267,3330,12903,14768,15813,204,12037,11550
6329;5;4;11807;15176,12800,14658,8934,9853,10116,15054,10792,18992
4336;3;1;15731;9062,5046,4264,17684,11260,3074,2625,3005,5840
5970;4;0;2128;17902,8971,17416,18254,18291,5834,18355,10689,15964
7040;4;0;611;13135,235,10232,18952,10900,14539,175,10603,4708
8290;4;1;6395;6107,17713,12294,4547,8795,5499,7071,9404,11458
8246;5;4;79;1105,6991,12918,15732,10295,9369,16864,3257,6705
6431;3;1;1079;2058,9064,6607,8992,15746,11767,419,3419,2789
6689;3;0;14005;15072,2757,4201,7392,12304,8813,7104,14547,16018
2750;3;0;6454;7993,3747,11877,18175,15670,12162,4536,11004,17083
2088;3;1;7264;8874,17354,9040,15992,10881,8240,7088,18599,11877
4373;5;0;18412;3631,7742,16743,16426,12353,653,2575,8632,16505
9256;3;1;9407;1148,17066,1927,11311,5958,17679,13673,19082,10884
7836;4;0;5419;18292,15454,9110,13793,2272,5323,5338,16809,7354
8659;3;1;628;7115,14879,15606,9763,4380,15146,13392,1846,10308
5154;5;1;9243;6644,14119,12420,16977,10158,15629,9718,5196,16134
6336;4;3;378;8855,10477,1883,11303,9086,5759,6091,3238,9368
29;3;1;935;2097,15359,7104,8138,14689,6308,16178,3953,16916
9139;4;1;17448;1219,8910,2315,7211,5786,9493,4808,9021,6549
6458;4;2;14502;2151,7249,19081,12315,10023,5498,3766,17394,15369
7437;3;1;9279;13780,3217,12749,3426,17467,18358,3747,4912,5615
6168;4;3;6240;15344,3246,13529,11146,17236,13320,11125,1088,10375
4059;5;2;15115;14683,310,5318,18984,8621,17954,15084,6072,18245
5156;5;3;861;15176,16893,9987,10430,3677,16073,5806,6608,4141
8848;4;0;2297;736,10821,18718,7658,16616,15245,10468,16277,12074
1805;3;1;18591;13865,997,5767,1287,18644,2492,13657,401,13670
6104;4;3;378;5942,16294,12672,8406,8440,9086,14396,17504,11254
5495;4;0;4880;2242,5305,12327,16582,15997,1579,8862,8089,12234
6480;4;2;16039;5212,7576,11236,11955,2961,11629,950,1005,7528
610;4;1;116;6538,2229,10180,2820,15918,5810,15556,17508,12111
7340;5;0;10058;10003,18931,11110,4936,11215,1071,13480,269,17581
4154;3;2;849;14291,15658,10588,14645,7990,15379,11108,13907,4110
2306;4;0;8446;17287,10005,3042,7483,16293,19095,18081,10010,3211
5582;5;0;15764;7219,3306,1037,5315,1847,14450,4804,18235,14583
6878;4;3;5340;6132,1000,8291,11548,14349,17000,4407,5555,15507
8837;5;4;17713;11254,5601,6074,14450,7784,2799,4772,8543,5514
8137;5;2;17990;1363,12760,9050,2114,16587,6752,16354,3190,7028
5243;4;1;11512;16066,2082,10804,1103,13468,14180,9505,4649,12670
8139;4;2;645;12131,15249,17076,17368,3459,19068,608,16137,18551
1341;3;1;7996;2744,1083,16099,14056,2763,9717,6616,12388,15839
5374;5;2;4210;15754,10249,4450,5508,23,14021,3984,74,1846
7213;4;2;10594;17003,15505,12881,8421,1581,9394,5318,18373,12241
1421;4;1;3144;1603,5537,11641,18254,18560,12878,19001,1529,9802
1893;4;3;12298;14187,12888,12555,14014,930,16613,913,12905,2695
1950;4;0;2464;7657,1670,9041,12852,15905,13172,1870,11977,10388
5000;4;0;10467;11049,468,8358,7480,6890,16453,13945,6039,14868
6996;4;3;11944;7210,9789,13958,14333,6383,5052,1016,10756,16350
4482;5;3;12743;1514,11070,15906,8065,7826,12869,6874,64,15627
2357;5;3;17347;13869,16425,5024,12822,6975,3988,11856,6619,3928
8107;4;1;8029;6358,11006,17029,12750,9725,12933,9923,10404,7444
918;5;2;8451;8907,4441,17696,15212,4194,18154,4199,1565,3605
1721;3;2;1233;7570,3430,18348,14769,5713,8713,9606,12507,11200
6220;3;1;18502;14006,106,15583,16036,9201,9559,550,12115,16919
6653;5;4;1775;86,5561,15126,7765,5054,6762,9777,10833,18984
965;5;3;4884;11383,8150,18603,6796,4727,13406,2431,7587,4114
7403;4;0;1267;1877,4664,5137,9605,13823,14062,17666,9156,11122
9128;3;2;4045;12091,17978,10336,9893,3774,3831,7748,1628,910
4821;3;2;3057;7564,10126,4334,9275,5338,9861,57,12502,13947
6636;4;3;4420;1557,293,16251,18346,6858,850,18270,13193,11699
4922;4;2;17810;13187,11914,6698,14306,16302,6913,7030,9869,8786
8900;4;2;16437;7935,2202,1948,15129,14337,8533,7448,17673,15104
952;5;4;5354;17379,18301,17219,6176,7422,9443,6377,27,4361
6420;4;1;7422;17379,2914,11242,11153,16385,8558,4247,1105,6140
2287;3;0;11256;4873,17135,1028,1464,7876,10499,13251,14970,5923
1818;4;2;6294;15643,16352,14315,16908,13373,6466,8429,5859,6792
8803;4;1;18842;9397,6867,3077,4957,9403,4109,16396,18630,6879
1911;3;1;5771;9649,3137,16212,12301,9147,12863,12762,3410,15578
1554;4;1;17281;14515,14655,3000,385,1800,7758,296,17208,1260
1271;5;3;9313;12729,3696,14338,1381,12842,10832,16281,14209,13307
1995;3;0;425;2828,6575,10162,18808,18725,12239,6684,13358,866
1984;4;1;9601;3120,9665,9592,807,12825,19126,2617,8668,12785
5444;4;3;9647;6368,1626,12849,18284,18704,2953,19091,13556,13539
379;4;1;6462;7540,5972,9801,2386,13688,11174,2780,16021,5572
2031;5;0;14939;12251,12087,13598,8006,3408,4605,8774,19034,17564
5162;5;2;7177;2483,6365,10195,12783,8981,1134,13542,905,17005
3550;4;0;11431;18551,4734,14932,5992,3302,15844,611,1500,6611
7655;5;0;2266;9838,2814,8111,3032,3559,586,183,13903,7159
2291;3;0;93;16685,3345,9541,1360,12372,8874,17187,13717,16361
3445;4;2;378;18266,598,16454,7729,10514,17473,8245,6074,6249
4614;5;2;8049;2248,13447,648,12878,17263,7859,6381,4899,18340
5269;5;4;14212;1015,18928,12506,6466,13700,2487,10857,4852,15802
7948;4;0;5866;4731,14296,9717,742,3768,688,18472,12263,14118
6975;4;2;400;2774,4323,218,2828,38,5904,15679,19029,6522
1741;4;2;10408;5435,16477,5958,19100,993,7156,7819,2530,16856
893;5;4;11959;14484,7326,15060,13264,17320,3894,18670,415,10646
405;4;1;12851;14080,3755,11274,6376,8841,13962,19126,12300,13845
2283;4;0;50;10385,12124,2683,5528,9067,6848,599,5279,18473
5232;5;4;6041;14477,13097,8679,2556,14724,5887,8124,6452,13853
4243;5;1;17189;6833,18049,6123,4771,12029,639,17988,10233,15034
3474;4;2;1927;3236,4058,3468,5981,14018,9875,11885,10682,15811
1954;4;0;11932;16437,16649,17603,4258,11625,13027,18637,8254,14753
7996;3;1;16278;18583,11010,8839,5980,10714,12749,18215,8240,8957
2566;4;0;2978;12457,16879,17873,10289,14457,709,11206,1097,14405
2028;5;1;5108;18379,16761,5813,972,1480,17854,17764,6587,409
5183;4;3;18540;17503,5573,3120,15561,15910,13089,10033,8346,7454
4889;4;3;378;11911,3194,15176,13201,287,15914,8165,15280,2908
3479;5;1;3486;14708,14805,10640,1664,6617,9211,5897,6369,11719
6097;3;1;50;6669,11593,13934,18620,16128,4026,11430,9601,13845
6003;3;2;6830;4372,11989,10897,15046,7100,15442,13202,17827,16763
4312;4;2;16938;17615,2135,6626,13007,1050,622,4747,18605,17003
833;5;0;6404;7283,1857,18331,16066,3159,1291,5899,16505,8491
6819;4;0;815;13922,2026,3806,12079,9779,4513,8426,18573,8654
6065;4;0;6705;747,17219,2438,9410,10366,11353,10145,13840,15732
7021;4;0;13813;4445,2247,8848,14753,8543,18401,10674,10031,7798
3323;3;2;1099;6437,1422,11828,4112,17710,15564,4951,8500,10506
8514;4;3;15753;15428,7490,18514,726,17754,10603,7115,2325,5570
7809;5;3;15219;2495,12083,4122,5742,13746,3494,4336,1027,6870
7903;4;1;5415;6589,18163,11761,9801,13781,10860,5727,14706,11674
4578;5;4;14176;11434,5992,12,17215,1763,175,13185,2491,4357
7168;4;3;18354;5907,11696,4324,3581,1562,10716,2296,11626,7624
8131;3;2;14728;1713,2188,10503,284,14519,14422,11264,2074,15633
9318;4;1;1196;12867,18638,18954,2656,13913,12161,10961,13791,3065
3257;5;2;2093;15527,408,233,11101,5916,15887,18429,14992,2265
6881;3;2;13619;14790,3972,6069,17115,13645,10839,15201,4041,8882
9053;3;2;2019;3076,18500,13750,7823,1859,932,10803,18383,14781
2734;4;3;13945;10714,13854,13146,5358,7150,18555,13455,5227,10432
1800;4;1;10928;9788,13680,13615,16564,7875,4049,5281,14118,4839
1686;4;3;3398;15988,17090,16524,2124,5020,14020,16449,12199,18247
1649;4;3;1375;9262,8808,6802,8488,9928,4317,12178,18149,6127
5475;3;2;18162;7579,14112,13297,3839,14956,505,4887,4323,1494
133;3;1;471;18413,2353,4880,7408,5412,15978,2171,169,11993
3950;5;2;1869;2252,17913,13184,8860,4103,12663,3861,4176,4345
1186;4;3;12987;17203,2724,13096,15434,11230,15144,12725,15582,12276
5502;5;3;11677;2022,14255,2584,5042,16985,16609,15071,5419,18069
3697;4;1;6411;4724,8758,6259,16168,10313,9718,239,18019,5538
7034;4;2;1327;6709,17722,5027,7827,4464,17535,18256,3064,11697
4049;4;2;18535;4783,7160,17307,12802,8290,13575,14054,3974,13835
5181;5;0;3942;18002,8738,8468,4057,12538,13799,13361,6938,9011
9311;4;0;14440;8729,13048,14334,15300,7957,526,11642,8072,16257
3279;4;3;3271;14753,8409,1257,14856,15117,3770,3607,13671,579
3581;4;3;1323;4789,11205,12607,18523,9524,2629,13223,10906,14522
5018;4;1;2005;8647,7910,11453,17059,21,11363,551,17685,3977
6208;3;2;283;2169,17741,1611,1875,11917,3403,929,9001,14415
7853;4;1;3635;3798,1758,11786,3373,16502,2124,8394,12114,18686
446;3;2;3744;3963,9172,3581,7105,8942,3525,5336,11250,4257
1656;4;1;12592;5332,6010,16692,2393,18820,5629,15238,5286,14495
4980;4;1;4241;8101,17303,11468,8647,8668,16234,10560,2156,7455
5251;4;3;18364;2155,5896,7183,1587,7277,3602,76,3419,15809
6024;4;2;3629;4935,1842,15384,10033,2576,17687,2250,16377,18647
1463;3;0;11049;10186,10435,18908,12815,921,8808,3214,13229,3062
5883;4;3;7325;6518,14531,15280,8193,11253,7041,12557,250,2917
3784;4;3;19123;2696,5665,10595,10898,1253,9034,14463,3537,1873
6821;3;0;1992;11650,11523,3972,190,16120,2016,7539,2935,6295
8913;5;2;1380;13007,2391,18485,9086,3334,9246,4304,2677,10739
6449;4;3;3945;7586,1659,17304,10969,18197,9699,8172,8527,16781
6302;4;3;9616;11265,13277,4114,2431,2617,5279,3484,17972,5871
3848;5;2;9872;15674,8862,14615,1814,6600,850,471,9216,3314
1083;5;1;1495;8839,5182,2012,10800,13379,11106,1543,10083,3360
5127;5;4;12251;13461,14976,14398,13587,5098,14104,13767,6547,18020
7791;4;1;378;4216,4551,1678,13981,9675,12408,16438,4954,1694
2274;3;0;3295;2543,17821,3241,5024,13289,3544,12641,15787,6396
293;4;3;4708;12028,16567,2223,3730,9321,18253,13391,13839,15106
1406;4;0;9818;5824,4568,3871,7545,7084,1769,14369,14359,2459
8662;4;0;18099;3814,13759,17560,6049,18691,12179,17534,297,6964
1532;4;3;16425;14657,14504,13779,14123,17179,11856,3544,7379,15787
3454;4;2;5685;14023,1015,8661,10975,1007,786,13509,8217,11659
5528;5;2;14657;16329,12641,7984,15324,12314,16100,11856,4919,14778
3976;5;4;12986;5810,6238,15281,2142,9394,6635,2947,4393,15356
33;4;0;5602;1869,9132,16749,7727,18286,2856,5802,4488,4462
8732;3;2;952;13817,2088,5867,11925,1405,6413,11246,11819,6409
4511;4;2;15630;15371,9181,7113,16993,9040,14016,10789,9579,5984
1354;4;0;5020;13288,15401,18533,10263,18336,14426,11201,12008,15253
8480;4;1;1510;8821,5705,15066,4642,1929,8147,13213,4907,17484
6446;3;0;1796;17228,12052,7979,17309,17947,2299,2920,5920,10264
8641;4;3;16627;5801,10568,6363,1146,8898,10371,2711,13876,8992
3585;5;0;7608;12019,13416,7516,8819,13355,15140,17803,10481,6256
6178;5;2;9778;16916,5967,11022,14228,677,14938,11449,11031,245
2562;3;1;9119;10704,12296,403,17557,8813,10209,11605,11259,6193
5508;4;3;17406;2360,16987,13858,1015,11040,12762,13311,17946,16985
2480;4;3;2167;7280,13727,16143,511,10213,5627,11178,10334,14107
5261;4;2;378;8309,15979,10119,9765,18530,18424,2369,3985,7922
94;3;2;2113;9928,3168,19132,10698,4261,1431,6002,8903,7535
6341;3;2;1032;8515,8700,6605,934,14090,7190,3976,9020,11311
4670;3;2;17385;7205,5628,3801,966,14935,18480,10433,10745,8246
2860;3;2;11807;1514,8606,5926,5315,3327,14551,1614,3036,14982
5434;5;2;1260;13735,10656,16840,3294,11765,949,7629,7356,10139
6146;5;3;1941;18877,14872,12854,4514,17592,3838,5299,8033,17230
5598;4;3;7143;10362,12131,11694,18593,1441,7763,17179,12711,9123
4655;5;1;18317;8373,7347,14441,7785,4908,807,13768,6632,2579
2552;4;0;9061;14869,137,7218,13822,4946,6434,8565,12078,3473
2963;3;2;12855;12609,11374,18188,1435,17562,15258,11248,2126,8735
4896;3;1;13746;18448,11624,17228,8675,7900,3669,8908,17309,19106
942;4;2;378;813,2147,16306,6635,7117,8084,8255,17805,1659
9199;5;0;16389;17295,6029,10854,3600,2831,7790,15317,17523,12231
1507;3;0;17832;17070,9891,17803,11568,18904,4184,10053,5420,17872
2618;5;0;17359;2095,5663,7676,14528,13529,15844,16760,8164,14875
3370;3;2;4583;330,16923,9849,18500,8975,15167,2618,10174,5398
8809;5;2;5120;7038,12276,17063,9279,17616,16683,10651,2868,2922
5613;3;1;13023;17719,1704,10596,17667,2137,1263,17474,544,3700
1329;4;0;1885;2216,7899,7150,9397,17345,3874,10048,1677,9200
8850;4;2;17255;4022,15632,13267,3492,4896,12092,5221,8438,3871
5314;5;4;17361;17856,9921,17227,8799,9222,4449,5781,14154,3024
2302;3;1;5525;5356,7890,11364,16728,15589,1917,11440,17964,8114
5593;3;1;1435;12609,15258,17605,1686,1747,5695,8735,4748,17562
2675;3;0;12289;3658,14334,2647,6795,8423,1675,7862,10632,8729
6685;5;2;8853;2137,16976,7192,9486,15393,18415,5469,7961,1361
464;4;2;17446;16370,17425,12231,230,4155,16494,12929,3229,18893
2345;5;4;952;14745,5867,10339,5383,12879,15009,10118,14869,9895
1953;4;2;12573;9261,10373,6712,16648,18471,19067,4944,501,1290
2970;3;0;16150;10931,12195,11889,10072,14167,17933,1400,1311,3686
45;5;4;18240;3120,11681,2831,2708,17041,18030,18751,6029,18129
63;3;1;688;7765,6762,17810,17078,18911,4954,4845,579,14221
242;4;1;12322;12839,15696,885,5559,11645,7358,13978,17674,6103
891;3;1;3710;5782,3481,4208,2299,8802,5581,10982,436,13449
2753;3;1;17673;7071,13850,8084,4331,953,813,9780,4069,77
7264;4;0;801;19152,16541,17384,4181,3886,18761,14518,803,12360
4425;3;1;9401;1016,63,6278,2445,1321,16698,17286,12626,6204
1700;4;1;16918;13973,5374,5148,5481,16844,14771,5302,8278,677
367;4;3;11174;11257,11451,13673,11319,11269,2402,16178,3957,10411
1680;5;0;5044;13210,14789,18673,4481,4508,16097,10212,2606,2150
2248;3;0;2378;7979,16782,10147,4096,3010,8802,6060,12421,18176
1405;5;2;378;1883,19146,12382,17504,618,15845,4901,14887,9154
5728;3;0;1587;18692,2380,8225,18081,6068,7263,5341,12633,9063
8663;4;3;308;11757,12017,8994,15947,16399,14435,14275,16102,12807
6985;5;1;18123;6570,15966,19090,921,2362,2180,5857,14225,18122
9368;4;3;3589;11390,1485,4010,15570,12505,11697,13376,10694,4307
5355;3;0;7772;12960,15172,11272,603,7052,12148,10749,10388,1948
6206;3;2;4101;4378,11530,16005,18931,15930,5592,8115,10524,3143
8865;5;2;16559;1034,2338,5580,12060,15135,2062,13572,8220,2221
7018;4;2;12444;18221,16905,1584,12445,14401,13381,3901,16239,9872
6328;4;2;16554;12822,7914,12260,10817,11349,3239,16022,13869,16425
5056;4;3;1106;4407,2394,11475,3407,1181,6435,12547,11951,18694
6106;4;1;583;7562,17352,17043,16717,16920,4605,8624,11122,14939
542;3;2;17173;15808,8299,13474,886,15957,15880,8204,13056,12967
6950;5;1;3323;15051,4643,17405,2938,11483,17203,2081,5887,10555
2216;5;2;2107;13856,17443,16523,17643,2925,14928,4569,8282,11475
764;4;2;14267;7436,2163,18240,18402,8486,6669,2250,12966,8796
5198;3;1;1270;2546,4151,10626,7950,16451,1201,15558,16665,2186
2309;3;0;1587;1642,13595,2789,12510,17126,11767,4204,16627,18872
4260;3;0;17944;14176,11705,2366,4452,7032,16996,3246,5348,3456
7011;4;0;12313;7597,768,12365,10465,11671,925,4087,6801,3436
4910;4;1;3409;16541,11261,9801,10788,15458,3311,11316,14010,10294
8590;4;0;9127;16658,612,14983,11963,7674,9144,7758,17662,1515
5536;3;1;14957;10091,1334,11675,16784,10037,12277,16586,16449,2268
485;4;3;11191;2023,505,1834,435,8540,6657,965,1490,14112
6409;4;1;4474;977,10290,18625,14378,6365,15439,13785,7526,12829
2437;4;3;5417;3483,2764,17681,15295,4568,14562,7335,6663,16102
2371;4;1;14341;8033,3036,5281,17727,10604,4069,17038,8733,953
3614;3;0;429;61,5018,10132,1487,2738,604,530,13512,4837
6385;4;2;1391;12442,8699,1580,1557,12694,322,11565,16401,15441
469;5;1;7768;11383,6180,10368,4155,13026,9107,3896,13275,6472
2550;3;1;1417;11635,19009,14359,3362,13721,7976,12435,14541,18447
4721;5;1;463;11379,15549,1620,8979,12313,6033,18906,12793,12103
6450;4;1;8526;10690,15270,4153,2088,6413,4689,11819,6385,9061
7039;4;3;848;10036,11604,11019,11898,4215,12947,3485,10456,3823
3907;3;1;751;5651,16403,13361,7450,17328,17411,16356,10565,495
1441;5;4;153;13387,3865,13108,6742,1646,6847,4367,260,6671
1854;4;3;9345;16847,14022,12175,8977,6352,3568,14101,2676,11486
4666;3;2;15748;17501,13283,5306,12934,15659,7153,13441,12221,9327
2102;3;0;17620;166,13184,7180,7518,2457,8320,5900,11472,412
7650;4;0;1196;10280,3871,8080,7150,5246,4356,383,8663,15779
4891;4;0;17471;6247,16278,3871,15909,5401,15717,5393,152,16546
3875;3;2;2120;4278,7526,4341,17323,12180,8876,10285,8978,16116
8973;4;0;550;1929,2829,8900,13472,7559,13578,5163,18383,16919
3672;4;1;5000;10770,11454,3867,12218,1641,5997,9918,14069,16767
7623;4;1;1340;222,19131,4653,3575,11723,4914,14426,5469,11782
6962;4;1;14939;7069,1062,14104,11719,16742,7769,3486,9076,14854
3205;4;3;17188;4717,17156,3139,9795,16503,4873,8984,13251,8505
6822;4;3;4493;17065,17578,9522,8207,12940,267,4144,17811,13477
5895;3;2;16551;9082,17856,5781,8737,5184,18848,2704,5034,17765
7373;3;1;534;9508,1642,1053,7565,8225,6068,15092,8512,393
8060;3;2;6187;639,6926,16369,1892,11832,13151,14822,1552,4856
9162;3;2;7486;5949,17304,8044,10792,1745,18795,8406,4915,18679
3080;3;0;2319;620,18080,3474,11353,14508,4247,5642,1139,10810
5557;4;3;4844;6363,10496,609,16273,5332,6439,15810,2380,11893
3811;4;0;19094;12117,3379,10714,5798,141,18955,15291,9928,5417
2186;4;3;6711;4663,18297,9729,1968,2382,7893,5,11439,18400
8909;4;0;12635;12973,8311,8897,12824,9553,8889,1545,17695,3877
3447;5;1;15754;12331,16144,13790,11651,9054,9100,15753,18952,12843
7630;4;0;1459;15441,6526,12228,2939,627,16251,15655,1367,4620
4192;4;2;1185;17076,2339,7767,17080,14780,12560,1065,16951,17873
1228;4;1;17406;14453,12787,421,12907,8598,9988,2709,7736,9894
2952;4;1;14743;12709,12231,6185,3958,13983,13129,802,12391,19077
1688;3;1;1363;13774,14392,7396,8789,6102,8253,7544,15077,3084
5828;3;2;15769;6103,2382,1242,2519,18132,1192,15018,6827,7681
1486;3;1;63;9428,17482,12601,3185,8338,2200,17360,2778,11488
5900;3;2;13736;16044,16908,7440,8887,6714,15599,15955,18059,5403
452;4;1;4872;16494,17687,18261,4736,4821,10041,13157,2579,15865
5747;3;0;12358;13323,14361,1187,14550,17627,14146,11783,12100,15993
2947;4;0;8445;7899,5322,13155,16989,10435,16754,563,11307,17598
7253;3;1;1434;10266,3800,4643,12169,9259,9823,7825,15250,9644
8188;3;1;4151;13288,11520,2230,4146,1724,12716,667,13756,3399
8596;4;0;18236;7501,5942,16605,13981,16974,18600,855,3613,15538
352;3;0;2268;12847,13604,16583,10889,2533,12674,2825,5722,4391
1275;3;2;15626;2394,7542,840,6452,15530,15520,2938,9210,8727
3314;3;1;634;10714,785,15786,13619,3056,93,10282,2852,2340
8575;3;1;10113;4346,8972,1565,8521,1059,8223,458,16467,3732
1909;4;2;17047;18275,13940,15530,10187,19007,15065,14116,2957,9973
4868;3;1;5548;8217,12907,14703,17773,10410,1502,16786,18442,16111
846;4;1;17358;25,12731,8920,17528,244,580,18522,2205,6065
8752;5;0;4727;6472,7713,8174,1197,5060,15010,16377,13732,12418
8574;5;2;16698;18286,2200,13164,13035,17209,6649,17634,2021,3224
5515;3;2;14728;6740,15572,14422,12969,3162,6566,989,2898,1463
2710;4;3;378;2464,5926,12800,6480,13252,18159,11415,1697,18050
8805;4;0;6777;11820,15303,629,8288,14833,15779,10664,14431,1849
8372;5;4;3988;16554,17179,11368,16329,14504,9565,3295,16491,13137
7474;3;1;17729;7650,7984,3928,3988,3447,15324,17814,3295,16491
8381;4;2;11646;14859,12131,16056,9460,11351,15606,10513,689,12550
7303;4;1;13180;14106,402,9280,1628,9893,587,1123,8432,3666
5910;4;2;13926;11090,11786,7653,17833,16891,5739,16497,15040,4868
9270;3;1;13185;14539,8921,3996,15606,17020,9213,9171,1217,10375
8607;4;0;870;17270,1243,14146,9239,12153,9669,6242,12942,16858
7618;3;1;4837;11824,72,542,12622,8838,1067,14712,61,17846
7990;4;1;18126;19062,702,10547,8886,1354,16177,11561,8070,843
5286;4;1;11816;6561,1797,1309,5177,6031,2045,6423,2362,4573
9077;3;2;513;2565,8973,17156,18296,450,3910,2662,4095,8532
8109;3;0;10785;5475,11976,12567,3678,18156,14483,7057,13854,15966
6840;5;3;3610;16378,15948,14917,7166,1526,10642,15438,15066,13090
341;4;3;18050;4723,4469,17967,11770,6014,12148,14952,6021,2947
4775;3;0;16056;14888,4673,8249,14179,3724,15116,5752,611,2630
1563;5;2;17196;15489,10270,5417,13849,11102,9361,16752,13940,17763
7611;3;2;16815;12228,5462,11995,14793,7804,17541,12849,1445,8923
6771;4;0;756;1648,9465,18668,2179,13396,14161,1225,17872,14401
2816;5;1;8628;1302,10926,15669,6295,12467,3941,15065,17084,15790
738;5;1;50;2617,5201,6341,5373,18267,2576,5735,2831,6606
7987;3;1;667;3624,15767,1726,13623,248,5226,5440,11723,5380
6725;4;0;2114;1997,18770,13593,9479,4800,4378,13464,15930,17588
6389;4;3;17393;586,16169,2836,3694,3458,6919,781,13269,4082
6071;4;0;10074;7866,10110,3114,17677,5095,7730,3013,14408,17883
1748;5;3;2099;15928,10808,2345,10782,17473,16471,3245,579,12642
2029;4;3;6147;18062,17837,618,8092,4519,6232,12363,9198,15736
6033;4;3;13372;13470,8156,9404,89,18385,15285,17877,7514,3307
1579;5;3;15765;4392,15270,7407,19071,1405,18305,8526,7803,12187
5744;3;2;378;11512,2916,2503,16306,15387,30,18019,239,4077
4054;4;3;11990;11530,1411,6828,16536,10693,18360,12691,157,3469
902;4;2;13158;17707,9223,7203,14579,8534,1741,8058,11565,1056
1055;5;2;10137;18110,5589,4934,15207,865,11023,18553,5362,8420
9246;5;4;18704;15978,5368,6495,4318,7709,9313,10053,7567,6542
7229;4;1;286;18060,7217,4953,14319,42,18603,17478,17446,12182
334;4;2;11578;17376,14301,5750,7432,8234,16065,8835,6754,8769
1068;4;2;378;12011,3538,9523,5345,12539,931,2916,2269,16974
2109;5;2;13814;2029,18679,11834,5929,18568,4103,14256,13352,16031
2590;4;2;2852;12784,6039,10961,1909,17649,15048,4407,13333,9626
644;4;3;378;17307,12326,14665,9505,3926,13127,8261,16581,7884
4816;5;0;2220;962,6856,10648,12620,10663,8989,6184,5966,1329
1545;4;0;751;17798,15758,9817,4010,7534,5797,11390,8645,246
1917;4;0;1044;14640,11316,14419,17866,5319,17053,15137,15744,7629
3977;4;0;1760;8811,7862,6364,18656,6658,3052,17209,4662,10433
6121;4;0;15260;13181,5422,2708,9067,12146,3896,4114,18647,12676
6672;4;2;1194;18911,6460,3194,1941,1820,2423,10099,7486,5886
8760;5;1;2918;17304,10842,565,16055,10540,5880,14296,12936,13890
9339;3;2;4986;8899,9398,3488,833,16459,14478,17415,5049,17195
6326;4;0;2368;3476,1705,16969,10676,14184,2150,17560,7915,4662
687;5;2;3825;4839,4722,14306,7320,7312,7929,6538,4788,16076
1670;3;0;496;1244,7,1553,9483,6281,8515,14419,8148,17900
483;3;1;742;18671,18234,12323,9114,8041,11878,14786,3684,16222
599;4;2;13692;8036,19137,9611,8064,7678,8800,5436,4443,15438
998;4;1;597;18656,3461,13100,17360,14210,18449,2,17439,3690
2182;5;3;5495;12860,6163,7041,16365,8011,13582,2423,14322,14856
6372;4;0;1801;11625,6115,18475,17954,7266,6969,4656,9523,16234
4689;3;0;6381;15766,1460,11951,8438,11369,5229,12081,4505,12739
7592;3;0;1587;15742,442,5856,6363,1029,1533,18227,5978,15093
4809;4;1;9279;15778,6349,5688,18073,18583,17050,8582,324,15812
5252;4;2;1786;5495,11415,4804,16424,14521,1410,653,688,12525
9140;5;0;11768;821,13669,14494,2238,15501,17008,17502,10417,5327
1937;4;3;1633;11489,8211,8282,14222,12867,18925,3212,17940,1916
9277;3;2;6056;12460,17001,5442,6524,7250,16400,10223,7516,322
7350;4;0;2252;6420,18932,7606,12411,5701,12283,11060,8123,1321
1316;4;1;6960;4364,3349,12986,10631,2328,17015,9028,10674,6712
976;4;3;13450;3786,15138,12808,12743,13575,18153,14889,15067,9672
8;4;1;5378;7793,2097,18061,19024,5050,15967,7199,4814,14058
6461;4;0;2370;2217,9009,19034,15772,3318,18983,17340,13589,9546
6727;3;0;2898;11875,1957,10503,13490,15354,5065,2188,1463,1516
5831;5;2;5941;11513,15010,11014,13732,15384,42,11320,3087,7879
8794;4;1;7613;4957,17203,12689,2243,18073,6912,5397,4991,2766
4929;4;3;2019;5050,11409,18500,16841,11435,4352,942,15814,5702
3723;4;1;1391;10123,16308,486,875,13396,6526,17494,2592,5794
1273;4;2;13800;5348,4970,14787,8090,16201,18880,16873,6390,16796
3304;4;3;15250;7108,5887,3077,9163,4339,6483,2646,10651,12226
6421;4;0;2659;7438,3434,16370,8305,1970,13069,2761,17041,7785
799;4;0;10489;16344,6127,17992,5475,12756,9973,18954,8929,4566
5751;5;2;16962;17001,4729,18783,12623,14274,9283,15655,12766,11993
717;5;1;16444;15550,5986,8230,17736,2175,2171,746,14678,17827
8211;4;2;182;2027,18379,1007,4626,1329,16044,11266,4334,1788
16;4;3;15363;4314,12750,206,7444,13711,4973,13906,2823,17177
5848;5;3;9860;2191,10932,297,12222,370,14421,7187,13630,3690
8845;5;2;18974;5285,5292,812,14535,1173,8391,6535,2339,1164
4615;5;1;628;14536,3459,11851,18551,6161,1589,18387,5992,6952
4010;3;2;1494;11191,1165,13541,16992,6399,14532,6362,9985,4667
6661;4;2;13619;17263,8964,6506,12157,6483,6069,3154,15489,10544
2337;3;2;2107;11121,8177,7845,18054,10170,8372,17055,3741,3969
5739;5;1;1380;7336,2165,3395,1988,16066,14034,15627,16374,12044
6413;5;3;8211;17766,6202,4261,4833,14353,4957,7264,15871,6044
1497;3;2;8398;1313,18918,15195,5290,12737,1783,17840,14874,17969
4540;5;4;2857;11045,2807,16696,6325,11257,1526,7,2296,3290
972;3;0;12940;17811,4144,17578,11098,8207,15036,14466,4493,2206
827;3;2;12967;10545,14218,10489,6192,15887,14332,11251,4425,7332
4625;4;2;5876;13973,7559,13949,98,10411,6530,2154,2674,1058
700;5;2;7544;432,11020,3069,14503,269,18003,16966,1444,15799
967;4;2;7096;9680,4267,2955,15430,3953,5985,1058,13999,11562
437;3;2;14398;3897,656,10080,16920,3693,17590,5392,7353,14081
2928;3;1;16785;451,11323,10226,10257,13717,6426,9151,3800,1618
2159;3;1;5091;9308,18918,8117,781,15336,7648,4313,9838,11872
5568;5;1;14621;1426,12968,827,18677,11818,9923,16697,7028,14330
8937;4;3;378;7476,2269,4445,4772,11145,9372,2545,16806,4845
593;4;1;10653;15376,4924,6227,14752,9359,11640,597,17716,17556
6604;3;0;2728;5936,12238,1253,8269,3382,17150,17730,10595,14962
1598;3;2;1967;15564,8500,1977,5390,11921,16101,13764,8946,3324
4956;4;2;378;15686,5391,12121,3613,15406,12346,6411,6853,1738
8922;5;2;1417;408,11623,16690,4833,5475,3965,10880,2534,648
557;3;0;9585;12754,3010,8498,13746,12083,6214,3494,12844,17195
4976;5;1;5428;9693,4504,3934,16808,17511,6967,10149,5154,15393
2460;3;1;12901;4375,15827,13572,11955,713,7906,2338,9287,60
5461;3;0;365;18643,9727,7473,921,10170,16685,9509,2573,3649
702;4;3;3835;13732,14045,1970,16973,6029,18875,8238,5422,13975
5089;3;1;1759;18616,9595,6905,210,33,4390,1804,863,2815
6294;3;2;4200;3659,4433,16961,14427,1684,2275,13209,1453,11275
3282;4;0;13185;2339,9378,3302,9887,6432,5439,10224,18657,16892
601;5;1;7648;1871,17036,11742,18492,8413,3694,781,18332,14408
7043;3;0;1469;12109,15656,4690,10505,14112,4383,14160,7708,10162
4512;5;4;5921;9573,11182,6055,13222,9343,2798,2861,5767,16545
392;3;0;2612;11525,10386,8423,1782,13859,14230,15044,13812,10932
639;3;2;11557;8989,2934,12370,11266,6198,3731,13377,13373,15233
8588;4;2;683;2227,17647,16306,8761,151,12836,14816,13211,603
1265;4;1;378;5823,3632,10808,10662,7484,19098,10119,2889,2099
7740;4;1;356;18007,18281,190,14839,7150,4173,18275,16125,3079
3429;5;0;13629;14908,2063,5238,17634,8715,4177,9069,14915,1760
4201;3;2;7793;8900,14975,8818,5063,19081,4767,10139,12041,14014
7419;5;2;1236;15624,10168,16064,8341,8188,9166,7437,11895,15006
4103;5;0;2160;15387,6900,7030,6907,2652,11799,6147,386,16168
8440;5;3;5281;1794,2631,4891,13182,354,86,5906,8041,14180
8039;3;0;1587;7986,7183,18308,8754,58,10358,10425,609,18171
5082;5;3;2127;16508,6599,10193,3687,697,4795,2491,9015,1185
1858;3;1;14597;2945,1520,11449,12915,5702,8700,5498,12219,5160
7688;3;1;1509;11267,2241,2711,12375,5491,1642,13177,11654,15742
5224;4;0;2659;625,17137,5941,17426,6029,50,4736,11014,16145
3217;5;0;13643;15034,1753,8361,5314,10553,10960,2010,8145,1190
8943;5;0;8297;11605,18567,13692,4201,17484,13036,13611,4224,1553
9171;5;2;11786;9486,15988,12003,7302,2186,13775,2713,10036,11869
1397;5;1;1417;18746,15490,629,15778,12156,14075,5848,15530,12893
5903;3;0;18968;7211,17448,17980,2859,17809,3382,1219,2214,14246
366;5;0;2370;2792,13461,1289,9134,11719,5897,4605,16799,18983
5723;5;0;870;2000,12365,340,12899,15277,2755,3495,19111,17320
539;5;2;18004;12071,18635,18023,16915,1746,17502,5228,13048,18140
3739;4;3;378;16118,15117,6321,15747,13006,17307,11710,8990,5690
271;4;1;10468;1615,717,17085,18718,9539,185,4613,2352,188
5492;5;2;8134;11235,16685,12467,12163,10282,17643,3895,12581,3360
2336;4;0;496;19114,12360,9165,18567,14938,5415,11451,5968,7753
8791;4;2;10322;3490,3263,15897,8338,12972,16672,5265,5567,14631
7339;5;3;14778;3703,10986,7282,2162,7103,1454,6070,17587,16329
7587;3;2;5252;17217,4464,4492,18885,7377,360,51,11783,1621
3272;5;2;3686;1872,12328,11202,13939,10341,10846,2720,11321,12361
5634;4;3;1040;13853,5848,2298,3202,17914,15025,5493,3649,7473
2975;3;0;10065;10941,6294,17555,11139,15969,6054,11304,12833,5775
1882;5;0;3457;254,12187,4473,11749,4689,12879,7725,13826,4946
3772;5;4;11086;7796,8699,16763,8492,11906,12471,12842,4550,1579
7182;4;1;13088;13854,5227,17845,5475,8276,3336,12490,18927,10186
7323;5;0;16201;17072,6634,14653,15305,17552,18374,10787,5789,2130
1546;4;1;1677;18193,11268,126,2474,1960,17354,15792,9715,12017
5180;3;2;1996;16948,414,17846,429,487,11824,6467,12622,10563
1931;4;3;378;17656,11503,17521,16921,4188,1986,12557,603,13540
6401;5;0;2469;4690,15943,5904,2902,17850,9390,4066,15712,2828
5573;3;0;269;1448,2823,3469,17177,1969,5933,14973,432,13593
3902;4;1;3429;8142,14115,16523,13945,18226,12639,7473,2712,15871
1226;4;2;14967;12689,8967,7024,14682,15887,8417,18151,15582,2938
2387;4;1;406;11194,12219,1418,4642,4263,17660,7313,18567,7623
4784;3;1;14861;7137,14970,3139,15162,10624,14686,7990,17462,18697
8593;4;0;5306;13508,4665,3772,5629,14602,13820,4251,13400,3264
4913;3;1;93;19103,8994,4432,5980,3060,15960,13851,18215,4036
7453;3;2;10897;2156,7363,18347,6262,1566,3314,1056,13769,9941
4189;4;2;2085;12510,16716,15809,16273,19170,7986,18081,5185,8161
9331;3;1;7961;10877,14242,10097,9984,13623,10456,10114,8775,17322
3248;4;1;9003;5151,13157,17802,42,859,2707,3229,14113,8167
288;5;1;378;15285,9667,2055,17592,14753,18386,7041,14396,7698
705;3;2;1671;10132,14712,15662,542,6674,3951,8838,4175,10563
6490;4;1;2179;16827,1328,7656,5194,2527,8085,7709,1584,5913
4675;3;2;17415;300,2260,17409,7025,10264,6280,2005,17701,17059
5979;4;2;18882;16966,13079,2793,18931,18048,10404,10397,12597,16964
8194;4;2;5025;1083,10231,12121,10730,5339,262,19148,18485,7519
8897;4;3;16295;3788,4005,3194,2356,17261,6969,7701,5239,3159
2745;4;2;378;6881,11833,14909,11914,13807,1665,1794,3334,18965
762;5;3;18004;2368,1954,6084,5253,8357,2232,13626,1233,16642
2229;4;1;12781;2482,12473,13453,5103,13717,11161,6820,13096,357
62;4;3;10041;9059,10028,6185,4637,13747,2455,16805,8241,7499
1834;3;1;10810;11928,7422,1091,9369,747,79,15732,4945,13109
6549;4;3;902;13891,10101,8701,12713,11444,17608,12903,3655,15159
4506;4;1;17738;11335,3018,931,2158,2231,16580,6108,14380,18910
1012;4;3;12593;7846,4891,4008,9155,12957,119,12469,10742,18401
877;3;0;2495;343,14916,2299,11624,1796,12083,5598,12456,8060
7277;4;3;16357;9532,12156,12893,2552,5227,465,5343,18990,14369
383;4;1;197;8547,5284,11983,7071,16505,6249,8281,10068,11616
2083;4;3;18291;7605,13176,17333,18925,13502,13797,6295,18057,16694
6457;5;3;9647;15550,6424,11989,18343,17258,1497,6222,1113,6056
7226;4;2;5110;9554,2997,19009,15065,16756,10790,2556,3144,4428
4505;5;0;14283;15574,17641,6746,15737,12896,10526,17933,2614,10469
7891;3;2;378;8255,4064,8041,15825,7698,11303,9574,16031,3825
6576;5;3;13887;17359,9100,16148,6634,12721,35,16225,18095,6322
461;3;0;10892;4246,14495,1491,15479,1611,3625,1888,15710,5905
1237;4;1;18551;29,11842,5994,18011,9015,9231,16567,2491,3302
1004;5;3;15770;9394,11850,4677,14292,3688,10291,3012,4069,12044
688;4;3;1823;12902,18291,17000,14907,356,2852,15295,8116,10304
1066;4;3;7426;7418,3172,15529,13058,12426,3417,7308,18981,18065
3472;4;1;5897;4094,1386,7562,96,1530,9427,9009,15268,12170
230;3;2;130;15987,14883,18329,18675,14310,18330,10678,10457,4653
4163;5;1;17912;17120,14847,2787,4463,12300,18736,8771,6196,5538
1030;4;2;2080;7814,6137,6104,17976,2480,5889,15003,13364,9180
7411;3;1;1434;2573,2456,15717,5041,10926,14991,2633,5246,14757
9211;3;1;380;2394,145,12031,7905,17626,5676,18137,10519,1156
4606;5;4;17765;17361,5283,8977,13233,2704,15142,4992,3024,7019
6432;4;1;12327;627,15975,15351,15607,1626,12623,240,17220,8694
3235;3;0;8903;13097,10544,8866,629,15778,13590,5490,3056,531
6018;4;1;16868;8670,153,1646,10317,37,8239,11124,10930,6742
2042;4;1;4677;16437,10477,18236,17355,18739,10591,12881,8901,14857
3637;4;0;7265;8276,9820,15626,10965,4428,6663,6337,8956,11389
634;5;1;6274;9398,7433,14013,15794,11137,5920,1561,18967,7781
3809;4;2;6608;3521,7864,5706,12420,16777,3677,367,8621,14221
415;4;0;5537;3126,2265,4421,9968,10432,12781,12753,11717,9549
2491;4;1;14098;8438,18746,17421,1622,10870,5712,5229,14544,145
8758;4;1;683;8406,10842,6826,2257,6518,5299,6219,8513,3632
6728;3;2;14346;10847,14815,7194,18283,16712,1799,4711,1963,6389
6116;4;0;786;8604,14255,11870,6466,8431,8511,6054,1548,2086
7228;3;0;5657;10524,16587,13220,9008,15799,14958,575,15596,11184
4259;3;2;3274;8221,17514,16391,13660,12896,6899,16843,987,5242
6932;4;2;6511;7401,17069,6594,6446,1116,5921,15362,381,12572
3997;5;4;6359;2220,12301,9922,2593,17206,12370,17147,1015,2068
8432;3;1;1587;13566,12633,14485,4439,6514,16854,17703,1638,9418
5543;3;0;179;2206,13477,14466,17578,17811,12919,8207,9522,12940
4969;4;3;5587;1764,311,10181,291,11521,9227,1804,8010,4321
6781;3;0;453;13070,7655,12195,7978,12890,909,10526,17933,11444
7962;4;0;404;15947,372,886,17767,12699,6793,2536,9181,3320
1650;4;0;15759;15815,6341,5492,12825,15592,331,12932,7492,4703
7013;5;1;1796;15796,6060,6593,12754,11624,5742,17309,7616,9585
1975;5;2;1948;1972,5514,16417,11837,6596,7448,12363,8538,889
5974;5;1;378;11543,14257,644,8307,9809,13182,12388,8290,9989
1140;5;2;18221;9160,17930,17872,13649,3990,18343,18662,8753,12237
1294;3;2;828;334,3635,14813,5531,5674,12336,1334,2485,13262
7958;5;1;14888;6620,18678,3730,726,16970,11651,13185,6080,1341
3326;4;1;8253;157,1339,4936,15077,5959,16697,8118,14621,3260
4076;3;0;14697;6452,16576,12971,1960,5139,6824,2882,451,4813
1413;5;3;13962;8490,599,16370,13768,16660,15392,4506,12449,1637
9287;4;1;6071;12056,4272,8749,16201,18091,5144,3724,9887,2611
326;5;2;15898;10072,3284,12934,18377,9459,1163,18809,14896,8221
6942;4;1;6510;8124,6057,16804,5857,18715,18562,394,10695,2028
7207;5;4;15811;15762,10431,15661,13688,8812,15131,17526,10359,10799
9351;3;1;13300;14114,17197,14515,2530,2973,8653,17660,2587,13959
1799;3;0;7981;541,13241,16755,11900,1974,12584,8434,538,17696
8243;5;2;8356;2418,11900,2215,980,1537,9981,3346,13107,540
3803;4;3;1719;4534,3886,8036,2285,18532,13500,12495,16280,15214
6587;5;0;2245;15851,1538,11342,14902,11721,5321,14611,15954,11565
3562;3;2;12785;11413,4641,42,3702,7352,5922,18116,5941,7523
5279;4;3;13252;103,8312,1948,603,5872,9797,16673,16851,2135
8635;3;0;9946;16302,6852,10520,17321,18515,13843,13737,17809,8296
3139;4;2;3455;8473,13643,4032,7391,3463,17217,2166,12063,8878
6459;4;2;917;13847,17241,9166,14185,14066,819,16064,1299,13552
7271;4;1;7656;10566,1795,9102,18039,18693,5630,8190,8492,18172
6933;3;2;1460;7622,10519,14098,18927,8884,3574,3862,13176,8208
8245;4;3;16794;9240,14883,13604,10994,17370,11864,14479,11782,14310
4126;4;3;12613;62,10834,6957,473,4108,11480,2154,16001,8821
7008;4;2;7738;15547,11462,13565,477,13545,3442,12103,17320,7191
5327;3;1;397;15383,17920,2682,13084,6442,8953,12858,16941,3495
2976;3;2;7655;5629,12713,18563,7248,10538,17034,19089,11444,3206
586;5;4;9868;18023,3857,2001,7187,16149,11583,9132,3392,17716
2236;3;1;12601;11583,10918,11640,6468,14494,6948,6096,11996,5765
3427;3;0;13725;14689,9201,6803,16613,8906,3709,16628,9504,4402
6419;3;1;905;16300,11549,8463,12577,15133,19139,8434,19164,7612
5417;4;0;6895;2618,11674,7,16378,16856,10692,15870,16900,14100
1469;5;3;14423;12500,11894,15532,8850,9540,16879,671,16309,755
389;4;2;378;5800,16234,17825,10590,15525,13850,15905,10604,9971
8624;3;1;19166;3309,1278,9888,16882,15998,16583,13412,667,2137
4314;5;4;14235;7565,9508,2380,3042,10425,18455,10487,4204,10883
4291;5;2;11453;348,5920,6206,3010,3674,15781,2844,10783,3710
2826;3;0;4459;10693,924,14462,4936,11855,2849,2006,4314,5959
6082;4;0;3741;15291,15520,9748,1040,11951,13206,11813,11623,12549
2057;3;2;13760;11633,575,405,14958,16221,4097,2254,15930,11020
7329;4;0;3082;9935,8446,16716,3042,4511,14354,7271,6595,1079
8103;3;0;1529;2079,10240,8891,9532,499,18007,15778,3874,6675
2916;4;0;3877;19049,12248,8434,12632,8311,7615,8892,13579,1672
2479;4;0;16123;1910,7390,15972,10929,13852,6561,3272,5468,11815
5689;4;2;13683;3499,12632,9553,10344,8665,977,2418,5267,7977
3446;3;2;10734;12057,5123,15633,2074,5547,75,14422,377,16566
307;3;1;226;9718,5444,3036,2227,1194,6460,8326,18739,13252
4590;5;2;13201;4258,16637,9926,13438,4397,14937,3940,2801,18195
2269;5;3;3496;401,396,4584,6725,9343,2550,5764,17407,13047
3341;4;0;2609;1197,6376,4054,14743,3702,16797,11274,13597,2576
1404;4;1;9072;1082,6154,9104,11596,9717,6982,89,8448,4229
3837;4;0;2354;10405,9732,12880,19039,2660,324,4261,17848,6516
4601;5;1;17761;9371,8137,12880,13146,16263,4905,15295,6030,18689
3396;5;4;4;18719,1173,1090,697,4500,14301,5292,3899,2095
2504;4;2;820;8542,3784,7176,13182,18153,16165,793,13895,6249
6890;4;0;12968;16354,14973,5643,13906,5860,1473,15798,6205,7373
1267;5;3;820;18912,18121,6218,16027,7929,9246,6249,19072,5872
5797;3;1;16133;5939,4789,3523,9663,10504,16712,10906,6808,13003
706;5;4;565;3091,3477,3978,4817,13272,18121,5599,4229,2620
8581;4;2;378;13909,14337,18623,2889,3775,13375,7081,1235,15367
1395;4;1;10149;1793,18909,4004,3935,8930,18450,7634,16794,9373
851;5;1;16107;11879,15512,11175,17550,12548,3801,13644,6459,7369
6377;3;0;11232;15779,4833,15301,16694,14477,7728,14825,4021,11679
5879;3;2;891;9247,9092,2201,5243,2352,16376,18321,14553,12149
8264;4;0;14813;17539,1704,8928,17823,248,17241,16583,13623,2268
5778;4;2;2087;7109,7917,12510,15386,1533,2117,6607,12711,9563
272;4;1;13486;1115,9315,9136,15012,11690,15753,14031,7645,1088
2104;3;2;6407;6081,772,13971,6112,13850,10388,8578,1011,14952
5661;5;0;8641;16960,1674,7890,17964,16368,13832,11443,1282,17007
9110;4;3;13938;3476,7871,6791,10639,19108,3667,14904,17502,1735
6012;4;0;12146;2790,4015,1084,6892,17446,15672,2617,17357,18875
5080;3;1;11664;17571,7718,16242,10037,6008,2404,130,12947,11675
2726;5;4;15438;14912,8121,5967,5302,12772,1132,371,18935,10776
9116;5;2;13539;3100,8699,9216,8085,9313,12286,11013,14209,9455
6958;5;4;19063;11661,4470,7107,16137,6903,14751,8259,8749,1185
6238;4;2;2885;18091,2607,5285,4,5064,4917,8690,18095,3089
7817;4;3;14720;11144,9006,13716,10972,12312,18253,11646,10549,13608
8629;4;1;12604;4364,16580,10718,12116,11276,2464,6729,14054,10606
8395;5;3;6010;912,9204,12944,7368,14001,2423,18528,1614,11328
4894;4;2;13317;13140,18926,6814,17328,14762,11888,4871,4434,1371
8212;3;1;890;14198,872,15895,9232,6101,347,7943,18815,7792
5791;5;3;861;9416,9379,19072,15838,14012,11362,8761,13771,14521
5081;5;3;9762;5281,17310,7161,18478,1936,10430,6898,7448,5601
8314;3;1;1561;17599,11258,4297,8139,8899,4442,6623,17409,16772
817;4;3;11588;3401,3480,18405,4732,695,757,11729,10539,16368
7004;3;2;15240;13469,13920,18863,11377,10736,6865,14415,2105,3992
8130;5;4;543;14179,15116,12500,6928,16225,2366,8835,3687,15597
2111;4;2;6168;15087,434,18895,11894,12189,18971,18989,1763,1850
5905;3;0;14786;18681,6897,3516,8842,7574,10004,11253,16424,13255
4265;4;3;378;12604,2889,4801,10452,16602,3178,12679,12044,3131
5993;3;0;15128;17634,8246,5640,10127,11116,4103,13483,14543,166
7728;5;4;1366;9947,5731,16867,1737,9897,4593,14675,4085,16521
3301;3;0;2005;706,122,15222,18814,17415,14654,5910,12844,12456
4369;4;2;4002;619,8001,14045,9768,18116,3830,4703,7039,14618
4940;4;1;813;13615,11105,8621,287,17423,8264,1031,6397,11986
420;3;1;1917;5525,15692,2560,3698,9685,173,14004,11075,12962
5103;4;0;18585;16118,4519,12521,177,13027,10894,5800,14812,8261
6436;3;1;6056;17570,12765,5442,7761,11656,12198,17632,8862,18870
7430;4;1;6380;13806,2603,14585,8624,12715,18983,5084,11263,11423
6470;4;3;15979;3684,9077,4595,15176,5800,14824,12366,3677,1883
141;3;1;11511;7325,7058,14492,2398,18604,3454,7266,8873,14934
3646;4;2;364;4117,14691,6795,8844,6383,16915,11642,17637,11711
8170;4;2;13226;9451,13646,11885,11319,2489,12640,5119,17035,10860
4270;4;3;116;18709,11253,16675,15686,18768,4891,4141,7467,7842
365;3;2;17487;3278,11910,679,392,8104,6682,15279,646,11504
7410;4;1;18983;3487,12087,8624,15450,9546,96,1289,9772,16799
2490;4;2;6114;1910,10435,9123,17421,4527,17688,17299,6269,16104
1581;3;2;4707;11333,1654,10123,4726,6393,6830,1573,5530,14253
1573;4;0;1004;13163,8587,3060,18925,7110,8914,13224,16701,126
5360;3;1;16622;11679,6771,1992,12162,17777,321,4041,14297,7306
5858;3;1;7929;5678,11808,116,8406,8621,2435,1659,14890,3869
1785;3;1;5263;14570,15795,15644,9489,13708,6126,16700,13249,2070
5609;3;2;16308;1536,6818,7567,16578,14803,959,3803,7505,14615
5390;5;3;10185;6187,3442,11890,11959,17071,11033,15365,12999,18836
5047;4;1;9994;11701,467,15645,7859,3341,1610,4833,12699,18355
550;5;1;4677;15736,9463,16977,13808,10550,14012,6997,3691,15166
2918;5;1;2093;17271,4477,18058,12081,7113,13146,7833,16989,2930
5821;3;0;479;14136,17846,418,8436,9804,11824,8838,604,15662
8502;3;0;6056;12355,18395,11989,13001,12287,18102,14714,875,18172
4695;5;3;378;2931,10261,4049,11847,18385,2464,9028,9858,4397
2502;4;1;18290;13418,3063,7382,451,2959,1492,19159,7494,12689
2270;4;2;861;11596,9913,14140,14341,4445,16347,17825,12414,7846
8481;4;1;16873;4850,5570,4734,15344,6645,5909,15180,2491,14653
5519;4;3;6745;16337,5804,11128,14603,3907,2790,12240,3434,4088
9262;3;1;5436;13538,12772,6778,19155,2999,2618,9055,7313,2387
3053;5;4;10394;340,18553,5000,12654,18213,18612,8459,14370,2755
1326;4;2;16051;14751,5064,2607,7927,10985,12131,10518,18032,18895
2121;3;0;1125;1468,2111,1957,13843,5123,18167,559,6740,2898
8537;4;0;17547;9914,3716,3567,2387,13238,5071,14345,2928,7549
8677;3;0;2430;14453,7909,8431,11266,9056,4499,9529,15883,3128
363;4;3;18258;2335,11691,10282,18073,1564,10500,3111,11728,9653
4319;4;3;683;10707,14054,9404,9161,2165,11072,4229,1213,15054
1835;4;0;2726;11616,11458,898,7445,13909,310,1667,10158,2160
5995;3;2;14848;7598,18906,14484,17064,11379,8757,6335,17974,17328
1883;4;2;7342;11176,6521,1831,17870,6730,437,10519,1141,5139
8200;5;4;16267;8212,17181,10280,12567,10189,12102,4414,17598,12092
3554;3;0;1004;282,8134,4568,16911,3793,12372,7833,4536,12501
8183;3;2;945;14415,5,10451,15240,10892,885,18484,17142,3672
2570;3;0;1004;10890,5847,12498,2355,2132,5696,16406,18436,16195
4819;4;1;378;16471,3593,12350,7692,5138,5122,11738,8317,2149
5117;3;2;4095;4717,7541,11482,15730,13969,11065,5107,10712,2662
4622;4;0;8594;7173,12780,11891,5035,15967,832,15302,2461,4201
2304;3;1;1121;8725,12637,410,10643,2117,1638,4439,9064,16460
8118;5;3;15364;5378,10184,12167,11559,16601,14655,3892,7356,1652
1780;5;0;9790;5213,17118,4436,9607,15877,12447,17625,3987,13536
7413;4;2;14425;19152,12991,7170,18949,3201,455,14925,16260,17613
8714;4;3;1380;12808,15831,2464,12823,8255,18273,13385,17230,14205
5330;5;1;7386;18893,16145,802,4521,11243,12240,13026,17392,331
8945;5;0;6034;12441,14574,18379,15026,10419,18940,12707,8719,16209
4220;4;1;4258;11511,8786,11634,9177,354,11044,16505,5134,18159
1119;3;1;12094;7361,10465,5203,5631,15429,722,18612,8779,9791
137;3;0;18798;1521,1159,4756,8597,16598,15570,8145,12153,3455
7813;3;0;12737;7730,7734,10110,11852,12215,2407,17240,11742,11569
8895;5;1;12116;8410,10586,5130,17153,2916,14887,15126,15248,15156
2355;4;1;17653;12881,16428,16129,3788,18145,3869,683,14001,10677
2030;4;3;3593;11290,2794,18041,9797,6579,2520,15367,15156,18385
4706;4;0;18515;6745,8000,10650,8419,18751,2455,11493,18030,12551
1744;3;1;6213;12361,15813,6656,9580,12291,10912,4203,3061,10101
2378;5;3;3629;11430,17836,10854,2797,18647,2579,7347,4054,11493
5256;4;2;14100;12613,11559,4522,15302,18506,14925,5705,10719,2995
9347;4;0;7500;10690,9927,18305,7407,19071,9476,3164,12334,7303
4231;5;3;3167;4551,7834,16088,16365,8235,16073,14897,10631,6635
6590;4;0;1509;15247,4714,13595,18888,15809,15325,12975,13566,18380
1416;4;0;10600;12777,16893,18245,4216,12398,2794,13752,10969,5691
1046;3;0;8661;17923,14158,7314,3365,14453,8722,3188,1075,2321
4728;4;3;13131;17463,9039,1508,5602,14631,17652,6254,304,13583
7772;4;2;378;13116,14001,6488,5280,7102,9741,11799,16055,16686
1735;5;2;16951;16322,14661,9054,6839,12457,4673,8028,2803,15180
2112;4;1;189;17178,4150,8392,1812,4761,15339,867,8697,5687
5960;4;3;5848;1978,4905,18494,17397,7024,2298,11121,5925,13616
6356;3;1;2005;14635,3710,4684,6241,17623,14478,3353,17996,2495
5199;4;0;64;18373,5499,17837,15747,7654,545,7742,15356,15939
6226;5;1;8742;10476,12505,8976,5797,14582,8597,13792,17690,1621
5055;3;1;3678;141,11089,9792,14999,11087,15669,18598,1849,14629
5094;4;1;11401;3199,14929,2009,9791,11042,424,9686,8287,4629
3040;3;0;18333;10373,6148,14119,18830,15825,11008,4188,1295,13133
5348;5;4;2099;14376,1657,15285,12366,15807,4995,14206,3794,7574
1361;4;0;5601;4188,13331,11829,12461,16118,1235,12350,11303,4077
3420;3;2;1463;2898,3249,377,3162,1468,16566,11875,2872,1518
492;4;2;378;3563,8158,2801,16055,16640,18965,5949,15764,2661
3380;3;2;172;12814,4116,5046,19168,3343,8972,2215,6609,18765
2225;4;1;3311;1230,18061,7773,16488,8121,2757,5572,1911,3957
1806;3;2;387;3643,4070,13686,4300,18894,4789,8380,7639,6011
1090;3;2;7815;18163,5035,17082,16496,6817,2587,12566,15641,14734
8634;4;3;16437;9677,9675,18799,7321,7333,22,793,16558,7058
8902;4;3;378;9177,17653,15468,87,15831,7513,17986,10029,7124
183;5;4;3092;7259,2218,14374,9431,12894,3623,4665,1766,1400
5992;4;2;18276;10127,5888,7298,14606,1168,16410,14213,3285,5900
9126;5;3;12089;5600,2609,16047,11243,3545,17357,12643,8001,17108
1389;3;2;7974;11217,17187,9197,12259,2093,17630,14907,14967,2036
3151;5;4;13399;6052,7210,18357,14908,1531,2866,3208,13710,3392
4244;4;3;6216;15370,13394,16099,6189,3541,9945,9104,18222,10449
4549;5;0;11965;9919,7979,18083,11727,17415,12083,13951,2240,7025
3564;3;1;1004;16701,13733,16517,18954,1808,12081,10937,7480,16053
4366;5;1;15759;4886,5304,5019,10816,14078,7454,11243,15910,14063
7005;3;2;1244;17218,1929,18720,12306,858,19092,15862,8654,2999
8667;5;4;15075;13282,5891,14030,15521,2410,10337,11922,3947,11880
251;3;1;3853;1092,16101,11800,2011,17800,3227,8517,1605,4413
898;5;2;2005;4122,551,11112,14987,8369,14853,3820,12024,18448
3185;3;2;1999;1424,2691,901,1034,1199,2597,1712,15225,8220
4402;3;1;14881;15112,5325,13363,1383,14416,7792,11440,11142,4610
39;3;1;9648;5885,16707,16743,9842,6306,9145,14982,15705,16686
7670;4;1;10041;17687,807,9601,331,1399,11513,9004,15621,13605
8970;3;0;16951;14386,4975,6871,8249,11968,2907,10549,1115,8028
4057;4;2;5109;10656,6582,13002,7549,15053,2387,15956,13436,11001
7239;4;2;15093;5491,7271,4440,368,6149,11767,5801,13177,1509
7857;4;2;17716;13426,6058,1782,17568,7832,15501,18366,12426,1956
423;3;1;3648;15574,18036,7759,9920,11555,8583,12328,11321,3389
356;3;0;1587;13177,2085,9284,5896,2711,7986,13687,9935,18714
4275;3;0;4093;1786,6900,1507,6854,10474,1200,14065,15084,2365
5009;4;2;12228;11798,7873,3145,6718,10395,8478,18221,17852,14253
2432;4;3;10063;15897,6420,15665,5802,2951,14994,3667,10196,2537
8399;3;1;6510;15015,14162,8137,7494,12971,6349,3862,4109,13176
7031;4;0;17279;15083,13402,18910,10180,4901,2147,18768,2918,3307
9361;4;3;4572;10693,2254,6285,6012,9996,5040,15477,7891,16167
8173;4;0;1391;17884,18270,14252,7656,18701,5552,17916,11989,11151
5361;3;1;3356;16288,15085,6721,14563,6244,11429,9496,10658,1354
8099;3;2;3095;2032,370,15539,15044,11166,15191,17209,17311,159
5088;4;2;17438;6540,7575,14294,11791,8918,4301,14974,12918,15098
2844;4;3;8580;16686,11773,13981,8136,1345,16831,13607,16031,12957
5375;5;4;4701;9717,18385,565,11960,6579,2949,11850,10158,5601
4440;4;0;7120;4586,3046,7311,14240,8702,8271,12732,18547,302
7879;3;2;1897;11444,3264,7072,17485,11204,11420,7930,5306,6869
3507;4;1;1846;4673,9321,17080,1114,16798,10085,11365,11646,15472
1524;3;2;628;12792,4673,14244,611,11301,12560,2577,8924,17020
5185;5;1;17260;18769,16883,5621,10525,5412,14873,13609,16219,6667
2622;4;0;9529;1502,2282,9186,3411,18229,17648,8989,4334,3068
6122;3;2;628;18678,671,9975,11994,11125,18011,2906,6980,6754
7341;4;1;378;14108,6296,10638,6321,11070,17887,7176,14119,9717
6799;5;2;1166;5121,6819,9263,14025,15523,16284,8486,13488,15901
3324;3;1;1276;472,14555,983,11100,1875,2324,16126,17107,10248
1439;3;1;550;5051,15776,18589,13238,1946,3585,4286,3892,5565
4167;3;2;3956;3735,5246,16344,12162,19142,7899,14972,3256,1332
8772;4;3;16931;5845,3868,16446,8939,4228,7731,15697,14568,5051
2422;4;1;4432;3492,9593,7243,10785,5700,19159,16752,3078,17187
8648;5;0;297;4515,10327,6298,14904,259,17705,3263,12009,14627
1471;5;1;15787;14504,3447,14123,7103,16491,3989,12641,11349,16554
4041;4;3;378;3245,11503,3546,12881,9010,11943,3697,14056,18884
8730;4;1;13358;8477,3993,435,834,18941,11062,11007,17447,6124
1832;4;1;1157;8071,3219,10024,2237,15162,15658,10970,7840,1188
3413;3;2;4835;7391,14754,7327,11461,13084,5536,9011,12313,3580
4723;5;0;388;15910,11079,12676,3836,13362,7462,2831,9445,10368
4305;4;1;11416;12429,14405,10442,17718,543,2817,14105,13486,17552
2530;4;2;378;4587,10749,15452,8406,7195,9913,8444,12930,16088
6593;3;0;2165;5025,14381,6641,6091,1082,18471,12143,11807,4954
690;5;0;4630;8741,5995,12289,16661,6468,821,11711,18750,17601
2818;5;0;6547;13598,6743,11787,9834,3487,3408,13806,15693,7136
8689;4;3;378;11611,14205,15556,2794,8113,11983,4277,4062,953
3109;5;1;730;697,6478,13877,1224,15012,13716,15606,5096,3088
7214;3;1;10784;4172,7905,11004,5834,10956,10937,11089,6299,5493
8325;5;2;356;6190,11177,13110,5847,404,12021,129,15051,4505
4580;4;2;5000;13361,5969,18891,1012,9918,18501,13276,18572,12489
6616;4;2;1650;2789,10425,18364,15092,3652,18171,7272,9736,13566
3349;4;3;1927;10803,10799,1729,8895,17207,8593,7537,8821,1058
3367;5;4;3772;8292,10341,6746,11202,7655,13581,11444,17864,14896
5803;3;0;2498;2758,673,18460,4502,13584,6141,11392,18769,11333
6134;5;3;15924;12496,13210,10382,6649,7714,18357,4869,18758,10417
8842;5;3;2003;3341,5694,4414,2459,18583,8417,2927,15792,18430
1293;4;3;7014;14250,15461,12323,17647,5599,7850,5653,12593,1879
9082;5;3;12988;2347,4011,13369,13799,13280,16850,11783,6806,6882
4859;4;1;13465;11565,9929,12220,4502,1570,5891,12327,6495,7841
8471;5;3;6500;11718,9421,2373,18890,15098,15099,11242,6705,2914
4539;5;4;5144;10984,12331,8249,16309,1224,3452,5663,4357,7822
9302;4;3;10845;599,9004,14480,9067,6669,8484,13217,5019,12182
8357;4;2;378;11710,15889,10477,6010,12617,5800,988,18251,1037
5645;5;1;12715;16416,14398,16138,1664,14884,14727,16920,14585,18322
6920;3;0;13510;2996,243,11854,2169,18863,6860,11510,8993,2382
2520;4;2;9476;12621,9895,4689,5867,15765,7218,8565,16464,8544
7001;4;2;4522;15134,14083,5329,6957,12555,7330,9046,2065,3585
5962;4;2;10116;3786,9341,16806,10613,18554,2832,4147,4397,13017
3763;4;1;378;5499,9379,2673,2227,15505,18131,5379,9672,1906
3705;4;0;683;1419,13385,10472,15334,13255,6881,2247,13680,3141
6481;4;2;16708;12317,14363,13373,16143,14844,13370,12368,15797,14163
7573;3;2;13005;15500,15159,8026,15737,17274,11919,2858,1897,9188
8456;4;3;3453;5281,14889,1514,12408,2416,18818,826,17953,9243
3203;4;2;14833;12259,16685,9040,17992,14297,13087,13240,9820,13415
2299;4;0;8565;9895,17896,2088,5867,5215,254,4392,1405,6760
6038;4;0;534;15958,6595,5341,16024,15809,16627,1121,3066,13595
9062;5;4;7198;18902,8267,12267,3861,10942,10627,16922,1900,15760
5079;4;2;15927;18031,6347,11640,364,3476,19117,13567,5505,4737
6251;4;2;1118;14934,15121,8547,12469,12531,4121,12525,2692,6296
3823;5;0;10823;7768,11265,17014,4884,8841,4631,17802,4363,16733
7657;3;0;537;4424,18588,3291,10203,8892,16570,13382,3210,19049
4456;3;0;2610;5726,7892,13977,132,18848,1951,7019,2704,12589
2921;5;4;5199;12790,12126,2699,2373,4301,17438,6500,3017,3093
6133;5;0;2403;6434,1733,10622,2749,254,15690,4689,4392,3473
6887;4;0;3456;3423,15180,10900,2978,2907,3305,9315,12792,14172
2953;4;3;15134;3176,7750,12306,16852,4443,2151,15650,5071,2100
6156;4;3;5315;16454,8033,15525,5444,4866,9066,4514,16245,5239
7061;5;0;3741;7399,11753,12473,18056,13516,13854,373,7605,18908
3533;5;3;1577;4176,18789,13944,16642,6868,15019,17534,4288,1414
9159;5;0;2422;8521,3070,7526,10195,8157,2015,538,947,498
4278;4;0;2005;1512,16774,17228,17195,2300,5268,8369,11453,9585
758;4;3;364;4259,8363,12703,12663,10935,5908,7141,13068,7820
1198;5;4;13196;1195,11835,13544,13966,12007,4295,17446,4415,7641
2650;4;2;7377;12575,4087,8337,3942,12118,7874,5252,6416,11671
7331;4;2;3521;8549,855,3036,8869,14119,3718,17567,3101,6898
876;4;0;7530;17314,7764,8134,18216,10055,9690,19159,2927,17302
5086;4;0;18411;12585,14558,17943,16258,2831,11383,3683,5279,9328
5150;3;0;814;6468,13536,3973,526,17942,10649,7589,18915,10433
2317;4;2;12143;11352,2369,16422,13528,12852,10160,5122,14238,9502
5084;4;2;1289;16138,12922,3594,13697,3318,13589,18020,1062,6380
5432;3;2;1156;14761,15102,5848,17902,7057,6299,2742,18796,1249
3125;3;1;429;8970,1067,12622,17857,10132,2738,6145,479,11179
6696;5;3;13684;16893,18637,11008,4915,13807,2908,2569,3680,1451
6275;4;1;3029;11919,6655,5624,14298,17514,13283,16666,922,15108
289;5;0;12294;11934,11829,6411,6641,18478,3395,15263,15231,15082
3664;5;2;6185;18107,18962,1084,16660,625,11907,7438,5151,14045
8643;4;3;14418;1842,3830,17523,9445,3958,13445,11422,1637,3107
2324;4;3;5518;18239,18336,11984,16722,12125,1278,3398,19041,3099
7629;5;4;11365;15597,716,2667,5144,19037,4850,10014,11915,3899
8030;4;0;5833;3290,8593,14014,11435,5037,853,13538,5985,7540
2493;3;2;1846;15517,6006,18392,5663,17072,17236,3618,8768,1763
1001;4;1;2699;9620,2438,11446,2319,27,11153,4301,9410,1139
517;3;1;14246;10495,14625,10595,19123,16478,8910,7649,2728,6549
1626;5;3;628;16996,3824,7774,203,14931,4673,18678,3764,4308
4284;5;1;8333;6335,4879,8459,1991,10646,10564,1455,15089,9899
8540;5;3;17124;12146,599,9413,17904,7217,11839,12678,8000,4961
6528;4;1;104;14766,13300,10656,10209,7594,13462,12041,1942,13318
8355;4;3;4821;12240,6029,2601,7322,16660,18160,4279,10385,12252
3994;5;0;15578;10065,16111,13564,3057,9760,7440,15090,16708,17398
4710;4;2;13421;6719,13245,814,17209,6567,14099,6042,4515,2358
8914;4;3;848;15006,9370,9373,4592,5549,4586,3174,5739,10097
6465;3;2;17999;10809,8598,12381,16609,14315,14102,3982,17398,5323
5468;4;2;9020;13082,245,14996,14977,14711,16174,17866,9142,6371
4430;5;4;17479;4571,413,14315,9594,3863,12014,16111,18576,1498
4435;3;0;1204;14388,5586,18321,1615,18728,11427,891,15587,4222
192;5;1;4778;15606,7628,5128,3267,18748,697,3914,464,10463
5764;4;2;13631;16505,16165,898,15747,8281,4941,7368,1986,9346
2667;4;3;398;16559,3657,11119,7576,2221,9578,9287,1199,17915
3488;3;2;8494;7878,11890,11172,9552,5086,12505,9432,4492,5511
88;3;0;860;4101,6482,10946,4238,6004,1448,11758,11591,9775
3487;4;2;10098;1723,4790,7634,17246,11801,1340,4998,4933,18094
6467;4;2;3802;17276,15748,9520,2389,8437,5639,15504,15941,11204
6262;3;0;1004;17481,3719,361,3223,7110,5751,18560,17084,5851
3632;4;1;7818;9203,826,11054,10291,10874,11669,3718,17646,12073
2833;4;2;4943;7674,17882,6308,652,5772,12360,8747,11269,16021
2681;5;0;10189;8208,7613,4532,7057,11635,3890,365,2531,3362
8213;4;3;5100;14338,5794,17403,5305,1391,4581,9117,17780,7999
8161;4;1;10760;11505,9456,904,8609,18950,10644,12115,15725,13038
9255;5;0;15099;11026,7712,9220,5805,3011,4247,11093,15732,12918
9278;5;0;14854;17564,16614,4094,17139,10161,19044,10222,6380,15868
8430;5;1;6449;8219,12293,13368,9257,2332,13466,6061,18220,16352
3802;5;1;6991;15099,6140,12790,14974,27,17717,13855,12126,11026
1715;3;2;16898;10091,9839,11371,3309,9240,16064,11803,9101,2186
2625;4;2;13909;11983,7826,18245,5205,3269,573,11988,12573,6993
2062;5;4;1205;5703,8677,443,11175,16749,8997,8414,17502,12447
2177;4;1;18951;14349,13364,3895,14347,8204,12980,9968,9653,17229
6573;3;2;8899;12708,7168,2299,17701,7848,11118,19058,15726,17415
7635;3;1;8887;6453,12762,2027,4609,12026,8063,12433,16981,16059
6092;3;0;1417;16911,6210,18664,18007,3154,16754,349,12498,5411
2609;5;2;1587;18780,18364,6063,18380,4686,10865,3211,6514,5896
5442;3;0;11881;8882,10929,12021,7024,18340,5161,6944,15488,1107
892;5;0;14939;9427,12715,13423,656,9832,6617,14630,6640,6585
3991;4;0;8706;1210,16763,6600,13873,15443,2179,8224,18783,12442
2226;4;2;14590;1734,6136,6785,7186,17342,17207,14502,14090,2955
656;4;0;656;7112,12922,9834,14939,16416,15913,13550,18398,17225
2360;4;3;18342;7413,14989,2739,5351,7674,12172,5903,6778,10531
7580;4;0;15173;11014,14045,8241,12929,11839,1842,3795,7768,13196
2179;3;0;7505;8706,16202,14274,7189,11329,15550,4148,11342,17260
759;3;2;4184;11778,4354,18395,3849,7100,13073,5174,3090,6495
7077;4;2;1515;3000,12041,7858,10558,1174,15811,11505,4286,16696
4211;5;3;380;14340,6127,13056,17396,17790,9068,4527,15495,12473
2188;5;2;1118;16222,10029,14180,3680,14796,2239,8317,12525,14119
6231;4;1;801;16852,8428,104,14771,2489,13531,7313,8739,6817
7556;3;2;13577;5924,9257,9275,3132,18379,182,2709,12502,11622
3253;4;1;11074;9090,1714,8409,11833,17068,16424,8165,92,10452
5522;3;2;11479;5160,455,11194,1515,4402,10411,8609,16751,14429
9097;4;0;10976;17836,8305,9004,12678,18495,4860,8490,14480,17972
7617;4;0;6583;6866,5053,2418,9981,19049,1987,7099,977,541
4950;5;0;8267;9498,14606,3263,3425,19117,13328,774,2368,2563
7702;3;0;18943;2922,18630,10956,15291,7859,9098,3204,6132,11024
2993;5;0;16100;14778,12641,2543,5024,70,3241,17587,3544,14646
1280;4;3;6766;2009,11394,7239,4989,6811,1949,463,5743,4629
1288;3;1;8954;10159,2072,17940,10961,6824,3426,3060,15576,18639
2938;4;2;1195;5359,16738,17687,12643,13445,5019,7357,8167,16145
81;4;3;16125;18436,12581,10304,3721,16838,19022,10881,10435,5975
5438;4;0;931;10001,17646,12993,15126,16675,12388,9237,8024,10874
5763;5;1;1118;5311,171,13133,15356,16131,766,9989,16088,16471
9007;5;4;16108;12414,15126,3670,5196,12073,7955,11899,7586,15538
2961;3;2;8;10654,12375,1130,12711,1559,5472,6439,9057,12176
3981;4;0;10890;11702,12656,10240,481,2258,18562,18703,11318,14275
8274;4;3;14288;7470,10815,19052,9534,13271,17514,17933,10241,6551
249;5;4;556;9827,14310,7961,17095,8266,10256,15006,6099,11803
2815;4;0;10207;10108,7091,18163,3585,2807,7365,17613,16061,18846
1788;3;2;11815;10270,11523,13301,18054,986,15290,6564,18852,9748
2548;3;2;1733;12187,13817,10339,9476,10690,3164,7233,4392,8794
1897;3;1;387;15749,13686,1963,3071,1979,7671,3643,9881,3523
2294;4;0;6993;6898,10340,10153,5728,2808,7117,14193,11799,8041
6245;5;4;1417;2481,15250,8727,16479,10870,12619,4016,12985,1633
8969;4;3;8001;17446,11998,3755,42,1730,14045,12845,4295,10752
4948;3;0;1015;7430,16987,18944,16209,17488,16761,16792,14497,12511
8209;5;2;14119;14683,16009,8206,13813,10099,77,4640,3349,9699
8846;5;3;236;9933,3577,3420,3197,12425,10113,5183,13241,12973
3514;4;1;7438;5528,17523,13934,9445,9080,8238,16377,7039,6387
3221;3;1;1954;18975,17286,9273,4320,159,8357,18656,18635,6415
7886;5;3;17361;8194,11356,4683,14095,132,13233,5184,5726,9222
1791;4;2;917;13144,8394,130,879,328,769,4790,11982,16722
8350;4;1;12547;8348,8417,18794,11974,11548,8134,10545,18694,3426
419;3;1;5321;8537,12327,9160,14161,2175,10897,7804,7663,17707
3557;3;0;9036;13736,5844,19157,2086,2068,14906,13368,17638,14163
1865;3;2;4430;16570,13365,10290,17684,6664,15795,4842,3577,6876
8285;4;3;15432;2649,2983,11202,19089,10538,7393,15898,9169,12291
4957;4;0;18929;9616,16530,2688,13026,8490,11493,15858,5201,8823
4879;4;0;14939;2370,19044,7353,9427,15693,17352,10522,11805,3105
1433;4;2;834;1165,715,6124,9351,4696,6751,8577,11975,7611
1664;4;1;6274;5448,16532,551,7406,3669,2260,14853,15793,11624
1528;4;2;1564;8836,12921,13849,11035,1992,7733,3202,16189,10790
6925;5;3;11289;6806,7133,18256,6188,18926,722,6416,2102,1187
2842;5;2;17798;12741,4750,19015,7754,9432,621,703,319,536
8690;4;0;2622;5682,17452,4595,7102,6595,8011,8406,17509,18822
844;3;1;18521;5401,7232,12807,17633,14818,17067,8127,18022,10186
4523;3;1;12878;10117,17540,15051,8664,190,4412,3400,17630,4566
432;4;0;2251;16201,18387,19075,18452,11842,9763,12721,3088,231
3209;4;1;9913;12769,9717,3516,11298,5196,5239,12321,16995,2371
9291;3;2;12907;16981,2506,2048,11554,9257,17773,5894,10957,14212
604;4;2;3046;8940,13299,12812,12266,1201,18735,18476,5956,11291
8457;3;2;653;10153,18197,18388,2345,15901,18424,5421,8307,16131
8757;4;2;2080;14367,9151,14951,10762,5700,4421,5216,12619,16479
5587;4;3;16408;15411,6319,7491,12147,1661,276,11606,5089,18612
518;3;0;129;17471,17302,13366,2724,3662,2656,3874,10435,10772
439;3;2;13612;3169,18542,13532,13924,8615,8432,466,14862,13180
8538;3;0;2128;16993,8662,14116,4527,6041,2777,1040,9197,2646
7106;5;3;116;13930,13680,2937,16072,1212,15281,2229,1856,14292
107;5;3;4415;14078,7499,3748,8991,4531,11366,4961,2579,12678
3748;4;3;6442;7582,12505,865,13833,4464,3216,6242,15820,14550
7938;4;1;11616;2437,2890,1697,10591,11428,2575,9703,16781,16072
8084;4;3;1256;11374,12543,17605,12609,12730,9721,13231,3322,14061
7391;5;0;7526;10702,8889,2013,10051,541,8503,2096,4264,14378
6884;5;3;6393;9216,9111,18904,15075,15441,4483,9872,4354,12286
3500;3;0;16791;6719,1602,8414,1770,10043,18577,16539,9471,18932
1366;3;2;3257;5893,9421,5461,6176,8918,3361,5744,10019,13348
9023;4;2;11493;14080,12785,6185,3244,6704,12182,2134,11387,11243
493;4;0;179;13303,15036,8207,12919,2206,17065,12940,14466,11098
5842;4;0;1417;4365,18953,6730,18137,8226,18954,10771,2428,12473
5896;4;0;14974;17796,9220,11446,13348,747,10306,6991,9410,5642
8751;5;0;4303;12266,13134,18329,10073,16586,2546,1726,26,2186
6261;3;2;13889;16912,5874,8997,4177,8860,10812,18948,2252,14124
6070;4;2;4369;3737,4621,4549,14781,4400,14636,12018,10779,5833
3983;3;1;5445;5917,16422,5926,1820,16332,10730,3593,4788,5949
8876;3;2;12549;2777,8204,18494,14572,13218,4261,18852,9109,9651
4414;4;0;15928;1906,6538,18619,14140,6108,2542,18222,4841,89
4531;3;0;12406;4156,682,874,17964,9244,17369,8392,3401,13407
3451;3;1;19029;14160,9831,15867,15943,10034,2460,14594,6305,13457
8749;3;0;8010;7371,14941,5723,335,18407,317,2233,7802,863
8050;4;3;7492;7462,14441,4279,7635,8668,17014,5304,6341,17426
2620;4;3;6216;8387,6960,2673,3019,3838,2732,7955,16154,17290
1847;5;3;378;2416,7504,4640,17665,12735,16176,11458,11072,18611
1795;3;2;7098;5623,14351,7564,3136,4253,16695,3876,12907,8724
3728;4;0;18396;15187,140,14479,8851,10149,8472,12847,1706,4504
8725;4;3;18196;16464,17270,14624,17021,6198,2069,1667,13915,12304
4687;4;1;4108;12172,10716,5378,14010,7750,4437,16477,13243,11405
1259;3;2;14640;11468,12916,17557,7549,2151,2873,16601,1690,1550
2839;5;0;405;6723,14860,15077,2006,10003,14392,2254,7396,7444
9244;4;2;18835;10982,16532,11528,13125,9919,2495,6800,1027,995
9121;4;3;17868;10930,883,18138,10317,642,6847,4367,18601,1646
244;4;1;14595;16891,2733,13398,16442,11665,556,11675,10179,5531
5925;4;2;18084;3403,4895,5076,12839,10418,6865,16507,15696,11504
1298;4;2;1927;11950,8877,2674,3767,4014,496,5579,3388,535
7119;4;2;8624;17340,13806,15868,9546,12715,13550,2341,11122,15450
6783;3;0;1788;6314,4609,8740,12368,2390,16809,5338,12381,13208
519;5;2;10627;9324,3172,12181,7960,17601,4939,10322,7141,10551
4317;3;0;1417;6028,15792,17524,13432,10610,12021,11781,10774,13453
7751;3;1;47;11524,5517,17092,11440,11862,16960,10049,5357,1362
471;4;0;18620;5347,8366,18454,16017,529,476,12544,4953,15028
7638;5;4;9582;10710,2067,11695,4187,13785,6135,2215,18147,1506
2231;4;3;6107;22,5540,16091,8791,12927,6010,10638,13613,3768
6804;3;1;12279;18840,15098,8234,4394,16270,17288,6980,2662,14862
3202;4;1;1846;18374,17033,3724,4380,15517,13608,14670,14888,18748
3633;5;0;16921;7808,17038,3691,10414,11837,10313,4277,151,6306
7727;4;0;500;5293,8355,9397,8712,11402,6118,14724,12749,1492
9219;4;2;378;2559,12294,8290,5759,16428,2919,12723,7266,10894
1073;4;2;14884;14104,12715,11719,7279,5611,16229,17826,1386,15868
5604;4;3;7368;16009,4954,4595,4062,15263,3784,13419,18424,1670
2862;4;0;2771;7182,12841,3892,11022,15811,13114,6308,3176,9065
6139;4;3;12930;16222,3155,5521,9788,7160,7312,7448,3238,9114
1661;3;2;15857;5786,5936,4863,7649,3571,3708,14625,1873,9021
1195;3;2;11396;2554,2176,10065,3790,11115,5813,631,17773,10852
2913;4;2;13567;14662,5684,11768,3425,14901,12751,17439,443,18981
6512;3;1;9058;16905,13307,5794,12623,14092,16372,17258,1538,2592
5874;5;4;13032;18926,9354,13788,722,11720,3580,12654,7377,9669
5022;3;2;10416;10105,9252,15596,10003,1098,14336,6004,13711,7891
2533;5;2;2029;5162,14543,4488,9645,17018,8414,2191,6420,9536
8991;3;2;12431;2408,18458,876,15738,1722,4726,7203,15674,16219
8598;4;3;18369;417,5027,14385,18125,8468,11697,10151,9301,16298
1372;5;2;17531;16515,17342,3007,7255,16542,3767,8900,16836,12367
3136;5;0;2431;11326,3702,8000,4821,9067,12932,6463,7641,14460
7286;3;1;13089;8486,8174,4026,12401,17687,4163,15173,2314,10429
4554;4;1;9787;10477,15104,2369,9404,2147,2437,8041,11105,8409
5213;3;0;11692;558,1509,18648,5342,15360,15247,8161,14715,1587
2025;4;2;8001;10816,6472,4908,10854,10368,17425,15815,8346,6669
2973;5;4;14859;8734,5570,18189,7432,18101,3984,15428,16573,8002
7553;3;1;5472;11654,9418,10425,1079,9508,11893,10010,2380,3510
220;5;3;7479;2043,413,6888,9995,6968,4820,8604,9649,10941
536;5;0;11962;7027,12834,4788,683,17596,16580,6216,1359,17521
1677;3;2;10845;672,5303,12302,13026,13069,18650,13275,8745,10385
4570;3;0;1587;9508,15247,7272,8754,11193,10794,16273,12711,3745
8552;4;1;440;7610,18565,8809,651,3228,10470,11181,6287,17180
2331;4;2;757;15340,874,10614,15692,8114,4593,6143,10459,14270
2135;3;1;1785;12438,8478,16631,11814,16962,959,5234,14873,5254
2651;3;1;11737;5616,16746,2389,7398,3001,1897,18001,5730,8709
3172;5;3;12063;18439,13029,8696,11401,3590,8771,17079,1371,11168
9345;4;0;4041;11121,4618,15645,16546,3148,18191,1495,4976,2079
3071;4;1;10488;15916,16095,19116,6476,986,5824,1622,2984,451
7477;4;2;18314;7606,17031,5238,877,13374,5701,10978,4921,16672
5881;4;0;350;9163,18955,6506,11331,3217,11976,14486,9371,2959
60;5;1;7996;17245,17596,3769,8909,603,3788,15838,7320,16673
6417;4;0;1004;11224,10243,17075,3890,1923,5960,4536,14464,14412
5234;4;1;9670;9593,10698,2072,5984,9068,11035,6039,12980,1019
3033;4;0;6172;5024,13779,14646,3295,7282,6975,3239,16022,2162
1990;5;2;12769;18019,17837,14729,9016,1694,13850,9177,19043,6238
1963;3;1;1133;17705,12562,6747,14769,5703,11942,6204,7298,15881
9214;4;0;11049;18690,16855,1040,2938,18461,2028,17173,12549,1923
3287;4;0;1305;120,8507,11011,3324,843,6366,13514,979,17496
5136;4;2;3492;8555,6192,1909,9303,6247,12102,11474,14260,3204
7063;5;4;4198;19017,17008,2946,15863,16588,1517,7727,8525,16210
164;4;0;2731;12358,4768,8439,548,944,9011,1073,8337,10205
979;4;1;16359;2781,14284,2944,13911,9065,14114,14326,6951,6591
964;4;2;12151;15231,735,6021,8947,1986,10730,19083,5231,8156
8665;3;1;15495;3890,6989,10187,18026,10765,2573,2766,8154,10282
7161;4;1;6588;14436,12911,6513,10051,8463,5564,17272,8972,17932
3400;4;1;11938;4095,7668,13444,11482,11558,5837,13969,7137,582
1578;5;0;10355;8590,411,11752,9933,6866,3197,6402,4430,10866
4137;5;2;17005;11638,4346,6120,5977,18228,7256,8600,8889,3299
1437;5;1;13977;9345,16551,3293,8799,5283,7892,12175,6131,9222
1249;3;0;7137;9584,10171,18295,13446,4509,15491,7876,8071,10155
2481;4;0;11700;17070,4124,15418,8689,10337,11249,4115,11151,16372
8583;3;1;5397;6654,12756,9951,10257,18839,8354,9264,10849,8582
5563;3;0;2214;17150,10876,2728,7211,8467,14246,8269,1255,3571
8576;5;4;8503;13785,17993,12824,13160,1002,9553,8744,2015,12783
5771;3;0;813;4772,5806,2832,3243,11611,7846,15001,8631,3449
3872;3;0;701;6376,6745,12324,9665,14032,18647,14318,5737,16258
2323;5;1;14608;12756,10761,4703,12867,9407,14480,5680,2149,17008
4501;5;1;7666;13187,6698,4065,453,847,595,16223,5225,9850
522;3;0;9290;8820,13957,15256,2240,11363,9206,6370,1027,15781
7767;4;0;1004;8372,17277,18747,18423,12081,16819,6030,5340,6044
2343;4;1;7488;5102,508,9894,8151,632,15969,14363,13662,18576
5325;3;2;19053;14246,18968,16478,2952,8467,2859,7882,9021,6549
6007;3;1;5210;4567,18281,17565,13113,14260,10881,6044,2766,7821
753;4;0;10159;8826,15003,4819,15647,18007,7165,9551,8372,2660
6944;3;0;2332;527,15578,5852,17119,12428,823,5813,8151,919
4752;4;3;1739;3967,17217,11247,9817,9552,11168,3073,16813,5273
5311;3;0;17596;5926,6342,6518,1972,17567,7861,7333,18467,12742
8482;5;2;11140;4936,4485,6012,9983,16167,827,10946,3884,13543
2180;4;0;1587;1638,7565,3652,3609,2052,10885,5575,3042,17287
3692;4;1;17737;501,13835,9159,17362,11986,12113,2675,16886,2423
3718;4;3;18069;5813,2048,5407,1075,990,11047,7746,12862,13661
9150;3;1;6185;6387,10721,11014,12995,6821,2431,15865,13845,3755
2846;5;2;9132;17288,6719,6052,3861,2358,12426,18520,3690,13498
3359;3;0;1587;13103,11393,10885,13595,7271,5185,3745,3427,10794
8521;4;0;4805;4498,17726,16554,12260,2162,2543,11349,5024,11597
1358;4;2;9523;11808,1061,14516,9615,15832,6153,13930,2061,18795
8775;3;2;4028;14627,5701,16465,6096,3658,1081,7205,14002,7601
8853;4;2;2793;2881,4800,11831,2823,11184,10416,9479,17581,8881
1263;5;4;10874;8281,6691,8533,14521,8130,2883,12113,931,12525
9206;5;0;1004;9361,14633,13857,14972,18174,10262,10798,6663,1488
2474;5;1;14994;3734,13329,4345,5173,2499,441,8844,10724,3729
8276;5;3;5535;6719,4382,7806,4170,7296,10433,10188,8605,12267
1809;4;2;7004;17840,12951,4091,4453,8197,261,4313,18399,16151
3730;3;0;8562;3341,7993,4172,5072,13429,6127,17056,2113,3296
3864;4;2;9192;19105,6344,9425,18218,17628,8157,18588,5849,9043
476;5;3;11962;13255,14856,9599,18637,4753,1986,2269,3019,16076
723;3;2;556;8266,5020,16528,4391,14242,4929,5531,18336,4588
3312;3;2;547;16540,11892,8738,4771,11247,973,6525,6814,11868
4846;4;2;8095;11809,16233,15018,2502,2981,4617,15240,2996,7237
1067;5;1;3629;2659,6755,12401,3229,4961,10368,5528,14743,6669
6078;4;3;15028;18192,2791,12851,444,11326,4088,1842,18044,14864
465;4;3;1039;7985,16533,7900,18864,9661,12192,10783,12900,4974
559;5;0;17294;6053,4912,5824,15773,1916,8142,5914,17629,2705
7098;4;2;4267;610,3959,11545,16918,8576,7809,13874,6591,10939
2218;3;2;454;2990,16039,2691,6872,13215,643,7569,12901,1018
2082;5;0;2303;15139,4559,5895,3166,5764,12994,2044,2419,16193
7700;3;1;14830;2092,3276,13161,17987,18126,16945,564,8517,1549
59;3;0;4357;7580,18964,2907,10342,16137,11968,17873,4650,7032
2244;4;2;5387;18019,16003,6979,9741,6853,9168,12183,8513,16213
6375;4;1;395;3960,5727,10411,16544,11114,17472,6895,10412,15284
5030;4;3;4677;1061,10591,1348,9809,2808,2890,11625,11770,4731
7671;4;3;1943;17909,9685,15989,822,17092,4377,13777,851,4593
643;4;1;4121;2569,2889,14971,15605,1380,18373,3440,2383,9041
6225;4;3;4152;9083,18972,9235,335,862,738,13349,9227,8622
9124;4;2;15065;2853,3871,7243,17187,17769,126,16208,4779,18852
2494;4;1;1794;11352,17221,10827,6238,5445,16946,8200,9152,15082
9271;4;2;3695;17225,13550,8006,7745,14884,15693,9209,13598,10080
3873;5;1;10363;16544,15430,8813,1429,13673,12752,13082,7387,4030
3482;5;3;15653;4896,15025,2689,468,6863,5397,15206,10475,16125
5437;3;2;2113;14979,11757,4912,13932,11771,7604,14412,14632,16098
7409;4;0;1650;16716,15171,9736,5491,8512,4902,6068,3211,15325
8443;5;1;6388;7336,8044,7875,8649,5284,10969,8136,12723,12044
2701;5;1;3412;9490,10756,1013,7570,8363,3095,7169,5582,10968
4843;3;0;11730;11598,14009,17247,12664,14759,15552,11007,38,11975
7806;4;3;3911;5469,9085,6543,17823,9486,140,18537,4401,15824
3699;4;1;4420;11721,4184,10566,8280,5254,1376,8230,1932,18346
7530;4;3;378;9346,9161,14936,8631,16088,1348,14920,13121,1883
3066;3;2;15715;13241,1545,9553,16994,17005,1989,9278,9130,12837
3660;4;0;5674;2351,18607,8545,15767,17322,2277,9448,11158,18558
9119;5;0;9479;6929,6647,1997,13378,15329,8118,4238,1915,16105
436;4;3;7803;9156,11819,3164,10838,11246,8544,2562,7725,1733
1337;4;3;17939;18459,18457,4094,14104,14634,9009,6640,3435,13954
8172;3;0;11504;16358,8095,4617,646,114,3014,779,11377,5168
2730;4;3;8404;1393,8428,9850,610,12377,17401,18774,1902,14438
5584;4;3;12595;6673,3056,17633,10257,16978,11024,12503,9113,3168
6845;4;3;5810;2726,18050,6982,13027,16831,10099,16332,15764,226
4152;4;0;4677;7030,15505,9966,2741,12388,15829,1856,16129,13888
9037;3;0;18140;18274,14099,14230,3925,951,13710,3850,4259,7570
1705;4;3;14447;393,1656,16409,76,15360,16460,12633,18888,558
4731;3;1;5228;12292,11525,2529,1467,2182,5701,18915,12507,15019
3813;3;0;18534;1793,16891,16586,9458,18820,13299,17241,667,12798
2313;3;0;412;17360,9412,3476,3637,10908,18758,3893,17534,18427
8013;5;2;1049;17771,8227,8907,10703,9130,13107,6876,13033,10051
5714;4;2;801;13254,3892,14446,10209,5013,15000,305,455,3388
4293;3;0;1587;15742,15360,5801,16485,5341,13177,9508,7272,13881
7256;4;0;9536;6747,1344,4235,7518,15594,18772,18357,17209,12071
373;3;2;13319;17576,9451,7094,8827,4267,15638,6530,12613,8818
4357;4;1;1828;14413,12477,622,8934,16743,2356,8513,15705,11770
3951;4;2;13500;362,3221,15963,5336,10560,19025,12315,4971,8813
1314;5;2;10320;18459,18322,11263,11805,17572,17139,19044,10523,13461
1431;5;0;4618;2012,8291,921,12753,2852,3320,6627,10226,4548
5034;3;2;5634;9036,17224,687,6714,497,1993,15233,7536,12080
7875;4;1;13687;4440,11654,12979,15092,6597,15076,7109,4987,3288
369;4;3;848;17539,13412,17074,12066,7718,8627,14755,11360,4806
256;4;2;378;18025,10231,14971,18043,3018,16131,15143,10146,9714
8966;4;2;1875;1888,11581,6865,10418,4169,283,5779,243,17457
6772;4;1;5546;5480,11552,430,4837,605,10563,604,4175,6467
7514;4;2;15616;15950,15980,12762,6328,3153,1480,7536,5566,8237
9260;4;3;3388;14718,6666,4186,496,11261,9997,12018,16757,8637
4288;3;1;19136;9457,13411,16967,8097,13541,4696,3298,12109,12491
8911;3;0;1434;10475,15250,233,16750,6118,4569,15520,5846,3661
3540;5;3;5894;17999,13736,17648,16547,13431,9932,421,3342,3531
7499;3;1;14787;10463,9100,15146,7741,59,1198,316,1114,8731
1784;3;1;5765;9789,8423,4198,12601,13399,3925,12384,10002,8660
7865;4;2;9301;246,708,6515,1147,5483,1753,10369,1327,14361
8466;3;2;378;5202,7325,1461,13828,12604,18153,10590,12288,2202
9321;4;2;378;16049,2784,2799,8873,2877,6783,12834,16673,1988
2125;4;0;7822;3459,15106,18719,18074,5570,14142,4219,13877,16876
8957;3;1;6106;18811,14009,4236,3839,11598,8925,6832,17505,14289
1401;5;0;116;14696,11231,10078,10707,7955,11145,16131,1031,15468
7824;3;1;2704;17361,14022,2235,15828,10360,4449,15061,5283,2211
6224;3;0;1587;2058,18692,8,1656,16848,10371,15810,1138,10005
3629;3;2;16189;6820,15925,18054,13113,10651,4643,5984,6561,18723
1131;4;3;16311;5793,14423,9321,17215,17236,14875,1462,18964,10518
8155;3;0;1004;14985,10765,8914,3991,1417,12458,14979,968,18746
8625;4;2;16707;1470,11091,15244,16264,13728,17290,4891,5276,6148
1848;4;2;378;16165,6907,15221,9797,14178,3307,18424,10833,2435
7301;5;2;15622;6081,2889,18910,13504,7955,16426,3036,18797,10449
3077;4;1;5805;3474,14974,12918,9307,3361,16864,5807,13953,18080
4949;3;1;13210;9689,15877,13710,13950,18902,5602,2123,4921,8804
1473;3;1;6256;17930,9313,2786,5364,3145,18853,15997,5462,1189
6303;4;2;1034;901,15135,3657,454,11236,976,8220,643,1424
1616;4;0;15579;5908,15355,9689,15863,3502,12179,4894,2032,14099
4012;3;2;10889;16583,16242,15463,12650,705,10455,10668,661,10097
299;5;4;11702;6044,14967,4963,17277,13152,9670,14218,14695,946
2838;3;2;5302;5258,16174,6957,3806,7158,1527,15169,17900,16261
8114;4;3;378;4845,6781,11426,9667,5822,7333,2423,2974,17304
8240;4;1;16280;2928,12018,14777,4201,6276,3886,8818,11435,7413
3169;5;3;13445;6315,7217,4908,6775,5804,11128,6977,16307,15392
4827;4;1;7626;12037,4256,17641,10072,10538,922,13979,8292,6794
5280;4;0;1004;18436,2536,18174,13291,18007,17870,14098,2997,16622
3860;5;3;10578;15824,10994,3099,4215,7950,19131,11898,18303,16016
6683;3;0;5072;7390,5103,14972,14297,14222,12043,11369,8826,17255
9127;5;0;8111;18918,1805,12261,6555,4091,17023,17102,15620,18492
7113;3;0;11267;9057,4836,6597,8902,13526,6229,609,2788,1650
6621;5;3;18317;16738,18929,14592,5373,444,6892,11907,4279,12324
1964;3;2;18218;10879,2096,1447,7615,8894,16704,13249,10426,5849
4190;4;0;17953;6238,12398,9703,5917,6969,12802,10498,13923,12593
2146;5;2;17992;8372,7956,11489,18290,126,13875,13721,16993,9285
3826;3;2;11468;14187,15661,9731,10869,385,18837,3601,2285,6001
2900;4;1;775;18002,10567,17189,3463,1033,2731,18661,10497,12538
3790;3;0;2742;2216,3062,12909,5636,11877,3336,10635,2258,914
4061;4;3;11077;14861,5568,7668,4110,8505,15379,1028,13446,14645
266;4;3;6396;13869,10766,2162,13389,3447,13289,8951,13779,12822
3019;5;3;11958;8660,14901,12626,5628,16791,2663,8847,1675,12507
2039;5;1;14939;9134,17564,13587,13589,16717,11263,15913,10458,14708
3642;5;2;15158;557,15211,14328,16034,17512,46,18356,2379,13580
2023;4;3;9613;6306,7102,8317,7014,16108,3784,3101,953,17665
1849;3;0;5013;6508,10860,11505,13750,18513,15358,5972,12159,5436
7661;3;1;11128;14603,7492,14598,2659,15815,3835,5737,11366,5060
1295;3;2;1299;10037,10455,18897,14564,14312,9105,11278,5795,6773
4089;3;1;4397;2203,226,1212,10730,10600,10718,4277,13863,3631
3820;4;3;11903;15959,16944,17645,17211,1557,2245,2532,8534,1210
9298;3;2;5384;9039,11726,7553,12809,6347,6719,2208,9612,6603
2280;3;1;6236;5956,6753,2572,16441,11664,15278,8851,16442,3575
713;3;0;1769;17616,5216,16113,16766,14717,10096,6295,18630,8350
312;5;3;1984;11495,17836,1197,4088,14003,18116,16494,8870,8001
1641;3;2;378;11095,17905,805,10015,13325,18434,10586,1348,7855
468;5;3;6148;310,2750,18604,3406,9583,9869,22,9212,4472
3316;4;2;18450;4933,7558,17719,140,5532,5803,13698,5226,3123
6130;4;2;378;13325,12852,501,7333,18412,2890,10247,460,15121
7198;5;1;1861;5515,13140,15949,4087,4438,12064,4832,13792,3073
1176;3;0;12393;5455,2597,12027,7528,1119,2961,7755,15424,9195
3593;5;0;2469;12329,14532,7144,435,4376,15867,13153,425,1171
1232;4;3;378;18246,7325,15388,9145,19072,17805,2328,17875,3454
7554;4;0;17319;17448,2214,1253,18710,2696,6549,7211,10109,18968
4872;5;3;17905;10078,7842,1857,6853,12823,9654,7772,4393,6616
3496;4;2;116;17714,10559,3670,5196,683,4753,6014,15370,16995
8035;3;1;916;10666,12047,6105,12631,3666,8579,17351,4045,10066
1539;4;0;9576;2212,18586,2015,14214,16829,8434,8600,16744,12829
7284;4;3;17805;12777,10753,9777,8533,3677,16347,18799,3511,16781
923;4;0;8907;11397,2106,9848,9924,1002,4956,11322,11752,8590
2202;3;1;3434;4736,6686,13157,14603,12478,5534,8991,17357,7790
4907;4;0;1805;9473,5195,17393,15043,15333,10074,17883,4237,3458
684;4;0;12539;7268,10068,15231,3327,911,3303,7081,12834,1194
472;4;1;1286;18083,2910,8362,14978,3669,3977,11965,14478,11363
3441;3;2;17607;15192,17525,13352,11520,8079,6625,18476,10179,6502
7755;4;1;4934;6416,996,2514,11394,7738,6525,424,18501,6915
109;3;1;1326;2849,12427,10404,17745,12948,4238,12436,4973,14358
201;4;0;544;17752,6967,13698,14389,7651,13139,11219,14479,12545
279;3;2;10946;1389,1868,17990,11534,10404,14149,4378,860,3883
3744;5;0;10070;13019,1081,11036,6697,13880,12908,3289,2358,10002
7943;5;3;12568;7612,2869,9848,3420,8590,2013,12253,12574,2089
434;5;2;14564;12277,14827,18909,16157,4614,11338,728,15503,3372
4911;3;2;16203;3665,4423,11695,4264,2067,12824,4430,6807,11643
6928;4;0;2128;9109,9617,5475,17293,8836,9969,4123,16999,3341
3096;4;0;2720;8221,18487,7588,17336,17608,2389,17864,8344,18001
2663;5;0;9581;2095,11144,4020,4,8442,13716,15344,14423,19075
7834;3;2;4918;14334,15501,10699,10135,13629,9860,15308,4882,2762
2328;4;3;151;17708,8527,15407,15985,912,7698,13971,16886,9570
7760;4;3;11474;16296,6211,14280,11024,3489,17629,19159,17643,16752
8703;3;2;959;10566,9117,14271,12438,2242,12694,16251,1741,17747
7383;4;0;5232;7327,4629,7397,3073,4438,8334,13744,8738,10365
1583;3;1;3227;11011,11969,1422,18126,8517,5965,1967,3356,10194
9160;3;0;4736;13917,14592,18942,12782,16820,11618,8823,17014,8745
640;4;2;5205;18145,8343,14887,18475,10378,17245,9135,14001,17153
5945;3;1;1673;13008,2185,15775,18321,185,8056,7658,4447,12272
1908;4;3;11651;11438,1341,3618,8921,11915,14301,5507,6950,15837
1544;4;3;16119;12593,6826,15770,8872,16074,19067,15627,18877,2078
4082;4;2;10079;10794,18364,11767,7565,2087,18648,19095,10883,16409
1192;5;0;3436;3553,10394,9918,16298,536,17338,9697,10921,2166
797;5;1;11243;15010,13277,13129,14223,10576,16258,6906,5304,8419
3691;4;1;6064;8007,14328,13034,2768,13286,2379,16034,7415,13580
931;4;1;2060;11327,16405,11408,1379,5050,9990,16757,4490,4810
2456;4;1;13691;2000,181,12095,6544,5797,999,1661,11042,8953
2773;5;0;14114;14345,6456,3807,5013,15203,7104,12377,108,15651
9014;4;2;14420;3218,1550,6817,19118,14706,3892,15167,2026,1575
6147;3;0;16601;16984,6817,6936,553,18850,11050,7901,15814,8278
7918;4;3;18229;11037,13662,5966,10438,1075,12570,9937,2332,4852
4047;3;2;15295;998,12102,3130,18634,451,5571,14349,2925,10561
8882;5;1;15590;11200,18812,12924,5384,13068,4180,14125,3578,15529
7230;5;3;16106;14615,18284,15975,4483,13769,5747,13518,12376,7663
4545;4;2;11618;9445,3484,3120,10721,10246,8870,3244,12709,14418
1089;3;1;793;3673,16165,7574,4804,6579,12950,3395,16893,17068
1019;4;3;661;11570,9977,9882,5226,1209,10114,18329,9022,1754
4398;3;2;18283;3643,10657,4070,16712,7968,5939,6956,4789,18790
7770;3;0;2444;14247,913,15359,652,12644,6422,2090,7123,17432
5247;4;1;14605;18235,9016,2462,8136,6238,11899,10430,14549,3303
95;4;1;14227;12750,9479,9983,10727,7739,11831,7028,1971,13079
540;4;3;378;7846,18234,18386,3691,3768,5219,12769,7014,17444
8905;4;0;11347;2664,1615,15775,81,9539,1773,2297,18104,13393
5513;3;1;1577;18023,518,2358,13059,13573,2363,13812,12684,15501
7361;4;3;9839;2494,14310,3823,18734,9984,10532,14945,8692,1334
2576;4;0;643;3657,11955,1191,14704,10987,9195,2338,8220,4719
5647;5;4;9231;3089,19068,16573,16968,1068,14931,4638,2125,19032
4639;4;2;11028;7353,13529,10359,10433,10094,3193,9408,6937,13119
2549;4;2;12936;13923,10068,9747,16088,11773,18681,14726,3527,967
5329;3;2;4098;12784,13945,4428,8664,16989,6039,9200,6890,9371
6312;4;3;15627;16092,18671,14920,10027,2839,14193,1948,10590,8233
8179;4;2;18924;6252,9875,6276,10081,19137,7686,5258,10207,18846
23;4;3;15442;15046,13200,3901,7663,6818,1791,10197,760,16859
6951;4;2;4556;12929,9530,3357,6704,6563,11079,6892,6029,331
6035;3;1;9050;17029,17121,1339,3190,10404,4378,5661,18360,984
1765;4;2;4686;1121,5989,6367,11403,9563,3602,14028,15076,9418
7904;4;2;17742;8773,10053,3562,4940,17707,9929,11467,4729,5321
5854;4;0;2013;10195,10703,8009,11549,12325,7677,8463,3299,16940
6514;3;0;15760;2647,3263,3208,17635,18314,8267,14210,2182,12974
667;5;1;8343;6091,8568,7524,6538,9787,17355,2908,2949,8934
6888;5;1;8786;16831,5122,11840,18752,7584,1745,7030,9964,9212
2361;4;0;6273;7526,9848,17993,2037,11556,5187,524,13101,1545
7200;3;2;7482;13711,6752,8107,9008,1315,9348,4563,3022,16167
3801;5;3;1760;2293,11036,9401,12179,4107,3970,7296,17439,2663
5793;4;2;1763;16309,16574,15400,12630,7490,4296,16121,16796,10463
7563;4;2;4170;3857,11961,11447,6964,8729,5684,10780,16465,10861
7385;5;2;7561;9498,10070,5173,2150,15287,4894,10188,17008,10715
4062;4;3;18935;17792,18711,15811,12377,8404,17291,2154,3873,11199
2383;3;0;4351;14744,11214,18996,1459,6495,3004,13307,5708,6667
5333;4;1;11194;11696,1556,296,1515,2402,3333,1588,2475,9641
8098;5;2;16855;8488,7306,10881,6867,11858,8882,4991,14562,3426
1734;3;2;7610;3659,12970,3228,195,10403,11181,17583,11859,14765
2478;4;2;4389;6832,5672,17505,18120,15552,15656,4467,1490,12463
1813;4;1;12425;4423,8009,2195,4424,905,7177,3008,4430,1987
5656;3;0;9688;3116,18443,17247,9390,928,10675,715,3102,7144
6095;5;4;13716;5789,4917,14535,17080,12792,11939,7107,13135,17016
7620;4;3;4194;10203,12297,5180,3665,11051,6126,8157,8009,9924
5921;4;0;7352;802,13921,3836,10530,10845,12872,5528,13747,11430
7255;4;1;10398;12231,11014,4415,286,11907,15910,17168,5303,12845
6255;4;2;7458;1523,5407,1993,16715,10020,10199,14315,16689,16981
7017;4;3;2932;16620,7186,14647,2019,1719,9485,5436,17384,4267
7782;5;4;5943;16034,7324,13034,15211,13580,13286,14328,8007,941
5702;3;1;18787;4450,6612,15182,11134,16876,13899,7988,3730,2887
5664;5;3;10859;17385,17127,4950,3052,8883,877,18975,4562,14955
8811;3;2;1923;11974,2028,9537,1916,12021,3969,16766,11230,16263
4674;3;1;1587;14439,442,11267,2993,10487,5197,7917,9112,2789
704;5;2;10258;178,12011,18992,12044,3036,2741,953,89,12388
1137;4;3;9838;17883,7648,11872,4305,15620,13269,16151,3694,5095
6279;3;2;1039;122,18864,18176,14637,198,11258,10571,15518,7340
3975;3;2;1746;2911,4924,4737,17924,9412,3037,407,14440,18031
7739;3;1;16522;18550,8621,2832,14147,15825,18877,10604,15622,6616
1767;3;0;18948;6391,10372,1321,12411,3814,10699,3658,14333,5044
7858;4;2;11765;2955,17847,6582,18368,7537,4621,14911,16619,16713
4683;4;0;3185;3461,10632,13421,6173,17620,15529,15590,15287,5535
2026;3;1;4677;5820,12993,16088,2435,5122,14376,6160,3023,2174
6506;3;2;15065;14074,16986,13334,2764,17396,18281,16685,9973,3065
114;5;2;12420;19146,12816,15084,6139,12050,171,11130,4137,1964
5815;3;1;4298;10256,10114,14309,18038,18465,6236,15006,16528,11604
675;3;0;18927;17024,12458,986,8299,18164,10488,2536,14098,19159
9021;3;0;18343;3004,6262,6487,9241,11056,16578,10525,16281,5462
8881;3;1;15101;1875,14927,1242,3278,17831,10211,4663,9242,18169
1042;5;2;378;16558,1486,8312,8406,7325,1452,5806,17647,5885
217;4;2;3059;14497,13947,16044,14453,13662,9143,7257,16908,3790
2467;4;3;15503;238,2546,10543,18909,11665,1798,18415,9030,14312
7511;5;1;11263;3693,10026,656,12251,2792,13767,7769,16717,12170
2116;4;0;899;5997,17842,10567,12793,1740,6915,8645,19015,17974
2896;3;1;17118;14002,10935,9645,17502,12751,14440,3502,13889,4969
3616;5;4;17554;16576,5700,14162,8116,12756,7335,16104,15433,12725
3045;4;1;378;2631,4598,3406,2661,18799,14856,15082,9966,8868
2960;3;2;18271;6654,14847,3077,6782,13834,7845,18699,16685,13857
8951;3;1;7436;12643,15858,15008,2831,11162,4026,9616,5279,12872
8141;3;2;17768;13153,17895,17214,16341,38,16888,12522,715,2774
1872;4;2;50;18473,1195,5737,14592,8238,5534,12929,17836,1984
2405;5;1;378;7772,10001,4445,13898,1295,8448,8264,3303,6486
8004;4;0;7015;17468,8140,4407,12102,18954,4819,18122,13810,17327
4015;4;0;9211;11544,5309,15450,17590,161,13550,6369,15475,5787
8962;5;2;378;7160,14937,13485,6148,2714,9677,12525,4547,15083
1094;3;1;4841;15770,16332,10827,772,9168,11563,8533,10414,17567
5169;5;1;18693;8753,5254,11906,11412,4351,4043,11086,8190,16962
8941;4;3;8925;2136,3514,18120,8397,17447,170,14594,13260,7144
556;4;1;9163;13776,7264,18113,13933,5182,14697,12985,2588,11389
3529;4;2;1339;15646,4378,4101,16025,8029,3069,1845,9348,11613
5599;4;2;13224;9344,14825,10664,5401,12034,9151,18639,17629,8059
2045;4;3;6413;6434,9061,1733,8526,11246,10339,19071,14869,4946
8834;4;2;15066;11696,18568,5707,5220,1696,11252,9,12915,10408
1511;4;1;8278;677,18368,3744,9049,7091,13082,7182,18512,2387
1032;5;0;2705;18447,1923,373,9593,2476,12017,2573,15582,10356
3082;4;0;12912;14090,2507,5727,15169,1347,12423,13781,3009,7255
2713;3;1;17418;10716,15169,8960,8681,12167,12780,7020,9049,9638
1646;4;1;15972;9579,2959,11176,324,3661,17294,15045,5828,5264
6322;4;1;1677;15152,9180,16335,3256,998,8372,6349,18381,6944
9068;3;2;13838;14978,4122,12776,17861,7607,9206,7023,13704,16349
7251;3;1;7262;5615,141,9844,15654,4496,12987,1019,18423,12092
8585;4;3;14418;50,18454,4556,6686,2831,16530,2617,1637,7679
8435;4;2;181;14792,10362,4828,11129,1012,17664,3967,6883,9402
7759;5;2;15780;16033,1525,6732,18955,10849,10519,3075,6031,14626
7616;5;1;17777;13616,16911,14928,17626,10775,9163,9579,16694,2633
1684;5;4;3273;5836,16300,2869,6344,1049,12568,1545,16203,4047
5890;3;2;14851;16288,8880,979,4112,1305,11464,16945,3324,6266
4130;5;3;17765;6613,956,15492,14077,15061,3568,5413,2091,4683
5142;3;1;6056;15444,18052,471,12438,1557,2527,8099,10190,13001
3035;4;3;1714;7742,14801,4677,14933,15906,15473,15138,19120,8162
274;3;1;5276;2750,17230,8065,9463,8631,15979,9558,8378,7484
2214;3;1;3982;12504,522,2167,11270,7471,10272,6932,7466,5403
2081;5;3;6321;5653,12143,11825,13835,14217,4472,1801,12769,3300
9020;3;1;14161;15442,17645,17339,5412,3803,5234,14265,8708,12237
6566;3;0;19126;10764,5573,15392,11430,7913,2831,7125,16820,2683
7020;4;0;2534;5925,1677,3719,8154,8874,17755,1622,1332,6726
4451;3;0;8794;6413,10384,13826,2562,7725,15270,13822,2403,4153
5928;3;0;671;14653,17296,7707,6599,13608,13009,6612,15012,3824
6542;4;2;16051;7628,6322,4734,16201,12274,16892,2809,7630,4362
731;3;2;4951;3441,13786,4413,6721,1542,17787,8507,6366,3853
1350;4;0;11604;6773,14595,15187,879,4846,18094,11864,3798,12947
4918;5;1;15885;1012,16369,2682,4856,1243,14201,8742,4410,12999
4257;3;2;10812;17482,16305,14050,8811,4027,9273,18789,12548,4969
8339;4;0;16620;5572,395,13864,2075,1800,16205,1902,12958,16916
5710;4;2;1146;17786,14235,2087,5896,16273,3066,11267,6595,4902
6598;4;1;16940;905,369,13542,3281,4842,12669,2070,8009,3277
5978;3;0;16742;2341,10523,13954,11122,14976,14939,12190,5098,8268
7610;3;2;18188;8735,1435,1747,8298,2871,4748,11248,15258,12609
17;5;2;14149;18000,13906,16354,5592,4101,10625,4459,14870,14456
247;5;0;18602;18118,19077,18620,2431,12401,5304,13420,5919,6376
3946;5;3;378;16886,3680,386,15905,10924,5906,8568,10461,2784
7482;5;2;4952;19029,3554,1165,17214,3993,2657,14009,4791,8925
6666;5;0;14199;8869,9154,4229,5387,5951,16602,1410,2634,5827
2926;5;0;1004;18973,16705,7345,1543,10515,9549,17354,4100,19033
9249;3;1;10745;13583,14169,3714,15019,166,17942,5250,19099,15897
4251;5;1;13626;10715,15481,18812,13019,1746,1168,16139,18520,18099
406;3;2;437;3252,17655,15669,16406,2047,11489,16855,8116,1525
977;5;4;16226;10375,9173,9763,5982,19032,15428,2339,13800,16309
154;5;2;11878;15581,6626,18195,12642,12523,14221,10591,18775,3225
1932;3;2;15600;4279,7617,2163,5492,331,12966,14441,3629,12478
3334;4;1;17266;16410,10043,11175,7982,3251,15863,2710,5684,8405
5969;4;1;14091;2196,7682,17303,17792,459,2589,62,15725,11885
8406;4;2;17122;15108,12195,16498,17123,18377,7072,15817,12934,2846
9052;3;0;1204;5243,16277,81,4613,16376,18250,5353,14248,7424
2003;5;2;14939;10080,9546,3905,3127,11657,11805,13806,4741,15450
1369;4;1;15396;7130,17850,18725,18279,13457,3116,8691,1494,10383
3810;5;2;13518;8694,18039,2527,3962,3100,18704,17388,14325,5952
7749;3;1;16077;17092,16867,8077,1700,1737,14651,221,4379,17533
9058;3;1;10108;1042,11250,9119,3587,9914,3610,17882,1515,16955
7408;3;1;6110;14036,3426,5537,6349,15669,9805,9163,7285,3379
4195;4;0;2456;3678,16282,12595,13415,15964,12157,18026,14967,2016
7261;5;3;9412;17550,15496,18750,2979,2363,7756,14184,8279,14124
7846;3;1;15292;4670,18378,2501,1814,9929,11412,12998,15205,8537
4150;3;0;17997;7540,8827,2207,6220,7199,17418,9638,8985,13499
3626;4;2;13665;4228,8760,13318,15814,8739,3387,14014,3585,10669
6668;5;3;17722;4832,14542,15235,11843,5089,5969,5430,10362,12696
6177;4;3;4395;7246,14403,18490,15722,13596,4780,18542,15962,1123
5147;5;0;1473;7544,15671,18325,5608,13434,15799,10058,13906,4485
7647;4;3;3357;15260,9814,13196,4860,7347,298,2688,11998,2708
6805;4;1;15360;15742,6363,16485,7994,1509,2052,10654,10010,13687
3590;3;0;1788;15298,1480,13311,13373,9649,18382,2086,588,18059
9032;5;3;11196;10792,9858,64,6884,18959,3541,9155,5855,8233
7314;4;3;4155;5081,7679,4637,17367,16236,802,12526,9003,11383
6415;4;3;4778;16636,5584,2366,10144,3529,1115,274,4206,11197
7819;4;0;18189;12767,15146,9470,17458,628,4470,7121,7209,1280
3265;4;2;14637;5598,16279,2495,15781,9750,16718,1512,16533,17198
1778;4;0;3649;10475,18461,18966,2997,14572,10435,14695,13235,2474
8437;3;1;10614;16077,4230,4687,7890,773,10049,11936,7078,867
2373;5;4;378;15115,11584,11303,8533,16108,11878,13890,4457,6238
5339;4;0;15764;10665,14596,10050,13485,5379,8909,18585,8008,6994
8513;3;0;13243;10294,4427,7773,5565,3591,1377,17997,1942,9934
4323;4;1;7405;1989,6807,4264,12814,7099,2015,1565,5053,4564
7571;4;1;15143;14890,10050,3118,8533,12101,15407,9971,16213,15166
3140;3;2;10041;1984,7411,10976,10368,1730,14864,14267,3229,16805
5494;4;0;12777;8621,4216,3245,3439,14933,14238,11196,18041,14934
6734;4;1;2005;739,9750,2497,13952,5268,15455,8817,7607,9398
4805;5;1;13110;14833,3991,16685,18842,6132,2377,15653,14162,11976
6519;4;0;2573;6295,404,5475,1513,14790,11318,7113,7110,18951
1348;4;2;16770;13350,11474,14626,9807,10208,15654,11217,16576,9670
6145;4;0;18317;11846,16600,3748,3600,6848,3907,18540,4088,13747
35;4;0;1935;1172,14108,11808,18153,262,2149,16088,18462,5219
8144;5;1;8591;7351,9210,10488,18596,13940,10965,15720,17333,6912
9234;5;3;1187;15207,319,13702,5458,17189,1243,899,8439,17071
4572;5;2;17947;11258,16459,4039,8629,174,17685,6837,198,17861
5790;4;2;10168;18716,13384,11359,11723,2344,837,3935,11016,232
7682;3;2;16721;342,6767,10473,12799,6085,18,13062,13189,14943
3483;4;3;18336;16242,12341,17370,819,879,17752,10444,4391,18415
8829;3;2;10041;3187,4631,10576,18302,16600,15010,2688,14598,16307
6795;4;3;820;5369,10078,14756,14065,354,18159,11362,8011,14381
7241;5;4;10415;19050,17610,16672,17971,10106,3970,6383,18314,14213
4102;3;1;13965;153,14234,10930,18138,37,18873,6671,16868,3865
194;4;0;11685;17118,1954,10805,10230,17651,8123,11636,13347,2856
4671;4;3;13647;233,11650,13857,6577,5649,3721,17353,14951,9549
2735;4;2;8747;8818,1148,6803,17143,7527,11950,7753,104,15870
3998;5;1;16920;12715,13461,17939,5392,15338,3695,96,14081,9427
5024;4;3;9611;3000,638,2309,14006,10412,18354,949,1174,3176
9273;4;2;13000;12109,9688,700,8962,4376,3298,585,400,3102
1088;5;1;2735;11598,3554,834,1490,8968,3754,3102,16699,16341
6836;5;1;19077;15915,8305,11162,9080,18044,8322,13406,13026,15010
6265;5;3;13313;10944,3376,2150,1344,10230,14662,7697,4218,18065
8765;3;2;16905;14271,5670,13556,8717,3947,1566,11233,16763,2242
5608;4;3;10052;850,17884,16106,17001,9864,6256,1654,2410,4115
2901;4;0;2550;13511,16561,997,10843,8039,12994,13047,14723,1052
2000;5;2;10845;8484,16379,11740,4872,8841,16047,14558,13069,3830
7185;4;2;15206;15484,8350,7335,1001,10544,15576,3501,11820,5694
3187;4;1;3124;13900,6055,13741,13928,15323,2861,10583,554,3496
6204;3;1;628;6928,6980,9756,9763,5292,12483,5096,1280,4076
1102;5;3;3967;15711,16298,515,12652,12873,3837,11606,5252,10497
7227;4;1;378;5427,1291,16454,16222,8786,7414,5219,4514,8158
8210;3;0;8688;11626,17565,13880,11036,9703,7692,11318,9816,17896
69;3;1;1374;9969,1960,15218,7609,14340,7113,15209,18746,2988
555;4;1;7977;3605,17350,110,16700,12632,8524,18586,12574,907
6077;4;1;9877;4519,8162,17038,14205,10477,15067,18671,16252,9002
9371;4;0;356;6423,16348,5293,18842,2930,8080,16785,4573,15226
2951;4;1;13537;620,11242,27,11566,18960,5354,3113,5864,6140
2150;4;3;3629;2168,9766,15028,6906,6463,14080,18411,4631,16725
9025;3;1;1846;12274,8731,14787,10342,15753,12630,9213,14539,13009
8499;3;0;1429;10954,11408,10834,1244,16552,19092,11409,16918,4058
2455;4;0;1084;5941,16556,12300,4631,5019,2831,5492,7523,3896
7138;3;2;2963;9255,9816,8141,15964,15102,3065,14260,6782,18193
3281;4;1;423;9492,6866,19049,12568,7977,1545,458,3343,8978
6797;4;2;1532;6778,11626,106,12876,4490,5071,5633,455,12616
2466;5;1;12662;1327,1190,1243,13565,9791,1159,17262,12063,1661
3461;5;4;8412;13498,18511,12171,18305,12399,16612,7229,13303,8524
4620;5;2;683;15056,6160,1593,7383,11847,19148,12871,16094,3825
1712;3;0;12484;13604,12199,4588,11536,9839,7558,12197,3619,15767
5173;3;0;7562;16737,2465,14375,8624,4094,16229,7069,6717,9834
5965;5;4;190;384,15507,18146,11230,18794,9532,2853,8438,19103
1727;4;3;18307;4686,3510,16407,3745,1053,15092,2241,2058,13876
727;3;0;11219;16784,9373,9070,18655,17539,18450,5440,12003,12053
8011;5;3;6216;10180,4595,11986,13890,6762,5387,2634,16422,14909
6940;5;4;5340;12501,6521,7317,10798,5182,18747,18410,3407,2025
650;4;3;10594;18485,10718,18877,3538,1767,16072,10613,7052,5291
7160;4;0;1587;9418,10794,15325,1560,15093,1053,13105,9873,3042
9125;5;4;10845;7785,10368,4295,7146,10854,17014,5422,6906,8482
5740;5;0;11685;12548,3966,17360,3973,9276,10918,13019,13184,1782
7308;3;1;8275;13891,13360,13603,9188,13508,10341,15941,16069,3686
7396;5;3;3618;7774,274,730,1846,16317,18952,18504,9321,8554
6523;5;0;7876;17125,582,4873,9499,9795,470,10624,7840,2565
613;4;0;18830;18795,13671,12561,12523,13372,1678,10191,4229,10749
1323;4;3;15389;16715,16535,3136,5541,12068,11040,4825,4053,6861
9220;3;2;16487;15456,6412,9338,18130,16187,2453,10927,10259,7281
387;4;1;3487;583,8006,14854,15693,15475,18457,11805,9211,5098
4786;5;4;10859;14627,13100,13184,1675,8847,11996,3987,15881,1508
5538;3;1;16300;5716,12829,13160,947,11063,1535,4346,7405,10879
8380;4;1;4537;12629,12543,10125,8798,11374,9721,18109,17562,2992
9207;5;0;1243;16598,12858,1035,1297,14170,5937,3589,10497,17569
9093;4;0;16977;11773,17261,16637,14119,18019,4845,18485,13470,16743
5693;4;3;8150;4908,4521,11493,13917,1970,7492,13420,3748,4026
6762;3;0;8152;10734,12969,16566,14422,18666,2111,11264,2872,559
7237;3;1;13906;3749,16167,11215,4314,16536,789,1971,432,12541
4688;3;0;9005;1406,2473,7135,7659,15013,16788,17548,14533,7415
6274;4;2;9340;15897,4373,5228,12663,14901,2710,18366,12562,4103
7901;3;2;1671;11179,4175,13654,570,4837,12229,14712,13512,72
8532;4;0;8650;9849,12296,677,16828,10557,3601,7758,3903,13949
5137;4;0;2662;1248,9584,14645,14970,4717,17125,10970,513,3139
4132;4;1;638;14006,11174,16841,14247,17557,10947,6951,3388,16984
7719;3;2;11077;7990,8532,4717,7840,13907,4873,5837,12098,8984
4051;3;1;1002;7405,11549,15644,10502,369,1987,3732,423,17489
3559;3;2;1145;7876,18570,13703,7990,17413,14686,2565,18697,11256
8569;3;0;2005;16180,8362,7616,7985,13746,1958,15219,15781,18835
7848;3;1;959;9905,1626,16401,8581,18704,17936,5305,18536,6526
6358;4;0;6945;7432,8028,7127,13716,5982,4646,10342,11301,13896
2594;4;3;8585;17188,7946,3103,6590,13907,2083,5255,4110,19027
2364;4;1;14301;18180,17873,14624,5423,15513,6599,10144,2880,4646
3814;5;3;3923;5554,18870,16850,392,7487,18447,2044,17770,2089
119;4;2;5537;9823,16862,12656,7613,8208,15957,10519,6175,6973
7351;3;0;11558;18296,17114,994,1188,7508,3910,16274,5255,3086
1910;4;1;80;1105,6372,5461,7712,5893,17717,6500,16385,16565
7289;4;2;18160;9766,4556,13196,7125,15413,9673,10752,12585,17943
617;4;3;959;10107,17827,5482,9548,17852,1654,249,13202,8502
8043;3;2;12549;10570,5139,17203,18073,9994,18555,4693,2045,6031
7797;5;1;4881;11054,14065,1250,18992,14034,16765,9135,4190,2165
6195;4;2;7821;2646,9819,10775,16906,6057,18134,16361,12017,9670
8989;5;1;17698;5175,1910,12040,8839,10695,14572,15226,11858,2782
8525;5;2;463;1861,3580,1552,1159,12696,873,18753,7754,19141
4235;3;1;1789;4590,1299,7950,2644,11575,17027,4391,11019,16784
3970;3;2;85;3637,10480,10944,14904,1321,7308,9069,6444,2911
5291;4;0;16742;656,6380,3594,8006,10320,11122,8624,9546,13461
4869;5;3;17836;9835,17586,13362,10274,10823,8823,10816,18044,12390
8505;4;2;11098;267,13303,12940,9306,4493,9522,179,4144,17065
2983;4;2;825;8622,1759,1804,14395,209,311,4321,863,5587
6701;5;0;15795;6126,1989,5840,5619,3005,5187,8521,489,14017
4709;4;1;8930;15032,11675,11869,14131,12053,14954,5680,1789,3448
2887;3;2;753;9256,3480,18106,14510,854,12191,347,11222,7375
4958;4;2;16557;2142,15829,8848,10261,4731,13807,1292,17805,12208
9189;5;1;16738;11839,8490,2831,18261,4631,12324,18687,331,14318
841;5;1;404;356,1196,13301,17554,15714,10891,15653,13635,3661
4937;3;0;406;16590,14087,3717,4324,18086,10447,2695,8739,9934
7761;4;1;17435;9861,3188,19102,494,13523,14863,2360,687,990
3913;3;0;917;8627,6625,5440,140,5226,8483,11612,1818,1273
761;4;1;14684;8422,13817,111,17505,1905,17915,3041,10242,13050
516;5;3;17665;1767,12742,12288,1470,9379,14292,2839,5205,6480
1174;4;1;365;9259,9371,15786,13455,2536,16787,3969,1833,8438
7295;3;2;14398;6369,12251,7562,15868,11263,9810,19044,5392,9478
9166;3;0;4733;16168,18964,4365,16413,15650,1796,1082,3229,8231
8058;3;2;9620;15098,13109,620,5646,17717,17219,10145,15752,5744
6774;4;0;15938;16009,10550,12642,13292,2805,17304,14812,16006,2004
5780;4;2;378;16076,14857,14658,2581,10373,9115,12366,14208,8343
3520;4;2;17090;238,9240,14827,655,5020,222,11970,12003,16395
3466;5;4;16530;16236,10764,8366,10172,14480,9814,836,18609,6704
6710;3;0;19171;10785,7088,16296,14359,2482,1131,8591,13418,5164
1596;4;3;18240;4026,16641,13732,10368,16017,13157,619,4935,4884
6015;5;0;96;8268,7769,6743,9810,12715,17139,10895,8755,18029
7338;4;1;14398;3897,9134,1530,12251,7069,13423,6380,2217,14375
4313;4;2;6456;62,5209,9934,10253,1911,6193,7881,8609,7549
989;4;3;1714;12288,16831,7519,11850,14936,5205,3688,14302,14454
6269;5;1;16951;8304,13738,4076,10085,8164,5439,12724,10193,8461
1987;3;0;3168;2036,11641,10270,2779,11701,5496,4813,7494,13113
5949;3;0;18602;5919,9673,6977,4908,1744,13934,8668,16733,4015
6062;4;3;378;16522,7268,6644,9699,16303,18153,9777,13485,10732
304;4;3;10830;14100,5976,10092,17900,4269,9144,9423,10294,12086
1352;5;2;12522;13260,9960,9656,17466,712,3993,3839,14836,1171
6127;4;1;12079;5402,14771,17432,1510,8138,3872,6129,5981,16340
6973;4;3;11252;108,13505,3976,6462,11891,11327,1655,8653,14326
5297;4;3;12729;9160,2064,249,11473,721,6779,5254,12431,13200
4561;5;2;12435;4432,5889,8276,14791,12276,1910,13432,8131,9798
1391;3;0;2150;10551,8363,4515,10196,358,5253,17031,597,17450
1478;4;3;4102;4967,17211,16577,9465,16857,6089,14611,19079,13355
4344;3;1;15463;18735,16502,13633,13623,6087,9166,5440,1706,11585
7435;4;0;12221;12328,15817,6746,2921,3655,5045,3623,14298,18377
8233;4;0;4711;2629,10847,2936,15821,6471,5996,3071,9881,5939
1330;3;0;10627;14915,14357,3734,13048,1770,14156,16350,18276,11775
8903;3;0;714;18249,16567,11939,11651,9054,14179,2095,2817,14888
7867;5;3;1982;8887,3153,9089,11535,16715,7026,6184,12068,2393
9248;3;2;16648;15770,16264,9010,17714,8032,16347,10477,14492,8065
5885;5;3;768;3837,14895,11394,12103,292,5362,8645,16680,14385
8498;4;3;18918;7866,13269,17677,9447,4237,17175,2836,7509,15470
7674;4;0;642;8239,3865,11124,18601,12886,153,13108,16868,1646
3658;3;0;2849;5159,6046,17990,860,5933,14410,13774,10058,12436
9304;5;1;13759;18276,13889,11642,10038,2208,14627,15204,6693,11630
2421;4;3;8392;5136,15319,668,5884,13363,4745,8564,4377,14270
5274;4;2;8872;14936,12050,3237,5538,11716,11848,18153,8491,4137
4413;4;2;7927;11915,10919,697,7770,11341,175,14172,671,18880
1474;3;2;3362;13787,11188,844,4421,4643,1955,9044,6452,4833
7427;3;2;19170;15666,12979,18888,6514,442,11267,6439,9508,18648
6142;5;3;413;4852,2043,8061,13467,15797,2054,5102,15090,10419
910;5;0;2045;12784,12156,16296,2915,4365,7264,18628,3377,16481
6263;4;1;3701;8675,16459,16782,1561,17198,17947,14987,1027,11948
4900;4;0;13119;15532,11939,12120,9136,14538,14179,8955,2830,6161
8983;4;3;2952;17448,6549,7211,9493,7882,2214,17150,3571,5083
6766;5;1;6938;8494,4434,14533,10646,13643,14848,10369,9301,7239
2682;3;2;7478;8551,1358,668,17533,6179,18106,12536,15343,14406
1652;4;3;378;14341,5899,2673,9115,10591,11943,10707,17245,14753
5202;4;1;15461;6153,8855,5387,367,18236,16707,9246,2677,15995
2746;4;0;986;18925,145,5571,1909,17467,17302,17763,17105,6137
8559;5;0;2005;18835,122,5036,8908,2300,8068,14013,3481,8020
5665;4;3;3872;19165,15081,2285,2781,1575,9266,13436,949,5436
9370;3;0;5653;13715,18600,4258,7383,6644,13613,7067,8743,16066
6202;5;1;558;3602,7181,4686,13566,516,3609,12176,1509,4714
6550;4;1;1057;10717,17114,849,8678,10499,9867,15162,8071,8232
1172;4;3;17481;15314,2636,9264,10170,11877,15080,15484,2216,2922
258;4;0;6853;1847,390,5691,4738,18131,3238,11914,15627,13049
4303;4;2;378;3697,17603,744,2918,17009,18462,18197,2820,2916
8085;4;2;8728;10081,15111,6961,12640,2154,16032,15349,5593,13436
8981;5;3;6190;15152,17314,17649,5878,15151,18973,16756,6037,18007
4811;5;3;14890;6107,146,13162,17307,12448,6296,2371,6854,10677
7586;3;2;12421;1958,3353,174,3710,10982,6274,15965,5782,3010
4915;3;1;93;3678,2556,15669,13854,8662,13171,10714,16849,18638
2871;3;0;969;4264,4424,4341,18289,7920,4078,11637,5263,12829
2605;4;0;1004;8628,6320,9200,6426,10762,14928,18057,7976,6902
7045;4;2;1451;2004,10472,17261,16176,12642,18923,16092,9677,14937
6;3;2;6510;4496,15966,1955,1319,15151,5307,17353,6564,2079
46;3;0;11115;6284,2272,2253,7637,13466,3898,8219,1480,2471
2822;3;0;5212;16039,643,15827,2221,2597,18503,2691,1191,4633
1320;3;1;11266;11185,11870,1788,18928,8980,5403,16987,3342,1982
934;4;3;17276;17336,204,19089,15574,7588,7174,18563,14948,14088
1921;4;0;1004;1319,914,18852,16604,3735,5397,2459,15226,2660
6101;4;1;9111;17414,8575,471,4707,17736,11342,16815,474,16106
2242;4;1;1263;4855,10877,16586,15192,19166,13262,9233,7653,9085
4110;5;1;1118;8465,7071,3406,13027,15023,7467,2116,8309,6238
598;3;2;276;18049,16598,16983,7949,8420,19133,2899,13216,1327
8324;4;1;4881;17967,18087,12930,87,18078,12735,2174,14729,9762
8461;3;2;2002;12361,3284,4487,4980,7174,5306,17641,12896,3655
182;5;2;12440;8740,12511,12362,3411,7621,15723,918,19008,10882
7757;4;2;5836;7615,15439,9924,11556,9278,10866,16116,14214,17476
2931;4;0;2100;14819,18724,14438,11490,1510,4767,16751,17735,2007
2213;3;2;625;11732,18540,13406,13597,17373,6686,18603,17295,6796
1199;4;2;11318;11391,11523,18146,17255,15283,7912,3895,14097,6802
5703;4;3;8713;17062,18357,4939,8844,18140,11996,5505,12179,8300
6715;4;1;122;13957,11727,17701,15222,551,18448,12456,3353,6280
2920;4;2;18033;1272,837,5002,15269,7437,26,140,16524,13824
3934;4;0;6399;19029,15805,17466,16655,3787,8540,16699,3424,13260
3709;4;2;6032;16577,11927,6222,5621,5462,11302,2219,14401,9117
8323;3;1;7721;163,5638,12049,12392,1087,7805,9388,12795,13326
5386;4;1;16641;16379,12262,7635,4860,15600,5519,1842,4727,14619
3768;5;1;3881;5849,8907,8897,905,9598,7048,8301,12635,13101
6066;3;1;15520;16296,18694,2646,10083,9844,3126,4569,15489,12967
412;5;4;1363;8253,6828,1868,2006,7544,4238,10795,17588,11020
7079;4;2;3795;7357,5304,5201,8373,1197,16825,5737,10246,17446
1035;5;0;15370;12800,14180,18145,4753,12854,13752,2714,15172,2675
214;3;1;1620;9669,10009,246,5089,4010,15547,18453,11406,1485
4783;3;1;1793;12866,8472,2746,12883,6417,5286,14794,11801,11536
4586;4;2;378;3300,3511,17867,18235,6219,3012,14588,8261,14756
9120;4;0;10274;8322,15703,17943,12481,9665,18620,8167,7913,17426
4371;3;2;5511;11017,8334,15549,12793,1892,17270,11671,12538,18773
511;4;0;1004;5417,12473,8124,14626,18628,15779,357,7814,93
7180;5;1;1417;3661,5177,15773,8591,8372,3077,15714,12567,7390
5840;4;0;5462;3090,6779,15033,9564,9640,3,875,5254,16842
248;5;1;697;17949,4917,13052,1160,12039,10787,19068,7046,13259
3255;5;0;14112;10162,4952,15306,2148,1045,12763,6772,15727,1331
3939;4;1;356;5468,17084,3991,13447,13453,12815,9954,8228,2446
1408;4;2;378;5432,2464,10258,5280,7504,18062,1268,17825,7333
3363;4;0;1206;10945,15814,14989,12339,932,11252,7793,11050,14228
5201;4;2;744;7883,10730,2714,8491,9346,17182,5101,3691,11091
2642;3;0;5986;18102,1795,13205,800,11599,16509,10511,10871,11412
6635;4;3;10338;9675,1470,5130,16648,10730,10827,5521,9416,9765
6189;4;2;7058;9372,663,10606,9718,4472,13693,7008,12802,7996
8669;4;1;3878;1903,8653,652,19118,6357,2259,16844,3567,12041
7028;4;2;8877;12905,7901,14636,3806,9997,12827,1562,8359,11480
6331;5;4;378;11760,17307,12660,19072,3538,13898,15356,15686,2931
5639;3;2;1546;7470,8221,15817,11410,14948,2614,6794,7153,18936
3931;4;1;15903;3016,1839,10308,6903,9758,10342,231,9321,2817
3039;4;1;6887;6968,2934,786,5323,5775,11551,823,2796,10021
4180;4;3;12587;8643,6626,15689,10377,663,17307,9613,77,4595
802;4;0;13653;7171,8511,15833,3068,14863,11040,8722,12026,12014
4585;5;4;1249;18943,5468,4555,6519,17468,6069,438,462,14097
1390;3;2;10532;848,14240,3915,11570,12003,11612,12264,5469,196
5455;4;0;13949;17303,7175,10692,9172,11001,10273,13692,1260,4402
6361;5;2;15265;6322,11197,4206,9294,2698,18479,19037,4646,6168
7597;4;0;17189;9051,7239,13788,9354,10646,4143,8779,12999,9918
1538;4;3;13945;15530,3400,5857,5751,13762,13234,15206,18639,3776
1537;4;2;15529;14125,16115,15355,951,15881,15019,14474,3690,6052
5981;3;1;5452;1917,15984,17092,5954,5150,14732,148,14882,17533
2878;4;0;6540;6176,6633,1105,1139,4205,10367,13840,4247,4923
9147;5;3;18677;3069,3740,1997,4572,10409,13628,16966,14860,15873
3393;4;2;16187;15456,9338,6412,16487,2453,10259,18130,10927,7281
5151;4;2;4536;15790,19007,2742,17698,7057,4327,6802,12902,18137
3052;4;1;3629;7492,8000,2314,11128,7420,15469,13701,12418,7768
2890;4;0;11657;11096,5084,17778,12922,2792,9772,6640,3487,5611
6922;3;0;14297;5649,445,18852,12725,6675,9068,1177,2556,10785
7973;3;0;5608;3848,206,7373,15179,13543,1971,860,6358,10946
8698;4;1;16570;18154,1750,2013,13166,3603,5488,9582,5406,4346
8959;3;1;2008;12362,7045,11270,11037,11541,6587,9056,12317,1905
2443;5;1;6929;1326,18360,6659,8829,7465,12691,12427,9996,1071
828;3;0;6510;3540,1430,12162,531,4407,2536,6427,6118,2988
2389;3;1;14512;17238,12961,17605,14061,6327,4537,15258,5695,10131
300;4;3;11807;13478,11866,6410,13850,6681,10472,5379,17355,17473
1132;4;3;17701;5489,16459,14478,14978,14505,348,10571,13449,13838
3008;3;1;6533;16969,304,2411,11775,5701,9495,6058,11000,3861
7803;5;0;1650;5902,17201,12975,5801,4844,12979,11540,5197,16273
1719;4;0;2927;13234,9870,16479,6337,3360,2330,7390,3062,4261
9117;4;0;18426;17845,6661,16752,7264,3741,7243,3144,15957,11701
9177;3;1;716;4925,4308,8749,5064,1160,10518,17072,12560,7791
6612;4;0;400;13367,435,700,13260,6657,4754,8651,2049,6972
8271;4;3;1145;17413,7856,16769,3979,2103,506,470,14291,14861
345;3;1;2617;10823,3107,4054,8490,18893,2431,6796,15004,6821
5516;4;0;17405;11010,10775,14858,2556,16399,1543,10800,18370,6476
6001;5;2;5551;157,11005,6046,4936,7373,860,9008,2772,1218
5722;4;3;5060;7879,8419,6387,15105,10576,18317,17425,4088,2683
5988;3;2;1991;11238,7439,9411,14305,12365,18369,11109,11033,17243
3112;3;2;11882;11629,9578,12060,9287,17429,11955,8218,1424,1034
3239;4;0;6042;17463,13019,8338,3430,2108,17822,10480,8123,7601
2024;3;2;2113;16576,4965,9957,11820,6329,13176,14098,7122,2482
6847;3;1;1587;7483,8898,18648,15325,14235,4440,12375,5902,14485
8259;4;2;1450;6543,13847,9888,2572,13412,6753,16976,4303,11278
3508;4;2;116;15281,5678,10894,15551,15905,3194,5432,10512,5499
8769;4;2;5615;7825,2335,12689,7092,13520,8288,16278,17655,8587
8550;3;2;1130;2241,13105,14028,16716,15746,12637,3082,10358,10364
1489;5;0;7525;16655,13411,12109,14160,5904,14112,938,416,8021
811;5;2;13432;14991,6627,16095,6104,13834,14825,9259,6175,10280
3591;5;1;11115;9089,17639,8431,12014,17224,3342,7430,10,18576
295;3;0;8671;11231,3301,6713,3532,3511,7081,15228,4881,7654
2694;3;2;12065;12948,10058,16964,10592,13207,7373,15675,15329,15047
1082;4;3;9758;5992,19075,9540,6903,3267,6871,2885,6980,12120
3726;3;0;1452;4009,2677,613,17335,17863,5635,6993,18884,15231
4660;4;3;14565;10834,7105,14303,19024,8599,832,9638,14912,2771
2740;3;2;9106;17766,17277,14707,17633,6944,17293,13737,15209,1460
5880;3;1;463;12652,11606,11169,16910,1861,16813,9847,5458,925
2451;3;1;1150;3071,9663,15471,4070,1184,4446,3643,7194,2936
4636;3;2;3581;15364,406,16856,5707,13646,12018,2561,11952,9623
4335;4;2;6994;1771,5691,7041,15889,12670,12281,3043,460,2165
7124;5;0;2978;15178,16317,15106,12843,6492,12133,2339,6756,16508
2936;4;2;1363;11514,2860,13079,14973,1971,12968,376,5661,4572
8706;5;3;861;11054,793,5239,889,6897,15627,18554,694,92
7754;4;2;10893;15538,1667,14551,7584,7102,3521,16893,11512,15845
4487;4;3;1723;14964,14945,17110,2186,9827,11016,12003,9882,14066
3313;4;1;6495;322,4372,13307,11207,10806,15205,5708,2179,7999
7362;3;1;2864;3311,17792,19081,16923,10803,934,16541,2154,17576
1177;4;2;378;16264,15288,16294,12539,12800,6091,16094,16893,17279
9200;3;2;8017;33,4321,8573,13606,12271,863,738,11521,16085
8818;4;0;3066;9418,18227,8902,12637,1053,16484,5902,12375,12633
2966;3;0;2321;919,14965,9147,12506,2405,2164,15454,16275,17520
3456;3;1;1060;8238,16805,7499,2455,13917,10274,15317,7217,16660
6180;4;1;1429;13688,3333,17197,4762,12558,904,3873,18935,11468
8520;4;2;15778;11937,17327,356,8679,9180,13841,14707,6771,3063
3007;3;0;16786;6359,2115,4253,6805,5043,413,10065,2796,2059
6809;4;0;2636;15045,3871,11523,17181,2045,10774,11106,17767,13780
3686;5;1;3629;18192,4531,9814,9665,10246,16370,4884,18650,8484
2949;5;4;17261;11848,15407,13699,9212,8671,14726,2665,9787,10377
3378;3;1;3420;3877,2170,4842,458,9866,5840,3005,8157,18765
2076;3;2;6516;18426,10880,361,7264,9670,4123,3489,10798,1910
9340;3;1;17635;19045,8660,8279,9612,17502,3815,16305,17620,1414
9002;3;1;16891;15278,4275,16730,11984,8341,11219,8043,18558,2571
9350;4;2;2997;8142,18927,11489,14367,15966,16453,11251,14260,16604
1505;3;0;1473;11613,8720,16112,13711,2793,14621,15588,4822,7028
4172;4;2;10594;2974,4713,6602,10697,14221,1670,12957,12736,11386
3327;4;1;10358;2155,13105,2417,1079,4836,1559,5341,9511,12979
2252;4;3;8346;5804,5758,11320,7499,4015,15759,9026,12240,9673
2384;3;2;13774;9252,1845,5657,13628,5661,15596,18000,16587,405
1383;4;1;378;12588,18245,11003,6219,1063,3511,15901,11625,12183
3650;4;2;8702;15751,10899,18465,11372,16730,3934,16674,3485,19131
3158;5;3;14498;11120,338,1417,763,13521,15045,14967,13152,6863
371;3;2;15336;1313,12737,17036,18918,1783,6572,1780,11282,12405
4064;3;1;702;5466,17987,11966,4607,12634,3324,428,11921,13161
3812;4;2;4899;5256,7845,15488,13425,17640,6519,11484,19085,11523
4871;4;3;16657;11843,15277,13029,7945,517,7439,4143,495,13085
1075;5;1;7046;5750,3524,15373,2830,17754,10549,15597,14785,6611
6976;4;1;10849;8240,18630,18973,3126,17655,12157,15495,13415,14359
6760;3;0;2360;1015,5623,7538,12038,16758,6932,15071,15457,3726
7352;4;0;4544;6355,10354,16369,13744,165,7949,5429,5797,6790
1029;4;2;4866;11518,14786,931,2227,11579,13752,7834,18373,9341
3219;4;3;16610;4000,7576,17498,16198,16711,11236,12913,1199,2505
9308;4;1;3487;3486,11544,7562,6585,5787,10546,7069,18029,12170
1240;4;2;17667;5428,19134,10888,9693,6236,2485,13139,11801,5549
3708;4;1;10616;8437,17336,14602,1277,18516,17756,14981,5155,12221
3949;4;1;683;8008,6750,4753,18709,16605,13752,18992,7030,15839
7388;5;2;3982;2796,10,13564,13431,10685,10287,10648,2022,17946
8678;4;0;17209;7824,7214,11711,4382,4288,2001,12684,2946,18789
2805;3;2;9657;12980,8276,2446,8905,10849,14353,4566,5688,7459
3932;4;2;4260;4322,18914,2275,1496,15635,16961,1683,7610,5465
2571;5;0;436;17309,14853,12900,8675,17861,1286,12192,11793,17292
2084;4;3;12494;4909,3956,141,17554,5393,5114,2340,17983,14097
5555;5;1;4005;12573,5444,9858,2383,10453,15466,11911,5585,14756
5835;5;0;3844;12261,2412,4803,4453,3181,9308,1780,6560,16160
3940;3;1;2997;14166,1603,3891,7969,10775,16208,12490,15226,6570
2544;4;2;11926;15781,11975,11765,3050,6892,15978,13891,7473,8819
9161;4;2;5537;18973,17848,10478,14695,18216,17763,2335,16853,15778
3064;3;0;6161;6392,709,7774,2251,4650,697,4262,14244,1280
4374;3;2;11686;5712,13087,13762,6192,16576,13379,1001,17173,17050
9307;4;2;14025;1166,5121,6819,9263,15523,16284,18920,2081,10906
180;5;4;378;8044,2101,16946,8538,239,5883,11714,2750,9842
286;3;2;6832;4952,18120,19065,13541,3207,8577,8540,15867,6575
2979;4;3;6101;17964,8114,13363,10614,313,10459,16728,9232,8077
5930;4;1;10594;18910,12931,7067,5872,12073,927,19135,9523,239
7967;4;0;7820;3461,5044,4103,85,2499,8457,7853,2767,13498
4279;5;2;10155;15379,10499,9377,14861,17156,10575,582,8505,15315
8346;3;2;934;12495,6422,9849,16156,7097,8975,17280,4971,11761
6338;5;4;3734;9490,10715,2271,2979,18366,441,3052,11477,10627
339;4;2;4286;8599,3709,16936,16260,11399,11950,10294,4352,8646
8819;5;2;628;9906,6374,714,611,2130,14307,5909,2985,7857
7538;4;1;116;8033,16055,390,15001,1972,7928,8084,6232,5706
5295;3;2;1375;2686,16053,5340,9200,16911,14097,6561,2323,4412
4870;3;0;7538;11677,6359,14730,15322,8511,972,8048,15833,12833
1223;5;2;18687;5583,13069,16973,13157,11493,1084,2168,2791,8823
453;3;2;3503;5170,9820,2536,16692,18429,14992,16993,5757,6782
694;5;2;11263;14081,14073,12715,13589,1644,9209,17043,6369,9772
8490;5;4;13889;731,7727,5658,17482,1081,13093,14333,17097,6204
4662;4;2;4036;1430,16335,8929,12490,11307,17640,4905,8395,14831
8847;5;2;13803;14780,16227,5752,11735,14386,8731,4849,15606,11690
900;4;0;116;4049,4364,10757,9913,12138,15281,552,912,5432
5420;3;2;1753;10646,1187,276,14201,5478,7598,12696,12097,19015
30;4;3;6516;5636,17566,10867,18058,9537,4454,2394,2459,15100
786;3;0;9736;16485,11767,6595,2417,15591,1650,2058,18692,1509
1363;5;4;11170;15847,2310,10602,14195,1165,17768,664,11981,15679
3119;5;3;716;9419,14031,18964,2817,5367,5725,11206,16201,2611
2191;4;0;6847;18138,13965,14234,8670,13108,12886,1863,1646,10930
636;5;0;10723;14094,1552,2613,7239,17989,6515,12662,8374,7397
1836;3;1;12696;8459,7738,8779,9847,11394,1661,15277,8738,13565
8672;5;3;11106;4022,16694,2025,11517,3212,4126,7092,10761,13097
6448;4;0;16697;7544,12535,206,8115,1071,13480,17184,15873,5608
5924;3;2;17328;12094,17189,12914,548,2009,517,925,5631,17664
8719;3;2;3643;14815,6311,4446,1963,387,11205,1323,4070,10657
2806;4;0;421;11115,11954,15723,8057,17555,11040,16212,7536,14158
7547;4;3;10702;9043,13160,11766,905,19139,13785,3881,18867,10051
2097;5;1;3684;18236,9472,12121,9589,10600,14942,16887,5538,14816
5174;4;2;16311;13327,9054,4795,4708,16573,15532,18182,7127,18452
5517;5;0;18639;6454,5264,5247,9818,12581,13235,8682,16595,10257
6235;4;0;11825;15466,14292,1172,9066,17117,16974,5499,12353,11386
3964;4;0;576;11936,15109,5520,5356,1392,16433,9038,851,318
868;4;1;15499;6878,321,6824,5216,5072,18953,7122,509,17333
4656;4;0;3155;16673,10744,13807,4258,475,2931,17646,5827,16765
8292;5;3;7155;10027,8388,3131,2158,17261,11716,10606,16003,6411
5824;5;1;813;9667,6107,5387,17708,5880,7846,1011,12993,17757
1508;3;2;378;7014,18478,14376,10461,1659,7383,386,13049,12588
748;3;2;1652;13115,15642,12888,11114,1377,15862,13090,6817,14620
4672;3;2;13046;16623,6456,7395,8818,7186,13106,17547,10008,16021
7154;5;3;12972;2358,14915,13059,13421,1168,10878,19108,6096,8883
8219;5;4;6115;14729,14012,1697,15829,8538,13330,17362,13582,5585
2241;5;4;3705;14620,3238,6959,3277,4051,16686,8583,17115,3609
1052;4;0;3109;8312,14986,17800,16986,10481,2527,12338,11645,7750
933;5;0;14761;3083,4760,152,14308,17259,5848,380,10635,11402
9008;4;2;3134;17684,3877,540,1672,110,15644,2170,13708,16570
6355;4;2;18872;4686,2155,4714,1533,16273,4987,18692,6595,13687
1944;5;1;7141;11726,13640,11447,7205,9052,13867,1760,12447,15881
3956;3;0;1004;17748,3832,5700,6211,2267,6519,13097,13165,4056
592;3;0;471;8708,959,11565,1566,5194,16509,6495,6667,18172
209;4;2;9062;7763,2096,12669,11051,4346,3291,14509,10355,4448
2671;5;1;18320;14844,4852,9995,13208,8151,5042,532,7479,14352
5463;4;1;8902;17343,2409,18380,10568,12975,4440,12979,14235,12375
5759;3;2;8142;8141,152,19007,18056,1131,4532,6989,7733,17255
1355;5;4;8006;4319,4605,13954,16737,13112,12778,17352,12715,4892
9280;4;3;14359;18643,18282,11176,15291,16875,5161,2646,4056,18216
2035;3;0;7977;12829,8301,4430,15220,4078,5474,10163,3277,10502
6905;3;1;17211;16251,12849,5670,12198,15351,2888,16444,5740,3947
4386;4;3;2121;11848,766,16027,1714,19067,13375,12931,911,5421
4608;3;2;595;8173,14900,7424,4613,16376,3713,1976,139,2664
76;4;1;13104;832,1457,7190,14448,18143,2151,13911,12640,18850
5758;3;2;12541;14089,4459,13774,2772,12649,15873,7544,13711,13434
569;3;0;3002;1996,6145,542,13512,1067,6674,10132,18233,13654
5421;3;2;10520;2127,3909,19037,14785,18142,16585,15087,16876,17718
4498;5;1;16349;5036,5598,7168,18448,4627,13952,5742,2844,5049
294;4;2;17211;4115,15959,17936,16842,5590,4124,12471,14579,1584
7802;5;1;1311;17274,15574,4487,1163,13820,9920,13891,18982,6655
4795;3;2;12622;528,5018,13685,10563,2144,605,2429,2738,10132
2509;3;0;1992;11283,9371,12533,1736,11976,9670,14757,17649,9264
1452;3;1;6665;3666,13964,6105,4395,4780,14862,15962,15229,18490
3675;4;2;8070;19062,10194,13712,1774,11561,8880,14320,7114,1699
597;5;2;6593;17599,8943,7985,17685,11453,15455,3821,198,14637
4524;4;2;7142;18295,17114,470,10171,11558,4873,13251,3910,10499
1822;4;2;6576;9423,18573,3240,17918,11468,13092,5876,16830,10582
2452;5;1;16676;11446,2699,5646,7422,3257,3017,80,620,10735
5872;4;0;1992;5916,1106,18007,17383,12689,18634,5490,6210,9820
6132;4;2;4397;18818,92,13485,10484,10414,15735,15935,15422,8045
5351;4;2;5552;9223,19054,15193,8581,7761,17780,12444,15707,12694
4972;3;2;10845;14318,15865,18687,15384,8745,476,2708,7644,12786
7561;3;0;4815;12121,14694,4412,15666,10470,7711,18760,14698,16207
3051;4;0;3658;10229,3412,16642,7806,14935,17031,11958,17456,10043
262;3;2;18094;334,16528,18537,8341,4465,9888,13623,26,11536
5281;4;2;1098;10727,18677,16112,3884,8789,13543,11607,15363,15077
6778;3;1;357;2330,8240,15520,1492,9807,9180,11860,11679,1960
7162;4;0;12043;4327,15520,8884,2274,6002,13862,15812,14695,17640
2889;4;0;18638;4527,1564,11822,4779,8355,9138,9279,13852,2289
3539;3;1;1004;16979,6744,11702,15206,2779,16102,8682,12259,3646
7359;5;1;6769;2049,13541,8941,3554,13507,14160,6832,6937,3193
699;3;2;10705;18275,5307,5962,9537,9098,10475,14486,9494,9986
4853;5;0;2920;15796,8899,10982,8817,15793,2260,14987,7168,12192
6629;3;1;6581;58,11482,5547,10911,6876,3434,11907,6239,8946
1340;4;3;4894;11525,2866,16822,1782,19099,8414,6051,14050,11594
7631;4;2;2027;16143,1475,2307,13466,5813,1905,13368,8057,15246
397;3;1;16309;11915,13696,16223,7209,6756,8921,2415,18652,18504
1693;4;0;2844;13957,8020,10332,6593,9118,503,4096,14916,7616
359;5;4;400;13260,14532,16992,6692,7708,2224,19153,15867,19172
6857;4;0;5534;8419,5438,9033,16145,15008,16783,13962,15446,2314
8718;3;2;17555;13700,588,12627,9650,6946,9932,12068,6587,8980
1335;4;1;1195;15910,12643,14373,7492,11366,3916,2431,18942,12391
2009;4;0;412;3251,1153,18948,9860,821,15665,4027,2123,3355
628;4;1;11547;6222,19086,17803,329,9216,12287,18458,3100,18460
8006;4;0;2251;6871,16148,15267,8529,608,3016,12724,18182,14142
1839;4;1;6141;2527,5794,11151,15550,270,19161,1573,8099,1445
2325;3;2;17283;2428,2870,17199,5555,8354,13267,15371,16054,13787
5334;5;3;8463;1672,8972,1639,12824,9981,4047,12425,5263,19139
3049;3;0;3813;3037,2946,8677,9132,2767,3285,4302,1355,3172
5111;4;3;11955;16610,2990,6286,1119,1191,11236,12060,7576,2221
4777;4;0;18333;9675,14971,12559,16424,8631,14065,1250,18424,17954
2338;3;1;16771;124,1242,2578,11910,5559,10492,15279,13920,11645
7438;4;0;4008;4005,7266,8440,10514,10744,2941,7669,56,17875
1502;5;1;16158;17393,5146,15333,11149,12215,3261,5697,5195,3032
1194;5;3;17951;10284,10692,12563,10531,1625,7188,7330,7017,9142
2329;4;3;1967;17885,915,12243,13712,665,6437,5390,10506,2011
388;4;1;15572;2225,1518,2954,10302,16870,1713,6566,9681,12057
4742;4;3;3806;5374,1457,1350,801,10642,3879,2413,7594,2995
813;4;1;558;13105,4844,19095,15092,14028,15093,1533,3602,2789
9305;4;2;8906;9483,7843,9020,5850,935,104,14091,8653,10022
2320;4;2;17416;5247,11877,2556,2289,16576,13780,13717,19090,8395
5175;4;2;12426;13812,9498,15529,9490,15834,10878,17942,10812,18140
9279;5;2;1050;18671,14208,3974,18797,13808,8092,8631,14933,4587
2717;5;0;15260;5735,4637,16161,5151,5737,3683,10729,12302,11907
1873;4;1;356;13229,16785,15790,9968,8350,4838,16849,2323,4536
4803;4;0;9934;2007,6035,6325,18567,14345,5614,13090,13781,933
3824;4;3;17701;2005,3977,14987,5742,13951,2260,9118,3710,10571
172;4;0;15622;12986,16003,10730,18072,6342,16505,17221,5025,13006
7076;4;2;13945;18794,1603,6890,5468,11489,13096,15447,17047,9264
3942;3;2;8194;14095,4683,19110,8737,17285,11486,17361,13233,4031
1912;5;3;11883;17656,9159,3200,663,6249,9877,2677,12213,8409
52;3;0;2457;15128,18656,12626,6954,14994,2767,3392,6167,3048
997;3;2;11234;13722,18680,7213,5243,10821,15245,15775,595,788
4193;4;2;12793;8742,345,7945,16680,18561,5704,3967,11783,12103
8924;5;1;13348;9443,6845,2699,14264,3017,11718,6991,6377,10911
4495;4;2;18979;15255,17591,1708,12847,1895,1726,4806,4151,8483
4105;3;1;14098;9200,17293,3747,17278,16752,16576,1128,5555,11731
7651;4;1;913;16036,10779,2154,9436,11050,1625,3567,5498,9778
9299;5;4;1846;7032,6186,2895,2577,2632,9419,11301,18182,15612
7122;3;1;259;13329,6693,9428,17127,10196,14494,10345,11924,15019
3852;5;0;10508;172,7099,490,2215,18219,5836,10866,8981,5263
2992;3;1;16783;15028,13089,11835,10845,6848,18044,5201,11387,4908
4568;5;1;1440;139,3181,17179,11204,7346,4338,3299,17976,10026
9245;4;1;11222;1947,9466,7033,13346,14738,10614,9249,11862,5731
3098;4;2;13853;13913,13856,11496,1051,18064,13447,6777,14839,18430
7978;3;1;18157;17846,8596,6467,13102,3002,6674,11179,5018,1487
6852;4;2;9183;19009,16911,404,13234,6675,3891,15152,13229,6435
5865;3;2;13235;9954,12749,15080,15647,11571,15909,13834,18703,18191
2400;4;0;4677;2545,4996,855,18078,8401,3978,1935,16213,14934
8557;4;3;6391;3690,18682,6248,4461,526,16915,9704,11060,10724
8501;4;2;1373;2255,2760,1362,12338,11588,14675,5136,9685,1449
8116;5;1;7398;5242,19052,6899,987,18936,9188,9194,7153,2493
1022;4;2;378;6115,18604,5759,250,15928,2549,12950,3718,12742
6182;5;0;13943;554,13237,17789,18766,15944,4559,9343,17069,381
4965;3;1;2005;12192,8020,18176,9661,10332,12421,17996,12844,5581
9130;3;0;18596;12117,7974,12092,4431,14707,10664,8516,8270,15559
3085;3;1;12187;7725,5867,9927,5015,3473,18305,1117,952,14745
3004;5;0;5419;4499,12293,16987,5788,12308,9568,6946,2282,17424
377;4;3;5281;8848,3237,6644,8200,3974,16091,11760,10258,5299
4968;4;2;7344;13040,13574,3343,10949,16570,13365,10510,5746,11752
105;5;0;17782;17637,18682,3966,7187,2845,13068,877,7198,13048
428;4;1;10793;5330,13884,2550,14850,9342,16038,8039,1116,9573
8403;4;0;11439;12509,11167,6103,13028,1920,8993,1120,3992,3403
3796;4;2;10294;448,14975,13092,13254,9611,6604,7623,9142,11435
2563;5;2;7459;9928,14260,13453,10965,14577,14097,13521,1177,15499
3354;4;1;7928;2826,18391,3607,8343,2917,9372,18092,2650,2061
8820;4;0;14008;5403,15723,5852,11557,5924,3418,6198,18442,11949
6959;4;1;2093;11055,14761,9197,8231,5925,4965,13619,13364,13503
6657;4;3;15219;6370,17415,6274,6837,7910,12900,17929,503,6060
8892;3;2;16050;19123,2623,8467,1253,6685,7649,14463,5665,16012
1738;5;3;4496;4555,6132,2712,2588,2039,8417,13787,17467,18703
4919;4;1;5422;11189,4054,4002,14267,4015,7462,9080,3907,12324
2802;3;0;198;6735,18967,122,5598,739,12456,16191,13125,21
6496;3;2;3626;9891,10481,15272,14540,9813,11233,4192,8828,10831
7971;3;2;7158;15369,18774,8426,5745,17795,13115,10359,13002,16156
3216;5;4;5379;14530,18830,12107,17304,14614,10449,15353,8378,2714
1637;3;2;10203;7763,1162,9043,10703,8311,3577,8227,2170,7410
1572;3;0;14524;2874,4207,1204,4613,788,5586,18104,13428,2297
8257;4;0;15238;634,3646,9183,17294,10784,8140,7845,6031,10356
3602;4;2;1490;9985,8097,3653,1045,14053,17447,8935,12109,14956
1491;3;0;13247;16062,3192,7530,15303,16978,10755,11102,10695,1923
1379;5;1;501;16649,5387,11738,9154,12044,9777,955,30,17647
2271;3;2;378;18818,12461,3301,4077,16428,3225,4587,6854,3926
3041;3;0;1587;18455,52,10963,8225,9288,1533,3602,13687,11193
8488;3;2;6193;7017,6129,15642,13641,15169,17218,10939,18711,2388
2697;4;2;3199;14069,8459,13702,11526,1003,16482,7326,2863,4087
3163;4;3;364;7743,12230,966,12974,10322,17791,7169,17560,7298
6317;5;2;4953;4884,9328,11907,12526,18030,14558,18240,3913,16389
595;4;2;678;13027,17355,6762,15281,15228,13888,6115,9154,8206
1887;4;1;12956;12285,15799,1971,8107,6046,892,13227,10201,6828
8619;4;0;10863;9327,9188,10341,920,7423,18036,17514,12687,6655
9286;5;0;9401;1913,10196,7863,3183,11036,5602,15128,4924,8246
7652;5;1;855;5599,10119,1874,2135,17279,9502,11988,10981,10261
3839;4;0;16413;133,2038,15245,3961,15775,4613,2297,18680,1615
1049;4;0;343;8908,17195,706,18967,5598,21,1561,15168,9585
7433;5;3;18571;3605,17628,10502,11057,14214,13160,540,11053,11643
7184;4;2;1538;14209,4880,12019,15351,18593,9465,14540,8308,12198
2300;3;0;28;12484,10678,238,18476,15401,15535,11338,5803,18607
6042;3;0;1027;11453,4684,1089,8629,2378,13746,11258,10982,17198
2108;5;0;1788;5541,6054,4609,2506,13782,3906,2053,14574,2115
7550;4;1;16639;15874,16275,15616,17424,8604,4829,9186,16127,3365
3845;4;0;15356;10420,151,4772,4281,8023,1076,17653,13994,11315
6752;5;1;8662;4429,14985,2113,4827,8488,15499,16855,1959,7087
6362;4;0;436;2920,12900,9206,4122,2787,4297,995,5118,1027
8352;3;2;661;3099,13901,2404,819,11456,10626,17919,15603,11797
7622;4;1;10444;2713,4914,5469,17823,7865,10073,18820,3707,8930
3090;5;4;14092;1791,15292,7408,4351,13719,746,1189,1626,8284
2230;3;2;4772;9246,18679,2545,15452,9613,16564,13888,4229,12672
6402;5;4;378;4996,2890,18471,3155,14786,6197,598,3511,4722
1387;5;0;9877;13049,10340,86,151,14549,3688,8934,12061,14982
3258;3;2;4248;12489,17099,6720,12225,15457,7041,15194,6283,4821
2580;3;2;2104;9582,16570,2215,2084,3420,3074,2960,17695,13045
7572;3;1;8500;6914,17710,17987,8070,1549,4607,13764,13794,4413
8164;4;0;2717;9496,3441,8946,446,8456,3276,14563,10441,17787
1024;3;1;18602;6977,18647,2134,12544,3913,5583,5919,17586,14598
3338;5;3;13594;7510,11952,5778,62,1652,10273,17499,6895,13436
4000;3;1;13498;5567,8242,9412,17288,9774,1133,7606,1205,5384
8712;4;2;18547;6178,5722,3182,3398,3812,11291,9105,18534,11016
480;3;0;4663;16878,7762,5056,14415,472,17486,17711,3530,10418
8972;5;1;16377;2761,5534,11839,4015,7785,1744,298,6892,12851
8512;5;1;5755;5492,14460,3434,11189,8238,11274,3087,7713,17124
4732;5;1;11846;16130,6706,3629,2702,11681,4415,8991,9003,10650
2278;3;0;6593;3671,6370,4501,6060,7848,4442,18640,14013,12052
2152;5;1;4110;10970,4509,18697,13703,16925,491,17462,14566,15315
6000;4;0;2005;10242,995,17996,8060,17415,7848,2378,10147,3494
2526;3;2;1977;17787,12246,6272,5466,2717,948,11966,2350,6266
8149;4;1;6404;16974,11625,2673,5311,177,4304,3045,15985,17230
3895;3;1;13299;2230,1749,13398,17591,728,1858,14324,14883,567
1965;4;0;16830;5972,4058,15583,6895,8906,16495,6268,3717,11194
3037;4;2;17904;11366,8676,13921,3836,11909,4691,16531,3434,12676
6114;5;4;1013;6167,5124,9490,5327,3987,10653,1233,8320,9412
8303;4;3;513;9214,9377,17125,15315,11482,7463,4717,10624,14566
2511;5;4;820;598,1235,13888,18312,15005,4891,10388,967,4793
7521;5;2;378;18092,6641,11518,12448,6781,482,89,12414,14238
8384;4;3;247;2316,4760,938,1054,1103,3693,7399,7595,5580
2748;4;3;12916;15284,3716,14590,18310,8121,2475,10669,2771,10582
8138;4;3;378;17182,116,5281,9717,11878,3607,12111,735,4995
6404;4;1;9101;12337,4051,15255,12264,3182,14794,12947,9332,848
8092;4;1;3553;12147,17064,15068,301,14146,10646,8888,3378,360
8728;4;2;6160;14614,10827,18472,8254,11543,19042,15367,967,5823
5913;3;2;18767;3872,16181,16280,14912,8803,9454,14998,13594,2386
3162;4;0;17353;18263,17655,7084,7122,9807,19090,8438,11224,17063
2924;3;2;8866;4527,18173,13940,7764,18291,18933,811,1375,1885
3475;5;4;12769;8448,4121,7283,12539,7442,13504,14658,18235,10180
5873;4;2;14516;5866,6197,12263,19042,7798,688,17805,8733,193
6540;3;0;1004;1000,18494,15992,9180,18954,14992,16348,15374,7480
5171;4;0;7125;4415,12324,5735,16733,8988,4641,4821,16556,7083
880;4;0;1992;5221,9973,6570,17626,9255,3426,3126,7825,2132
8548;4;3;10080;1386,3487,17572,161,15693,19044,17139,16229,15450
2910;3;2;5535;12751,1735,9340,13944,15897,774,12701,10756,3813
1699;3;1;9065;4621,13594,6951,13238,11022,4400,14568,2807,14924
9103;3;0;13056;18418,13176,3060,2855,17075,15790,5694,16399,7660
648;3;2;17497;9059,17168,12643,13845,5737,2791,619,5941,18116
1593;4;0;1004;11757,14928,7905,13521,10048,3429,14431,16361,9494
1063;5;0;16685;4022,14506,1431,6989,18265,17761,2474,10561,13913
4789;4;1;14769;2979,8804,5253,18348,15721,4546,9612,3172,18985
6454;3;2;8951;4498,13869,7984,5998,12260,6975,13137,14504,7103
8018;3;0;1800;4943,7750,6798,14734,1350,5579,19013,18354,2387
3128;4;2;1614;2369,8352,3091,3453,7855,12523,16154,5339,17887
2243;4;3;3169;18490,16762,16327,5999,7748,1123,17978,6665,14763
2172;5;4;2145;11855,17745,16067,9725,14958,11020,13378,15329,391
5888;4;1;14340;6132,18064,9361,12595,13534,14498,17616,15434,9622
6423;5;1;4772;10099,9718,18471,18025,4954,2416,2832,13162,10340
2747;4;1;3857;2951,17548,10327,7697,3183,11447,17550,18975,17705
8894;4;1;14298;8275,9380,9939,3802,6213,15423,10931,18982,8105
7234;2;1;547;9415,319,1073,17988,8334,7827,10362,18561,973
2119;4;1;1431;6349,3256,12984,7167,9644,5264,18560,4429,6207
8338;3;2;7186;4549,16285,12018,15661,14568,18850,4762,18774,4575
5118;5;1;8944;17455,11440,7446,16521,872,753,12996,8114,7792
7446;3;1;10510;3877,947,9489,12911,4759,10344,5267,2170,8157
7266;4;0;6404;14054,8336,6897,13007,16921,6853,13419,5311,7321
8477;4;3;11961;10699,19045,16661,3966,9612,2029,10978,17118,17716
4447;3;1;11939;8090,10984,13259,1142,2491,11705,9321,4308,12133
4790;5;1;9041;1794,10158,13201,18679,11428,7235,5926,12482,820
1106;4;0;5188;10940,10947,5119,16613,2019,16623,5985,4181,9934
3493;3;1;982;12090,494,14352,14084,5043,15883,11541,10438,8422
6695;4;2;683;16176,1235,4064,10449,3541,12101,17603,13375,11825
1606;3;2;11060;10212,18286,7210,3185,1344,3263,13048,4924,14767
8455;3;0;16528;6494,5286,9879,5549,1278,8704,8266,556,1749
6488;5;1;7239;16608,14822,12917,18906,6525,18002,14533,12095,7801
6971;3;0;8635;5903,7549,10692,11904,15804,15086,8064,15862,11963
5045;5;4;6521;15236,18796,17229,15790,8049,2216,5041,8957,10467
5453;4;0;93;6476,14340,10475,3663,6037,13534,15695,1525,4429
8952;4;0;2536;14116,8212,9183,4568,9551,15488,16576,1571,5164
5956;3;0;833;15794,7025,15222,12900,18967,6593,18640,15518,17618
2627;4;0;1004;13128,16770,14074,6132,18122,11131,2988,2446,5712
7876;3;2;13161;8500,7384,18856,4985,1774,6914,17885,278,3034
165;3;1;5625;9860,3658,5703,11996,9428,12874,15512,18031,4259
4252;4;3;3786;6993,17867,6081,18959,17230,15334,11833,13485,13771
4046;4;3;2099;18611,2526,3677,17245,10231,8765,8465,2890,271
6489;4;0;14454;1461,8261,17261,10378,3019,6750,9002,18679,9286
4078;5;1;1501;1021,17436,18252,16185,13246,9680,11479,8760,4762
6164;3;0;2251;8025,13135,1763,3305,5508,10014,17886,5039,15968
6524;3;0;2358;13880,407,10676,10935,2537,15191,12692,4180,5582
1304;3;2;17018;5658,4876,6791,12955,18902,18948,8847,1577,7561
9049;5;0;13205;16509,1459,1814,15900,2532,14433,18693,9223,16577
652;4;3;6906;16017,16145,4015,17904,16130,11835,4908,17836,859
8273;3;2;378;13909,9368,6108,9090,15846,18043,6826,2345,6473
2648;4;1;4972;2736,4752,2780,18342,16496,1526,7387,2387,15728
5457;4;0;10274;2576,14592,4821,16805,9107,3683,7436,15008,11509
7808;4;3;5705;2196,10656,13690,6803,19028,12640,15804,9833,164
6982;4;2;3090;18221,15997,1899,7761,10223,7567,14253,11547,8399
5458;4;2;7471;12038,19104,9146,15718,12907,3582,5627,3411,18363
3243;3;1;10346;11033,16850,5232,1552,2139,14929,18793,18002,15094
1211;3;1;17400;12546,9407,1927,18978,5972,12566,7786,8576,4762
3225;4;0;9424;9455,9389,14541,8439,9137,5744,1927,1524,287
8356;3;1;13832;1737,1433,3053,16172,4589,17760,8780,11142,17959
1021;4;0;11263;9076,13589,3318,4094,13954,3105,8774,7745,4319
3261;4;3;12385;17263,2853,9624,18578,16604,2274,14349,17755,16344
3107;3;2;18056;15653,11753,15297,13455,13590,6561,13333,13088,2806
8623;5;1;1789;5677,17937,7437,2230,11338,6502,661,15282,544
2596;3;2;10876;13460,7441,8467,15243,2623,16012,2214,10595,14625
631;3;2;1960;6132,14332,13841,15909,3204,9727,18436,2636,11702
927;4;0;2005;6676,5049,15222,15965,12192,17228,743,6623,17309
5290;3;1;13591;10500,2482,6741,15147,18226,11523,10635,12021,5032
1070;3;2;1145;13444,6062,513,17462,2539,470,7142,2662,10155
5144;4;2;13544;17972,4415,16556,444,4165,13122,2617,4631,15561
6548;5;3;963;4991,14562,3256,7993,11751,16572,19018,9818,14826
870;5;2;10735;5646,5199,8927,11353,7716,7267,8623,9620,3361
8005;4;0;13896;9906,5793,464,12767,14414,6611,19032,15612,6754
2158;4;3;9919;10571,1561,4501,18640,17599,14355,2240,14505,8908
2863;4;2;1431;2128,10705,1141,18281,9151,6661,14501,9138,3664
6870;4;2;4228;16618,2388,16446,9638,3567,6582,6591,3201,2309
8036;5;0;2078;239,11866,18857,13971,11328,12952,5942,4854,11914
4175;4;0;18846;5958,16405,6530,3744,935,98,11826,8426,7249
2165;5;0;6404;7448,13728,16049,6691,9145,8632,552,3974,16011
231;4;3;7375;1383,16077,15319,9685,8641,1262,11524,17506,1449
1362;3;1;17141;14664,608,3534,18719,15394,5348,8119,6168,7346
8222;4;3;8094;1885,895,11188,15783,13163,5175,8124,4317,10266
2207;3;1;8114;12062,9249,9902,4416,9897,16368,15259,9256,4377
5487;3;0;5786;15273,2214,2623,3708,4808,17980,7882,17163,16050
4801;4;2;18828;17163,12609,11710,10094,2835,13680,5932,15846,664
4851;3;0;66;9296,1386,4359,9834,2370,17700,7353,14634,9810
4899;4;1;10885;18648,14439,3745,15666,9935,9508,12711,16485,6595
6667;4;1;9592;4114,13406,14080,7438,9445,12551,6821,14743,7790
1997;3;2;1375;17848,1488,13852,10851,15102,11976,11834,10243,7262
409;4;3;13426;17625,7449,966,14169,6278,17822,10300,11000,5384
1574;3;1;4963;1685,13454,12163,4432,18715,9106,9816,7317,17327
1722;3;2;2879;14754,13545,14685,14822,6515,11023,1753,16110,11888
1475;5;1;11556;6344,14570,11549,1608,9848,1535,8143,11260,423
7712;5;2;18760;412,17502,2979,7556,10106,10230,6791,9324,8729
8186;4;2;10665;16454,988,10004,14549,6081,13330,2055,10804,18877
6990;4;0;14937;6115,16168,12668,13252,911,12448,9066,9926,11616
139;4;2;13746;8899,833,3669,8183,706,9585,1561,6370,17861
135;4;2;16446;18724,17410,5833,12991,3445,16262,6605,4427,7758
9086;4;1;5612;9664,3330,19020,15574,16498,17784,3092,12934,8026
9229;4;2;16938;3788,4941,2624,14208,10004,13528,7052,6388,10792
4048;4;0;2324;13734,17107,17831,2382,8104,2684,14845,4211,4617
3395;4;2;855;17708,3301,17656,9543,11716,1493,603,8052,7160
4955;4;0;2356;16154,15466,15689,5728,18594,11298,12617,17182,16290
4341;4;0;18357;4508,5384,14357,4177,8242,4288,11689,8531,3048
2615;3;0;7046;3524,8690,18189,7490,6168,17076,18095,9906,5439
8328;5;0;14169;13573,13812,17534,8804,7426,12663,17209,6795,1081
150;4;1;9664;5306,9534,17608,902,12890,3001,7260,3389,14323
3023;3;2;18458;9241,7203,15978,15954,4420,7206,5251,9891,18284
6308;3;1;6939;5945,5044,16661,4918,7141,7095,3285,2762,1442
189;3;2;12765;17930,17026,760,1566,10107,7548,4043,16372,6222
9102;4;3;14450;6290,15416,13699,13693,7445,14381,17724,4716,8406
3594;4;0;11797;6773,1334,11338,12277,12732,3182,19131,11582,6543
4170;4;0;1434;9807,14162,4431,5310,17146,17859,4056,11779,6349
316;4;2;18475;11988,6404,1727,8352,10808,9741,16245,11934,6163
8646;4;3;13132;3791,10838,12621,6838,13826,11749,11819,15690,9603
744;4;3;2756;3589,2929,389,5596,14484,13833,19133,11868,4196
2297;4;2;6499;3985,15689,14217,6670,7235,15248,10001,14402,12735
3989;5;0;2634;14119,197,73,12808,7484,4944,10757,18988,7445
7523;3;2;17084;3649,14791,16914,6561,12880,16785,18654,17914,11523
9060;5;0;2451;14587,9177,12780,5896,2344,4485,16556,7875,17765
7469;4;1;3469;14330,9316,1389,3743,14503,7837,13593,13480,16005
4187;4;0;8648;7757,18696,1999,112,643,3020,15135,7528,2505
2322;4;2;1182;11163,17483,6162,9503,1489,195,1683,18651,12540
2040;4;3;10081;8739,2928,6462,3388,8593,12841,13641,9623,7329
7176;3;0;1992;1823,5828,10055,17088,12533,18689,12169,6519,2028
4107;4;2;13996;17539,17833,12514,9486,655,14240,17095,17474,238
7818;5;1;17745;3749,15873,18048,13378,13434,8711,1997,1411,9983
9266;5;2;403;3292,7786,5402,13179,8653,3963,17441,6532,949
5372;3;1;1118;4854,18222,18752,3673,17230,2542,898,10191,14786
513;4;3;378;1451,3091,15263,6197,2147,1031,5122,18386,11272
654;4;2;15126;10924,12148,4587,14147,14521,9858,7504,8011,17887
2155;3;1;8455;14670,10992,14031,9865,15487,10787,3305,5292,12500
3296;4;0;2356;8795,10550,12346,12469,226,13898,460,8568,12363
3434;5;0;9732;13097,15309,2340,13218,16344,8836,13516,4976,13474
110;4;2;378;13255,17508,11770,16454,10477,10032,9416,17905,15706
7000;4;3;15555;17945,1923,15488,16286,9818,13206,13429,2521,9048
7980;4;0;2481;12985,11858,3741,6030,7399,1578,14825,11867,2868
7137;4;1;1208;14555,2382,10278,18986,14845,13978,5056,16126,15240
2565;3;1;429;430,13685,6862,8838,418,5425,13512,9804,14712
5195;3;0;260;18873,13387,6671,14234,153,18138,1646,13965,6742
1605;4;0;9704;17298,4939,14904,3052,4288,13483,15863,4259,166
5125;4;0;14556;18946,5530,1425,7010,16905,4145,5305,3947,7761
6798;3;0;1959;8137,9695,10798,4838,14724,16701,8212,11232,10545
4597;4;0;1004;9277,16054,18423,3540,9732,356,946,11560,986
8081;5;3;14442;9650,2360,13636,18229,8429,7341,13662,13466,8063
2884;3;0;16660;5438,14441,7436,6686,6029,8000,18116,5735,3683
4720;5;4;8410;10591,4995,17805,13330,3332,3349,2229,12800,11943
9259;3;0;1664;1193,16799,15475,8268,9211,7069,161,1386,4720
4553;3;0;6486;10004,16938,14196,2369,8761,12993,11428,14936,12111
7290;4;1;10407;16767,11755,16657,8055,10465,7252,1861,18529,18793
3641;5;3;14576;4042,17390,17847,17035,7559,11269,18846,13092,7686
3685;3;0;4979;15751,6840,196,9101,4455,15562,13352,6646,13398
5531;4;2;16560;2779,8140,17467,16282,4965,10226,6654,1108,17755
6310;5;0;93;380,14481,6663,2764,4681,2940,5468,7825,8555
8967;4;2;406;4755,14679,19047,14114,652,5912,11022,7413,14018
5005;5;3;3800;19001,5340,17271,6521,14075,6039,5613,15209,1965
7928;4;2;378;4649,17304,18072,10586,2918,16602,2575,18245,4331
421;4;2;378;9570,7368,9258,17713,17863,18623,14056,12802,2937
3563;4;1;3901;17313,4726,3004,18816,15660,14744,6818,10566,5709
8968;4;3;13350;8905,18164,17902,18173,5393,1431,10489,17643,15100
13;3;0;2502;17107,433,19115,1242,1920,13549,1968,17674,15018
7885;5;0;2563;16969,4921,12955,7862,18140,17018,10932,18023,13058
5368;4;2;1846;4744,6186,6235,730,434,15753,1135,10549,11705
7890;4;0;8939;8906,15451,5037,18252,8654,1260,14496,16204,4755
5830;4;0;9638;7020,15091,13735,1911,108,15638,16285,1418,6224
8878;5;2;1885;9695,7821,5560,1460,785,1430,4414,18149,3336
7567;4;1;14326;13665,14446,4042,2387,13796,17035,5981,2196,12167
4125;3;1;597;18031,10944,18362,8778,9340,3355,4288,5802,7461
4618;5;2;17693;17136,16545,12249,957,3124,11821,13739,18868,4584
2655;3;1;1630;18216,17546,4123,12158,2984,17468,10708,12725,17146
6259;5;0;10867;4477,1685,11794,7122,3204,5139,2536,8339,9399
566;5;1;10961;4454,9554,15808,12739,16357,16546,12435,6053,15147
2403;4;1;4677;15551,7014,1011,12323,250,3300,7514,18623,5538
3229;4;3;820;955,11328,13236,262,8052,16428,12148,16154,4242
2239;4;3;7454;11413,4163,15915,12544,18962,7076,7420,4641,8490
7299;3;1;7603;10201,10058,11005,2018,15329,5592,3883,12285,4101
1713;3;0;2005;4179,8068,3977,10571,13957,3233,12776,4442,14148
1862;4;0;7822;8164,6756,17873,11915,11578,11639,2901,6612,8002
3414;3;0;11763;3774,18542,14106,1123,17978,1628,14403,10336,466
4978;4;0;1004;18007,14561,11623,1000,6223,349,17761,4813,4568
235;4;3;5541;6328,10711,15833,16639,5403,2086,14906,3188,11304
4282;3;1;10353;12160,15026,5634,5115,14363,7621,3342,16786,12997
7502;4;0;5492;1197,11079,14603,9445,12966,9253,16641,13871,18650
8592;5;2;1639;4474,19049,12865,6273,17771,15212,16744,8744,16942
5912;5;0;1934;5855,9583,8547,10247,9404,8261,8254,15221,1031
8650;5;1;15342;12401,4730,14522,8137,10407,7811,8409,3758,9861
1426;5;4;2099;12281,7409,13255,6641,9087,7235,3516,2416,9809
8365;3;0;15087;2978,9959,18569,16148,3302,3764,6374,11197,4500
1631;4;2;628;18142,2632,9054,11968,9231,2698,18101,2415,2325
2880;5;0;2779;14282,15520,5067,9181,8587,13862,17704,8116,3144
5933;3;1;13660;10820,12687,512,202,13979,11555,4639,5479,17514
2293;3;1;10010;9064,8161,17126,18307,10496,8893,2155,11403,16273
8475;5;3;2761;9026,8796,13445,2813,5279,17373,7347,5019,12391
1716;5;0;9707;4444,18658,4362,9378,4380,11438,13322,14176,2095
8310;4;2;758;9631,7444,18003,12760,860,17177,269,684,10215
1842;4;3;1530;8755,17939,5611,4720,15693,13112,4029,4319,9772
1769;5;0;16102;4976,19159,563,17105,15568,9805,6127,5846,14577
1386;4;2;2038;5973,2664,9726,13722,5586,139,16616,1615,15245
7569;3;0;713;6489,643,5455,2691,2062,7757,8218,12565,12393
5430;4;2;2001;17635,5567,13058,10653,9039,15877,5684,1577,16257
3805;3;1;18894;8380,13967,13686,2936,5729,1963,6258,10554,1150
7492;4;0;2045;18349,16529,10402,6041,6730,4407,1000,7150,6028
5590;4;1;12495;6576,7758,19092,18950,10363,19047,11012,14581,7175
1333;4;2;16760;10085,175,8247,15267,17387,4362,11894,13320,18374
1308;4;0;1992;2556,14488,18723,16120,9973,9660,18747,11369,16701
2776;3;2;1297;8145,7534,6938,17217,3463,11887,7239,18110,16910
6048;5;3;1380;16438,11463,16686,11415,14257,15538,1856,7442,7476
7220;5;4;15527;1131,14695,17468,888,1633,7390,13435,380,7306
2354;3;0;9164;11612,18897,3812,1855,1789,17021,13139,4933,6099
1236;4;2;1941;9788,14942,653,16183,1212,13835,3978,13582,9637
1058;4;0;2915;16334,13520,5560,11217,9113,1797,17748,12458,14790
4311;3;1;9420;17430,3258,18093,1346,16563,1095,1598,2706,7037
2531;3;0;14173;17730,17448,9034,8126,2728,3382,795,1255,2315
4840;5;4;4098;5962,10570,445,9551,15909,2660,10610,15887,18925
7933;3;0;1004;1360,17327,13474,10789,13110,11187,7604,8839,11717
4574;4;1;11168;292,17851,12662,6242,15235,4757,13276,13032,12988
1117;3;1;18756;479,1540,8838,5799,12465,1996,1671,14586,18157
4177;4;3;378;10099,4788,4545,1775,9002,15581,10874,15074,793
3954;3;1;848;5428,17820,13080,5815,18979,8704,5532,248,2644
2514;4;1;378;3301,18884,2949,10757,7041,7117,8388,16094,13680
5399;4;1;13950;15877,3925,3355,14915,18065,12562,1517,7418,11477
2742;5;1;378;8409,12138,15581,7223,3770,11857,14180,4445,250
1804;4;2;1816;4095,11650,18304,5234,15782,16989,17565,17118,8172
1011;3;2;6270;17795,13025,18589,5258,13866,15203,12976,16488,13688
7694;5;1;5130;2257,4747,1669,14492,10827,14871,683,9137,15121
1692;4;2;15130;15693,2793,8852,13296,6320,6974,1180,13599,17756
6477;3;1;1960;12967,17598,634,404,10696,15869,18281,2957,4991
1794;4;3;2019;1532,17082,13090,3873,19047,11761,5071,12296,9407
5158;4;3;9762;2524,7445,8762,16076,15254,18478,6797,4843,11231
7656;5;0;12567;6212,16685,8727,1916,7613,9870,13291,13791,18596
6217;4;1;15384;2708,10246,18335,2168,7322,13605,13277,16258,12786
3818;5;2;7969;13932,16838,12043,9818,190,18340,5562,11391,3320
6960;4;2;683;3327,18312,15706,12151,16118,7861,15845,11381,460
993;3;2;6516;2474,18281,10282,4079,7015,9532,1955,13717,2712
8410;3;1;4914;2572,16891,15401,14750,12197,10178,10457,16808,1710
5985;4;3;5373;17137,11128,7879,7438,14592,10368,10274,17802,2719
7788;5;2;4267;4897,14597,8426,13611,16260,14898,2973,10788,9833
1207;4;3;4961;3107,18515,7557,13129,16641,5737,8870,5804,11326
1789;4;1;1541;6242,12652,15094,10955,3073,5478,12988,3463,10009
8544;3;1;2123;16874,1016,12426,14627,7139,7308,18577,16661,17167
3089;5;3;11825;5635,18197,9463,8513,9449,17862,3225,1828,7818
4538;3;1;6056;17936,18870,7873,17260,8717,12694,17070,4184,850
7560;3;2;9601;3087,13181,13871,15561,15592,9328,5919,8150,11014
4697;3;0;15044;10106,5832,8715,2499,19117,3461,2363,15128,7294
7496;4;1;448;1054,832,2098,6604,7620,18777,2386,8895,1032
6429;4;2;15413;14603,2431,5304,8668,7768,3748,12231,18402,16660
6730;3;1;16180;3353,4705,10332,5268,15965,12052,17861,8020,12937
1380;3;1;5548;9649,5788,10,2068,15955,9143,8429,12506,11622
564;4;1;5499;15736,1767,11899,2142,7467,12801,13187,10472,15129
126;4;3;378;7504,3985,1212,5599,18681,10377,2604,17829,1614
6187;3;2;16273;6149,8512,12637,12975,15386,14715,11267,18380,7565
5559;3;0;5390;13232,14232,13514,17378,17800,14563,18889,17987,14851
7663;3;0;9998;17214,6362,9831,2397,3754,10162,1907,6751,15465
445;3;2;14498;4025,18164,15419,15976,17914,6777,14074,13453,2193
7480;5;0;3658;10649,304,17625,5162,10944,13019,14156,14752,5029
4824;4;1;1490;18811,5400,8925,14321,5672,6356,9936,19029,6846
6532;3;2;3935;7079,18558,4004,9164,5531,14813,1446,4303,1824
6754;3;2;3996;15178,9315,9887,716,13800,671,4308,11135,7628
351;4;0;16678;10822,4593,15589,7890,5356,221,11142,9256,5502
7395;3;2;18107;4002,16370,6376,1842,9003,11839,16797,13605,12929
3018;5;0;9063;6063,2380,11767,1560,10010,16293,15511,16854,13310
9184;4;2;3710;13951,8068,16532,9290,12104,9398,17198,14637,18367
7217;4;2;15419;8961,18174,1992,17598,18966,14280,2093,12581,17067
5302;5;4;6935;9988,19008,12502,17206,9120,16761,8449,17147,2282
8289;3;2;8373;7411,1681,18893,3025,12786,3907,18515,8000,9814
9109;5;4;4198;13184,13347,5995,7957,6278,15155,16539,13147,6391
8971;4;0;877;16305,17008,1954,11425,1577,11640,3801,12796,3777
1297;4;0;9995;13208,3818,511,5844,15874,15389,13467,16046,10021
565;5;0;93;9969,14992,3888,13852,10055,3678,1525,2534,7622
143;5;2;7321;5561,7117,2631,16426,8743,18768,11074,17877,30
7639;4;0;2370;16742,66,12190,11263,9810,14708,9209,14081,9134
8317;3;1;13080;11675,3934,9839,17511,17246,3798,12256,328,5803
4115;4;3;2075;14716,1350,15131,17858,16611,14639,17545,4972,1244
3401;4;1;9256;16678,7595,11443,3437,12542,11524,6165,7077,4085
5654;5;0;4454;11102,2216,372,18990,15015,5161,15714,12595,12967
5998;5;4;230;476,13406,8484,18804,8150,7499,18875,13275,14318
2227;4;0;4342;9800,17852,2129,5988,13915,3797,12842,2357,13815
8197;3;1;9076;18200,10640,18029,10222,18459,11096,4741,13954,9427
8627;3;1;16101;1422,4951,18126,3853,7276,10547,8160,1699,17710
3797;4;0;13790;9015,18657,5206,4308,13119,12312,6611,18101,8921
3060;4;0;10410;6466,12293,11557,12506,2176,11,7098,11411,4350
3083;4;0;5941;16641,8482,12324,3830,2688,10854,13026,18751,10398
7335;3;2;14037;13100,11166,14752,518,8997,3412,16149,13710,11879
5583;5;1;18864;17415,3669,6214,7781,5910,503,7616,16538,14853
4276;4;1;1380;4941,13994,17009,7102,18475,1118,4331,8632,11710
6912;3;1;16077;18546,7375,1812,7943,95,890,6849,11443,14198
4594;3;2;14180;12604,2604,1906,7223,826,16003,15104,2174,1011
4261;5;4;12222;951,14157,7561,16949,2368,12453,18427,12447,2612
8236;3;2;5596;944,1147,13545,8374,1485,11017,10723,7491,5831
442;3;1;7430;16127,17460,10410,12832,12907,3731,11551,11627,15246
7579;4;2;7962;7343,7334,13922,1625,5258,12915,10884,13318,15814
4744;5;0;5027;13029,301,12662,3041,12100,6816,7534,15425,10365
4850;5;1;6006;16144,12846,2130,13980,15517,16879,4925,9763,13321
1710;4;1;2085;4714,1053,10643,13876,5197,12176,2087,393,16409
8870;4;2;12408;18245,11276,17731,11272,18713,19072,5196,9404,9346
924;5;0;16977;12082,8387,11105,16264,13582,1118,4093,6473,9543
2470;4;1;16677;1350,10560,12520,14100,14014,9559,12290,14087,14091
6828;3;0;15196;10954,17493,10359,12137,13506,15369,5435,4257,6193
229;5;0;9376;3844,6919,5091,4305,17102,4050,18332,2407,4313
1962;5;4;12251;6585,13697,18029,19044,10458,6743,12307,18322,9296
1961;4;1;6617;9209,4319,16164,11423,13553,17225,4029,3105,7769
2728;5;4;378;4472,4701,3200,7321,14726,14206,18604,15838,15982
4631;3;1;14285;10426,9130,10290,15884,2070,11051,10702,8600,2483
7606;3;2;4184;760,2171,16401,14556,18769,10052,10806,14271,1425
6124;5;1;9042;4382,18937,16149,12779,11447,10812,9645,9412,16210
6714;5;3;5379;13331,13631,8316,9168,15370,262,18554,13292,9090
2099;4;3;3396;17315,14784,6711,16292,8181,3014,13359,11684,2578
200;4;2;6365;8434,12973,11643,6402,9866,10953,13045,9281,2070
7489;3;2;14680;1313,17393,9376,13557,15478,18492,17102,586,5697
6080;5;3;12703;12701,7300,17550,3857,2449,14002,16463,13093,10386
8147;5;3;1494;14289,15727,19172,14393,1926,14254,6972,6772,14009
2556;4;1;6915;5294,51,13833,2879,13643,4010,1521,8597,6814
4571;4;2;15358;9289,2060,19092,11114,1800,4847,9436,3767,15449
928;5;4;7492;7587,16377,4054,9107,12124,6387,5060,4088,4821
4796;3;0;8724;3982,17946,13208,7619,8740,11972,8661,3132,6932
1896;3;2;5658;12874,6791,1675,17360,8883,3215,9132,15204,259
9011;3;2;9212;2917,3632,2369,15476,14065,9777,9869,7219,13252
774;5;3;3439;14731,9971,12617,18709,653,10461,2634,5806,1657
3973;5;2;3415;9816,2329,10280,18358,9823,15100,3379,18966,5229
6026;4;2;7191;14241,10009,12858,5877,12097,9189,18529,8055,18891
8318;4;2;15098;7716,10019,4205,16863,13855,11026,13109,8927,3474
3662;4;3;1923;10784,13224,1360,8663,7167,3415,12893,19022,9820
7224;4;0;93;7382,16529,13056,1916,13146,5246,6299,6894,4386
481;4;3;1474;4821,8870,17943,3629,18647,625,13026,11839,5359
7995;5;2;18499;11356,3024,4031,2211,9345,7019,9408,6974,17364
8174;4;1;9180;4991,5889,14572,9917,8602,15909,8372,6426,9951
3102;4;0;7488;6792,15508,14363,3906,13662,12570,18576,9760,3173
5332;3;1;10775;3031,13797,18521,18855,14868,1543,7545,634,14290
7210;5;3;3172;3048,5703,2946,18276,14156,13644,12181,5908,6084
3530;5;1;15825;955,3269,12736,6997,6979,16118,14322,15082,12531
7654;4;2;14113;672,13026,5019,7713,4953,18751,10028,4002,18302
5624;4;2;1407;3046,1818,5722,2733,10076,11982,15767,9984,10596
6862;5;3;11410;17514,7174,17123,14323,8701,9108,6655,922,16954
1564;3;0;3941;8137,9917,10929,15095,18966,15876,2511,16681,8994
4920;4;2;1846;10579,5909,1280,1839,9450,6737,1097,5732,1599
2073;5;2;855;2652,9404,6548,15452,19146,14614,6021,11328,7102
8861;3;0;2335;10478,18226,4421,17024,6212,9279,15290,6114,17333
9320;5;2;1781;15098,13855,80,4205,17717,1269,18301,14122,14264
8890;5;0;4387;17217,9847,17071,13792,2756,17577,18661,11827,1576
8523;3;0;473;1575,1889,13405,5035,5618,2098,8681,16856,5070
1025;3;1;13963;7078,15259,4610,6101,11440,897,8114,2819,890
4530;3;1;604;18763,4265,1540,14575,11552,3595,61,1078,528
8658;4;3;14920;8336,16426,14890,18984,12993,3527,18121,9672,1470
5376;4;0;8748;13305,4762,14771,18252,13104,6220,18846,11953,9641
8868;4;0;192;13369,11526,10567,18906,13280,4629,4544,18698,7327
4066;3;2;4346;12865,13040,14509,3291,12837,17628,13043,19168,17477
8875;4;1;13211;15764,17656,17307,4229,10182,11008,4775,8465,18472
6746;3;2;17481;2742,14016,7609,18054,19021,15789,5828,4694,8291
5322;4;2;378;16234,9204,14937,3327,6091,10893,10707,15388,15505
6679;3;0;8773;11989,8492,14274,17995,17339,5388,7799,18413,11568
2356;5;0;2714;7320,2078,2149,8733,12408,15083,14816,8388,17355
5534;4;3;6948;18004,9645,18099,17286,9012,17018,13037,17610,17822
7960;4;3;15277;11725,9432,6801,6766,15440,999,6188,11017,6307
1841;4;0;13504;1100,6729,1767,5872,7235,14871,13162,16977,17646
5779;3;2;1518;12057,75,2074,5547,1713,5123,989,10734,8368
6373;3;1;11201;17241,4784,12716,17021,3935,11853,1726,17095,3375
5521;4;0;5306;17956,82,1897,14768,3270,15737,17751,11204,1277
8727;4;0;10823;14063,14121,17836,15865,1681,12995,5922,3654,18129
372;5;1;5439;15597,6599,1462,4219,14720,8529,6950,16573,9378
5092;4;2;6579;11616,18611,988,12617,6713,15083,18965,9523,15556
2743;3;2;16954;13283,2720,9939,7759,15108,922,3092,4203,8105
3868;4;1;3691;1458,17954,10753,10027,2726,7955,8326,17362,5872
6273;3;0;1466;6740,17510,5065,15354,14519,18621,14422,15633,1713
2246;4;0;16140;17810,15304,4282,4428,14398,15573,5471,6317,18125
1109;4;3;17116;6295,1529,1797,8682,8087,10488,11121,11489,12021
6658;3;2;18861;8005,1311,7675,18001,15813,12687,13070,6656,19052
2367;3;0;1796;17059,1027,1512,4501,11948,11112,4122,13838,6676
438;3;0;19116;12682,3741,7609,12878,9844,10698,5393,17841,9507
8008;4;3;378;798,12930,7834,10498,6518,16134,6783,7711,15161
5238;3;2;378;7448,16222,10613,2345,1941,9161,6731,7842,9261
3369;3;1;785;4909,6423,3058,2072,4100,8059,6483,8662,531
2346;3;2;2885;7822,10603,7907,12724,10984,10787,6952,9419,15606
745;4;0;1004;4109,10926,14097,13733,1108,17565,12150,11546,17000
2198;3;0;6682;17486,8101,3992,15769,11504,1385,17326,13258,14415
5690;4;2;5952;249,14902,3138,3504,8478,7873,2242,11207,12766
3108;4;3;378;17453,262,1657,15263,17837,5880,3541,9261,18424
4318;4;2;12785;7879,3244,5360,476,10896,701,11998,10816,8991
3043;5;3;997;1483,13511,2303,2550,8659,1038,13739,2798,15139
9276;4;0;2418;17005,7633,9553,16704,13249,11957,8356,8451,2869
5066;4;2;2016;3079,7825,18173,15152,2852,15972,13619,10475,15565
2410;4;0;14854;7069,16614,1386,14976,14708,2792,656,17043,13461
2991;4;2;15573;4943,4181,14843,10022,15203,10008,8144,16204,18945
6700;3;1;2005;1286,17618,15256,14853,17292,9290,6206,1039,2602
5899;4;1;14750;18655,9240,8928,7558,3399,9458,2124,9682,848
6014;3;1;5968;16757,18978,14313,5967,15451,5772,7091,727,13044
2967;4;3;17607;12197,17474,4602,18537,13901,16259,16002,4784,4051
5870;3;0;1758;16722,3915,12812,9400,3309,18033,248,8775,8851
5245;4;2;378;16129,16946,4724,5287,16374,10153,15121,10370,10461
3303;4;0;13425;5161,3756,14544,8131,18418,365,1994,11307,5032
4365;5;3;12815;12725,16104,478,12756,3223,9044,16595,6223,13170
3423;4;2;1021;1522,11696,7175,19025,14565,7199,2019,3445,15890
4462;4;0;378;7195,11634,7467,6979,9942,6232,18388,12587,678
380;4;0;1992;6114,8874,15419,13810,13780,1108,2003,4429,18007
4942;5;2;4969;10858,6096,10322,18362,9052,15760,13621,7747,1355
3476;3;0;4296;15983,12721,2339,16508,17376,6611,2119,7822,10520
6579;3;2;7369;9774,3973,12974,10858,18031,4345,8531,8616,12874
7129;5;4;16496;2561,14547,16541,18774,18935,4549,3976,652,1382
2256;4;2;396;3576,13928,14723,5764,5431,13511,15323,18644,554
1559;5;4;10114;1715,11585,11009,3174,117,14609,12716,4298,769
38;3;0;722;11628,13316,13151,5892,11406,1159,4756,10770,165
3237;4;0;436;4986,16538,14013,17309,6800,14853,503,11453,3286
3464;5;1;15733;9389,8058,2129,9313,17377,3908,11704,16444,17200
5576;3;0;10475;7285,15808,6788,8124,14332,19022,11693,7613,11731
2657;4;1;116;16295,6074,11070,17653,501,10757,10833,1345,8527
5288;4;1;1813;4855,10456,3700,14240,18897,28,10263,10393,14324
7732;4;1;1004;14412,8518,190,14847,9319,968,1495,16546,2039
807;5;2;10137;10151,8986,18793,14086,13323,12489,1641,10955,17131
313;3;2;3057;11659,1944,1982,9350,16275,15718,9529,17699,421
7400;4;1;408;18654,1769,14818,9823,6726,3056,16804,2012,17790
7267;4;3;1459;18223,10562,18255,14678,1381,18904,6830,18347,11700
3510;5;0;9965;18546,15692,17760,851,7077,11448,14738,874,1449
8025;5;1;2166;12299,6995,18561,5937,12858,6938,14754,925,1371
9324;4;3;16064;13901,11158,2344,15562,15603,6417,2230,6618,2448
4613;3;0;6495;15851,11656,18593,1557,2498,9313,18668,11340,721
6414;4;1;628;6903,18209,13608,5793,3996,13135,15178,6535,17359
4245;5;2;18010;15012,6240,2887,13188,5752,23,11351,11871,5423
8191;3;1;18612;10723,8645,6355,16608,6938,7582,3509,14997,389
211;3;0;1332;8154,18694,12764,8582,2853,17187,6337,13170,5271
2820;4;1;610;930,2945,18774,16918,727,7983,5633,5063,4674
3148;5;1;3116;11170,4952,14053,13297,8651,14956,7934,14082,15727
8187;3;2;625;11839,1060,13406,18899,5438,9673,2790,12676,11740
7026;4;0;919;16046,13509,15454,13368,4776,5788,14352,1329,5102
8291;5;0;12844;19058,16929,8820,10571,18493,5448,11112,9206,3674
835;4;0;6404;11840,10158,3869,4147,18251,5514,17724,8307,18008
7297;3;0;2083;17156,14970,450,17462,10155,4095,10717,15658,9377
4224;4;1;11977;1050,17153,14934,7321,15706,1103,11807,13133,15832
1930;4;1;12224;5458,7042,13376,12147,18906,8055,6307,5536,4623
6529;4;1;2005;17059,13957,17996,8139,12900,12104,11793,4096,10982
1967;5;0;2779;6137,6329,13432,8967,6863,18381,2193,1633,6349
8737;3;2;11650;2039,17992,4429,5898,531,16362,13516,8137,15717
6250;3;2;891;4447,11347,1333,4660,4613,81,18250,736,2874
1759;4;0;5589;19093,11725,13948,12515,7397,882,17270,17989,1074
5128;5;0;10300;5874,18314,3850,18366,7180,12924,8123,18140,9340
588;3;2;12047;17897,12177,466,3169,3666,16327,18542,17351,520
6841;5;4;1375;2988,1622,18796,3776,7609,5032,2428,3202,13453
4798;4;1;18462;147,16417,17261,10158,12836,8621,11290,14250,15838
3808;4;1;12523;2526,3245,1986,7409,16946,13728,9346,18331,5585
3256;3;2;1107;3192,4681,1302,998,10705,1965,18123,9957,13521
3775;4;0;899;1147,15089,3846,7485,17989,389,3867,14865,2009
5138;4;2;11727;6274,15781,17198,8908,10147,2260,8183,15455,2300
7528;4;3;4970;3681,12483,3760,15545,16499,13322,9060,13185,12846
8558;3;1;9136;17718,15106,6945,18880,11365,13546,13696,14785,2095
7993;5;4;6422;12360,18500,18920,3133,904,16260,4823,17303,12935
1787;5;0;4561;3147,2715,550,18368,12563,14925,18663,16265,2995
3184;4;2;16676;2288,1269,13953,8623,9874,11353,9410,15732,10367
1999;5;2;3583;4560,18578,13204,6675,5676,7545,5648,17865,17283
7250;4;1;8007;2379,7415,15158,5112,17512,941,6064,13286,557
5032;3;1;11148;5747,1536,17211,13609,9464,5234,14325,17872,17414
7896;4;3;16532;17599,14635,706,2602,3481,14478,7168,5036,17228
5371;4;1;13623;857,16442,4586,18607,5020,8704,18094,4298,16497
2828;3;2;1391;15426,16924,16834,10018,13205,4940,17001,15442,18413
1415;4;3;6948;11711,7522,13214,4508,2845,2710,407,13399,16350
265;3;2;6120;11900,11051,19105,12297,524,8521,10163,1009,13785
7897;3;2;17129;763,17397,5103,18562,6824,17277,2434,18426,6476
8713;3;2;15783;14498,16754,15015,14833,14332,3077,13229,2107,17105
7486;4;2;4476;1257,16712,9195,7077,18166,2810,12522,14363,13180
3246;4;2;4312;15466,15706,8045,5906,2883,2416,17863,12011,7669
8487;4;1;5562;14779,10661,6337,2779,8211,4567,19007,7993,12700
1242;4;1;7808;2078,10004,4312,5827,15084,18485,3607,1129,8643
7285;4;2;3494;19058,11793,18640,10332,14293,1512,2495,17292,4501
3247;3;2;1846;8734,10992,14327,1164,9378,12846,14770,3764,23
8080;5;3;9271;6314,11034,2176,7909,13517,18928,1981,14023,12026
3347;5;1;16700;2215,8978,10502,489,10866,1506,8062,8889,12325
5182;3;1;15710;3992,14495,472,15696,4617,2382,13920,3625,1413
5838;5;2;14768;16746,18982,7248,7153,11444,4251,17336,12903,12687
7717;3;2;11129;11887,13014,17191,7582,899,12097,18629,515,2514
4094;4;2;2959;16595,4356,18134,6726,18852,7084,6228,18703,10427
7071;4;3;12106;4112,1092,14830,8070,17710,7618,9991,1542,4765
8478;3;0;2225;5065,1466,10734,1294,2074,2188,15633,11264,12969
3972;5;1;7045;17424,11677,494,527,10857,7536,15508,5859,6805
8044;5;4;13164;4546,15665,2449,11685,2358,4462,10322,3355,17502
7379;3;0;16566;1151,13843,6566,12969,11264,16870,18167,13490,17510
8382;4;3;13696;7988,14661,14174,15265,4925,18678,11842,9136,14875
4764;4;1;5037;3388,17706,12010,15899,12912,6136,12712,7688,14568
728;3;1;15295;13427,14991,18562,2039,11779,5842,8839,5227,11771
1241;5;3;6611;11144,16322,6754,628,671,16065,18452,17391,18010
2161;5;0;13941;15256,8820,6370,3481,3674,4684,5448,18835,16538
7584;4;1;8584;1932,9797,7757,8986,568,17458,10861,4954,146
2859;4;3;378;19148,5495,11105,4229,8245,15406,16245,4069,11503
4841;3;2;4550;800,12485,16827,1570,2410,8224,17632,12797,2353
3829;3;0;3172;12701,11958,15368,18985,10188,11879,17097,159,10724
7012;4;0;17354;16461,9802,7092,17397,1131,10275,17289,13851,11121
6541;4;0;1854;867,95,8697,7792,5502,13963,6179,13832,8392
3405;3;0;14170;15094,12696,925,14086,5273,11129,16933,13656,3378
913;4;0;705;10578,13139,13080,10112,14182,9400,4655,5803,3398
818;5;3;13214;12283,6254,12453,10188,3392,15881,12267,4198,13328
5511;4;1;13536;12684,15539,8072,5602,8414,15287,15579,6246,2273
1613;4;1;4210;2887,18787,1160,7032,1088,5663,4296,8921,6492
6707;3;1;5517;10539,16077,15252,6169,16739,17369,4732,6849,695
1448;3;1;18577;9860,9340,8300,18357,11175,7292,6278,8660,821
4719;5;0;9056;14965,7045,5685,16786,3656,14084,5030,2506,2022
57;4;0;2913;1548,15019,3124,11866,751,18169,7979,12683,12014
5822;5;1;12355;12849,15707,9241,13193,2592,16962,15417,15655,14611
7979;3;1;364;15594,3461,13347,5945,4918,9471,14124,2457,1321
5526;4;0;6242;326,18798,4835,17262,12992,10365,17331,16858,13022
4250;5;3;5864;5354,6845,16385,4361,14974,17438,1105,5642,5893
2968;5;2;1083;11130,12461,4277,10674,16055,861,16946,13890,11584
3656;4;2;10560;2973,7758,6035,13025,14925,4758,15651,11769,3176
6642;4;0;6821;6906,11387,2579,14223,11740,3244,3357,16797,10318
8345;3;2;18732;3557,18043,17818,14936,12801,6853,18434,3307,14292
4349;4;2;1224;14405,11438,4721,10972,7490,18209,14879,1830,17797
8242;3;1;13915;18052,7206,14304,13205,15417,15441,17570,5234,2129
5816;5;4;5242;11204,8583,2983,15423,13400,1938,987,18861,6728
2905;5;1;5750;11894,17076,16506,17944,17968,12333,17949,11134,18660
368;4;0;1722;5524,15550,11699,15417,4115,6779,240,804,9117
2399;3;0;1992;12753,18703,11466,4693,3060,11815,1040,10789,11004
2964;4;1;15182;6950,15754,11851,13322,11434,14174,5841,15597,18660
4837;4;3;85;15044,8531,11689,9901,9843,10300,13245,12267,13640
6222;3;0;8116;17616,16263,1916,438,6820,3362,18990,11161,17470
8885;5;1;5770;13280,5258,15838,16561,5265,8557,15884,12494,19009
1482;4;2;276;18006,12662,9899,8381,11172,17079,4934,11783,6938
8647;4;2;5577;7791,4,3996,6754,8835,13980,3618,8304,10144
2950;3;2;15419;1677,9399,19021,11369,5484,9507,11813,17471,18058
7959;3;2;3771;4196,8337,51,13084,8658,2010,17842,5589,9552
6016;4;3;8754;10425,11193,3510,16854,6363,393,16024,18455,6367
8425;3;1;8941;2751,9126,3424,18941,14393,6124,3653,17895,1427
7108;4;0;18968;9493,795,7649,17880,8269,8126,17150,5665,14463
9208;3;2;9368;14880,16673,8568,8281,15982,18797,1694,11848,147
2019;4;2;1531;17624,2563,5512,6939,11066,7747,1517,12796,11726
6045;4;2;5889;5490,12021,18429,2633,8826,18990,2193,12169,3664
1360;3;0;16858;517,15711,17577,8645,15411,18002,3442,17989,15365
9179;4;3;19044;3318,16364,17043,11382,1530,17804,16799,6221,9134
7254;5;0;579;8606,10313,10449,8156,7765,12213,7855,9717,16719
8127;4;2;406;16285,15585,13038,15134,17795,17275,11765,17762,330
4095;5;2;15600;42,10216,17530,15446,1637,16017,18893,14619,5201
4090;4;0;2251;14538,10283,1830,6839,12331,2630,16573,18880,5348
162;4;3;5315;6994,13473,15407,16134,10586,18923,11825,805,13292
2032;3;0;3707;11575,2268,7311,2124,10888,4855,16441,11090,9458
6692;4;3;17701;8675,17059,11727,3821,5489,2602,18814,1286,14978
2414;3;0;7282;16329,14657,8175,14650,4919,13389,7650,16491,7379
2652;3;2;351;15718,13858,5788,7746,588,6714,2401,2253,3173
2001;5;2;18030;18116,3755,13026,17357,8482,16145,15004,5097,18942
766;4;0;18624;2126,12855,6151,17605,18188,13231,8735,17238,5695
1966;3;2;1098;3883,974,6647,12541,18360,12760,3022,575,13711
5011;4;2;378;3271,5239,18671,3152,11714,8046,8165,7742,11986
7787;3;0;2151;17847,610,3007,12830,10558,3201,9266,17776,17073
8721;4;2;6216;14648,12138,11883,15935,18611,12148,13970,14872,17805
1041;4;3;378;14920,14396,16347,16365,7124,5800,3515,16637,1745
9099;3;0;11202;5533,1787,2846,10241,5224,15500,13005,17641,11420
5087;5;3;1846;35,9756,2817,11578,7676,15606,6928,18101,18074
7590;4;0;16396;18555,6269,18423,10798,2132,1823,18429,12764,16098
8402;4;3;19013;13472,14006,8707,5637,11327,1532,7702,16276,18589
1061;4;1;8348;16785,13247,5411,1978,1047,16690,3272,11217,14999
8774;4;0;8188;4933,667,4790,2137,14694,5426,12199,10455,3373
3391;3;1;8436;479,1067,13685,2738,1671,418,14586,10563,8596
3630;4;1;378;826,7331,5105,10590,11003,11634,694,4843,4255
2835;3;1;18446;2432,13100,3037,18098,15834,3224,1705,5486,16915
2423;3;1;4424;6876,13160,18228,13166,11643,17489,13574,969,15382
7972;3;2;15076;17343,12375,10654,16460,15325,12510,9736,15666,2788
2128;3;2;18748;10463,175,4721,12333,14105,9825,9865,18452,2895
7519;5;0;1118;18585,17221,17078,5315,18739,9648,13631,2805,6072
8426;3;0;10489;4819,2482,10762,5914,14562,1000,3075,11976,16819
3254;4;0;2431;3107,12786,4114,4884,13275,50,6892,16644,4691
6043;5;1;8317;11130,7884,9637,16099,17875,10512,12869,9699,4545
3022;5;1;13828;2328,15747,9198,17230,7176,14199,18535,12587,1771
8603;3;0;1588;15948,1350,5160,6961,16204,8707,16590,13462,12555
6539;4;2;11904;9201,14058,2618,8594,5319,2507,2715,12912,5415
6451;4;3;9549;2878,3256,8438,9113,11101,4365,1992,3649,18908
98;3;0;18787;17873,4500,7046,3760,14021,18989,3456,16201,6599
3781;3;2;6374;9540,4020,13877,6871,10513,18182,5752,12056,9213
3968;4;2;11415;16222,4445,11773,13342,3770,2917,3453,6616,18153
2996;4;2;2042;11199,19114,6823,17349,6958,2151,7094,3903,3506
581;3;2;1991;9817,11680,7439,11017,18352,13316,15716,16983,13022
103;4;3;4677;15067,5706,16297,8091,3566,12986,13007,16027,15407
2851;3;1;603;12183,2741,5202,8934,3238,17182,5950,11021,4954
7525;4;3;7605;9723,17977,5878,18927,13152,10791,4827,10500,12136
219;3;1;1078;11824,1067,6067,17925,13654,14586,6674,430,4265
791;5;3;14168;10377,11807,744,10782,7692,8513,18671,14841,16522
6889;3;1;1735;16915,9612,11116,1205,14631,8338,1869,14915,9477
4736;4;1;19097;12763,6972,4675,834,6045,2049,13507,19074,3298
7073;4;2;11353;14122,11446,13840,11026,17219,4361,13855,12790,16864
5612;4;3;378;2121,18799,16131,8199,3131,11848,4866,5444,7855
622;4;2;378;3566,1614,17867,1063,6626,6473,9858,15629,11276
5451;4;2;1593;4258,3439,9942,5276,6962,14937,14521,15248,7293
4555;4;3;7312;17221,11145,9145,2569,1948,12323,12363,10158,17953
9033;3;2;12619;11478,14166,8282,1320,18746,16529,12533,1360,17598
8326;5;0;7927;15532,17020,4730,4917,16226,18142,1160,11894,7791
1945;3;0;7530;13334,10800,6037,14991,921,986,7899,9798,6028
7473;4;3;9511;8161,13595,18227,9736,1079,12711,18171,13105,13881
2636;5;4;2937;7524,7081,488,10748,10913,13252,8401,18197,9599
2408;4;0;259;13867,16468,4107,16661,7369,8363,1344,3578,2767
2250;4;2;8225;11540,11186,7183,1079,1638,1053,12633,6363,5332
2282;4;0;12899;12097,18256,8439,6416,1810,18213,17989,11168,12999
8715;4;0;2005;2787,8498,14853,11112,2775,18640,16180,12052,4968
9205;3;1;4320;7824,13630,4103,11036,7180,9477,1508,2293,1442
3914;4;1;9350;12428,11034,11396,2059,3731,7471,11139,9475,10948
1150;5;4;10121;10201,3883,391,3743,14336,7837,10625,13543,11613
3200;4;2;378;14872,1649,10316,12936,13342,4775,9747,15129,16719
4396;3;1;1431;10929,18794,11691,8591,11235,8929,6732,19014,9928
6509;3;2;16084;6178,12335,17246,9759,4227,13698,16877,11665,3700
4452;4;2;5606;5238,14184,597,11636,6444,4546,10861,16642,9052
3654;4;3;8208;2107,10705,404,7539,16991,13295,12092,6793,6036
8045;4;1;18195;12672,15845,4457,11272,15982,116,6750,7484,103
1838;4;0;1760;18788,364,3461,2778,7389,15594,16661,10002,5371
6493;3;0;7622;12501,15792,4432,13016,18265,5560,5626,481,2047
5259;4;0;6488;86,3541,2801,5499,826,2826,4866,6343,889
4208;4;2;3120;3545,13934,18515,2707,13845,3773,7523,9530,13217
435;4;2;9102;12234,2410,3696,4394,10562,9533,10481,13282,6256
9228;5;1;13582;6538,3043,5540,14054,16302,2974,9086,4731,5379
6883;3;2;186;12075,1917,9907,9965,6849,15395,11729,4875,11588
567;3;1;1088;8835,7046,2880,1214,11639,16499,15844,14457,4646
2881;5;0;2592;2175,9501,17211,2064,3990,15351,17930,16577,8753
3980;4;0;10111;17820,5927,9277,17607,1448,10278,7052,18688,7330
8570;4;3;1739;292,9686,10142,424,14533,18006,536,18125,768
4169;4;1;11263;7279,17778,5838,656,15450,3486,7745,17804,0
1139;4;2;736;11234,12768,18104,10128,2968,158,18817,81,1976
1540;3;0;17336;16666,6215,13070,5612,13271,7978,9380,15748,17034
5038;3;2;6616;9016,5219,15667,10180,17567,12736,5880,15172,16580
2803;5;3;7041;4216,4062,2488,15747,6781,15466,16252,9161,5538
4308;4;1;17942;4978,5703,17635,7862,1913,10406,7005,8997,8072
7923;3;2;13053;860,13995,18360,9775,15329,18882,13906,7953,7396
4480;4;0;14182;28,1723,661,5677,18716,11227,13633,3123,11984
620;4;2;17416;17075,18494,12117,4477,465,15484,190,14369,16617
8459;4;1;16351;9669,16482,1641,18753,2000,8459,4057,996,4387
9319;4;0;5171;9626,7660,141,2474,18746,11976,2012,10771,16701
321;3;1;527;5102,6805,16786,13431,16609,1502,1788,1480,4825
763;5;3;3283;14195,19074,9363,1469,4696,17895,15712,416,6356
2240;3;0;17503;11430,18030,11413,11907,18751,16820,4531,11320,7785
1825;3;1;3502;14157,18691,1954,10300,4028,1133,11631,5908,13210
5514;3;1;3083;12764,481,11877,10226,141,15947,2882,10839,93
1262;4;2;15744;7017,14345,10642,17882,17613,1429,108,7510,15086
3387;4;3;9605;1267,1877,4664,5137,13823,14062,17666,1936,12115
6802;3;2;12052;5910,17861,7433,551,7979,4705,11624,6370,17059
6244;4;0;11631;7518,9843,15877,17452,7298,12576,3048,10043,14606
6236;5;0;10823;2719,15910,12932,4637,13975,7352,12418,5359,3702
839;4;0;17319;8269,17448,9618,6549,12303,2315,7211,3537,7882
9056;5;0;12800;310,15367,6635,3516,354,14605,10928,6538,17656
6441;3;0;1707;8374,16910,5589,15820,8103,2879,11941,10723,12505
4650;5;3;3312;3241,3447,13779,18581,70,7103,10817,5998,11856
6823;3;1;862;18470,4152,6920,5723,18616,578,7936,754,14941
4722;4;3;14674;3041,536,10202,3771,15497,14170,19093,12532,13317
9012;4;0;1926;3692,12239,8021,7525,2049,700,6441,4699,218
938;4;1;1999;590,13215,11882,12393,4927,5455,976,659,1018
1982;3;1;11;8722,16275,4350,7488,5924,5191,1982,7621,3811
5320;4;3;10724;14037,9132,7847,5052,16465,8729,16462,2911,16972
5773;4;1;18502;14114,4193,6462,14926,5160,5402,10008,17143,6136
5947;5;2;656;7278,3487,5897,6585,7769,17139,8268,6617,10161
1636;3;0;4473;15765,11246,5015,13132,6434,5215,2730,9476,4153
6663;4;2;4790;4146,8271,2230,17823,13262,14479,12812,5154,4846
8019;4;0;9180;7494,9554,9527,17255,7335,15568,18054,2721,6053
3752;3;2;8087;8866,5784,17755,6654,16838,16125,9406,10515,5562
619;3;1;13951;15726,16533,18083,14978,174,1512,7340,14637,436
2944;5;0;1008;11251,18265,13447,12178,18381,4317,2552,14464,4536
2927;5;4;1546;6724,18377,13660,12896,4980,1897,11420,7248,8583
3226;4;3;18261;13217,11274,3958,4054,8346,10721,50,16128,19158
2608;4;0;16091;5540,13528,5928,6014,18992,6404,12801,11054,4944
1608;4;1;3629;4015,9592,2168,3916,5097,18118,11274,13122,6706
7376;5;1;13928;5921,13039,2861,3493,7275,17789,9573,9560,5895
7319;4;2;15015;12435,18226,372,3678,5824,9807,3148,12236,1618
1204;5;4;6616;6960,4393,9002,8671,5538,13443,11095,9788,14530
800;4;1;4288;18286,16969,3729,10756,18422,358,4185,9635,11425
3556;4;2;14296;5369,11511,5158,11934,15231,39,7846,11986,14880
9335;3;0;701;7713,11513,13605,13362,2797,14743,12089,15008,15413
5649;4;1;17342;5614,9454,11774,16624,6076,2829,13499,4512,6961
348;3;1;985;15090,17999,17404,16266,4766,16695,15664,9143,6466
1558;3;2;1975;13360,10350,11444,10538,9580,7655,11202,12687,11737
3576;4;2;4106;16962,12286,16693,15443,18039,7663,15674,9160,10768
4772;4;3;16491;3312,14123,12641,7914,10986,3447,3241,16100,4919
3074;3;1;18875;3248,13217,15910,12678,13253,10764,15173,6706,9026
4627;3;2;378;9355,10739,4519,12957,9709,13331,10808,6460,3019
4444;3;2;18049;17798,996,8381,10202,4307,14331,16933,14966,12029
1214;4;3;17329;10498,12113,9416,9135,13956,820,4469,3440,6074
4436;5;2;15186;16077,14510,15460,9182,3437,773,4761,1812,17604
9027;3;1;979;3227,12492,11561,1099,12106,14851,12634,8507,10542
5510;3;1;18527;11353,2699,5354,15732,18301,6372,4530,5893,8927
6387;4;1;13954;11122,9211,14727,12170,4094,17564,12922,10523,6617
4479;3;2;378;5345,4712,8180,13331,4901,10594,12952,10550,1948
4463;3;1;13887;5126,14624,16201,11144,464,4778,8171,4849,10923
5101;4;3;11597;6070,6396,14504,7379,11368,17587,13137,5024,16491
292;4;2;18080;11353,15732,4945,3257,2699,10019,12790,16385,18517
9028;5;0;8223;2070,8293,12824,14085,236,6809,13228,3008,7256
479;3;1;5722;2485,8630,17823,9827,817,10097,6618,16674,16449
2290;5;1;7072;9459,12713,11550,8222,9749,1277,1163,10101,14768
7035;5;4;8581;8546,6637,10130,6779,5251,14578,12623,2156,13556
1020;5;3;378;12482,3631,12398,1212,14193,6486,17521,15845,13438
4181;3;2;11395;9503,651,4993,9822,440,8685,16430,7813,3331
9342;4;3;11301;14386,13530,7707,9171,2830,1036,16121,7628,6080
7354;4;0;9235;311,2233,4390,143,18972,8938,10181,856,862
683;5;3;6052;1352,9789,6415,12684,6167,3289,3889,13164,5945
7583;4;0;8343;15538,15005,15367,1614,14322,14933,9987,6112,12288
4131;4;0;2609;8745,1744,5573,13129,5414,1197,9768,12478,6180
3181;5;0;16396;10695,12725,8142,18254,14577,3965,8587,6044,11731
6562;4;1;4399;9840,13934,2732,4879,10533,8589,8955,939,5843
2606;4;2;4772;6854,18559,10158,11021,10559,8352,16118,18911,18235
9240;3;0;16685;5878,3941,10765,11502,16875,13301,4976,14577,18643
7695;3;1;13342;16027,15627,9002,6608,1291,7041,13813,12960,12469
6595;3;2;1135;5750,8002,13896,12333,16873,2119,4020,18387,6166
7175;4;1;12280;4004,12277,16449,18476,6099,15032,9030,13384,569
178;3;0;2005;14355,19106,9919,6214,9118,18212,11137,12937,4297
3457;3;1;16130;3795,4691,12929,5422,13605,8305,11909,7641,2707
2541;4;2;1380;598,14521,6072,18912,4071,5158,14887,9709,17592
4757;4;2;13443;17862,1076,3541,15667,3019,4772,14857,14178,15388
9038;4;1;411;2170,3881,18445,18765,4474,12425,489,3605,12783
1694;5;3;12346;4804,7128,5942,4540,12539,13575,17504,18605,16076
3412;4;1;1794;15156,2099,18619,10662,14376,17015,18266,13582,9394
6442;5;2;16051;1036,13135,15983,16137,19038,12312,16223,14875,10513
4368;3;1;15329;10102,11530,5661,5344,16112,2849,12933,3749,15799
8421;5;4;4521;8988,12709,11493,4691,6706,8687,9766,12240,6745
3398;5;4;1039;11453,8183,4684,7985,15455,3494,18864,6214,1286
3147;3;0;1801;2227,6072,1857,9613,6014,8990,11141,18424,2416
6460;5;0;16385;1105,17379,9220,11566,3474,9307,7575,7716,14264
2702;3;1;6179;14004,6165,14416,15109,7078,9182,7478,4596,11222
3463;4;2;14720;8259,12120,18678,12843,7490,8835,9756,7822,8690
1057;5;3;6563;4631,12966,17425,3913,15759,7357,5492,2250,7420
3578;3;0;12833;11659,3057,4825,10731,14837,6888,10199,16758,19174
2002;4;1;14812;16557,8791,14571,12583,14341,2949,12960,5822,17104
9087;4;2;8426;14496,3368,1041,8650,4228,10129,18568,17432,553
3431;4;2;7804;11565,1785,9564,8546,13815,1471,11013,9800,7799
890;5;2;4919;6619,13289,16022,6070,17814,3241,8175,3988,13137
6152;3;0;2124;9332,5469,12412,9105,13134,16976,11076,11009,3575
7716;4;3;1375;4041,13875,4118,13155,13852,1564,10714,3800,3168
1078;4;3;543;14539,5206,4734,19032,1160,1341,18387,10603,8367
1904;3;0;304;11775,2563,5765,4921,2767,10780,877,18937,11525
2140;3;1;683;89,10373,3449,7586,2269,10180,11943,14856,8533
344;3;0;9447;15478,4082,11777,18332,13557,13618,18304,5095,7867
6652;4;0;8423;10932,10649,17450,18274,1352,3285,3777,15021,4921
7516;5;0;2057;15798,12933,11514,13220,1389,4563,10404,8852,10722
5478;3;2;8322;16017,13406,12418,1197,14223,4543,16494,2431,15561
2939;4;0;2005;11137,11727,9417,2260,6274,12192,2240,5268,15256
144;4;3;1546;12903,1928,6430,16741,11204,15748,13660,1914,6869
7581;5;1;11708;1493,14292,1847,691,2581,15422,7117,11003,6681
4008;3;0;640;15900,4318,5630,12287,12019,13769,16577,17995,8689
6278;3;1;9303;16033,10777,16334,1578,8094,324,18175,10790,18943
5107;3;2;3903;17557,5334,12423,2026,6462,15571,3953,12546,16340
5774;4;0;2489;1044,6961,6817,14390,1554,296,16260,17281,9144
3531;4;3;18847;5401,10064,5676,10708,15290,16296,18149,3646,14826
2644;3;0;13847;9225,11797,8940,15282,4855,5226,7120,18738,16665
2296;4;0;17757;15939,2160,15370,8733,6232,13211,2416,5499,4901
864;4;2;15319;15692,14882,2255,4610,5136,14198,17455,11142,4379
9165;5;1;397;13029,3642,9301,3041,2046,3867,16657,18582,14370
5301;4;3;2113;6561,500,1677,6426,10240,6627,11860,9362,10761
9313;3;2;3717;6224,4042,11505,7537,14925,7881,3236,7673,1927
5404;4;0;2081;15876,18842,16120,6944,11391,9507,4041,7969,16875
3154;3;0;2487;15802,2405,13842,2086,7488,17764,18497,13208,6935
5337;4;0;1767;16252,14726,14856,15221,17805,12138,18528,8761,10378
7172;5;3;813;15001,1461,7368,7929,6626,11141,12769,12587,15330
4565;4;1;8677;2457,10676,17637,15924,10918,7589,12703,1442,2020
1086;5;1;817;14564,5518,12264,11970,4227,14673,6099,11663,9240
5209;4;3;18510;10793,16193,7254,13884,13741,9202,13222,9573,9591
1645;4;1;11925;9927,9156,254,3164,10622,12078,5867,2749,13132
8940;4;0;550;9423,7904,7166,6778,13781,652,14647,7096,11451
4542;3;1;414;6145,10132,1078,13512,8838,14586,528,15002,487
8844;4;0;143;3198,8010,6905,4152,1283,317,1804,10181,863
5730;3;2;6225;13967,1323,15749,7968,2629,387,14522,4070,3643
8190;4;3;7908;3814,7518,5606,18005,63,5505,3095,7241,12179
925;5;3;8011;6729,16437,17967,6321,9987,3546,9145,6538,13182
7589;4;0;14928;4016,14913,7108,18951,2216,6137,5824,7974,12488
8618;5;4;17116;3078,17056,13206,5164,12764,18231,7604,5834,15925
8978;4;3;628;10017,2095,16322,1142,6235,8554,16144,6006,1280
7353;5;0;9145;17444,16118,8182,14551,9104,12529,5880,386,2624
1617;4;2;1433;5517,12536,17604,4596,14828,4377,9965,15186,12962
7776;4;3;2885;18142,13546,1224,14405,1589,10972,714,13259,689
533;4;1;8465;9090,4364,13888,17153,11407,5495,13607,17304,11847
3110;5;0;17988;11671,1035,4484,18553,18612,18529,547,17569,17411
6291;5;0;2356;10613,5239,10732,3091,3036,5231,5826,2918,9096
167;3;1;848;8776,14750,8851,212,14945,9871,17591,4868,2124
5907;3;1;1371;5892,8459,13792,14484,14685,4011,5478,13565,17411
1886;3;0;14641;2240,8899,5049,13838,10571,5742,3488,9661,5268
5897;3;0;304;3734,3251,16698,16463,16257,3208,259,13583,2363
4566;4;2;13082;16178,7809,13002,13046,16340,14679,17847,6193,104
3890;4;3;18146;13849,2930,11251,2660,9805,3871,1603,17468,6730
8016;4;1;5962;12967,8874,4126,16701,9554,5271,3871,16207,10926
9006;4;1;15987;9977,17474,1450,5509,10076,18558,12266,12277,16784
2209;5;4;12808;6698,3200,12573,197,5811,8023,15466,10924,16003
1510;4;3;1442;8677,11631,14334,17018,5535,11487,13214,16097,412
7855;5;0;15700;1062,8755,12190,15868,1664,9296,12087,19034,9427
4395;5;1;6607;18380,9563,18888,13881,1146,15437,18780,11540,3602
3273;5;1;1587;3510,10865,3066,14485,16409,58,11267,442,10568
1071;4;3;968;15779,18058,17704,17348,10926,15766,3058,4838,3336
7961;4;2;2166;13151,7827,5536,6188,16910,2682,16403,8953,13833
6052;4;2;390;262,17875,15221,16183,6548,11044,12036,6219,12588
922;4;0;2320;17951,11408,9165,11904,18163,16919,17484,16036,15728
4222;4;2;17943;16797,2579,3244,16307,1080,9004,14460,7420,2659
1122;4;3;848;4586,14694,10596,4846,130,17591,16441,11016,9984
1385;4;2;19074;15465,6441,18225,10383,11981,8477,16030,8925,7579
3921;4;1;10245;18102,17177,5765,16366,5781,1889,3393,19172,12622
6833;3;2;1927;4201,934,6591,18978,6309,16405,16359,3000,2019
3896;3;0;2860;1971,11279,5556,12649,1071,10102,376,892,8118
1151;4;2;10350;5533,3206,7174,5224,15817,7248,6215,17772,16880
2065;4;3;5817;2560,9947,11075,3931,1768,1865,4687,6101,16739
653;4;0;4659;8733,8909,805,12082,11932,13,17905,2116,16977
1145;4;1;1892;10185,4750,1024,7670,10252,11868,17798,10183,991
651;4;2;8772;9486,1407,16441,7311,17728,12053,12732,7961,2268
1976;3;2;3121;8502,11013,8478,18395,7799,18298,17301,486,4043
7049;3;1;18787;15344,18387,611,18989,1919,17944,14458,12457,4730
7091;5;0;18758;18366,4177,10699,7727,5487,5908,3185,12009,4921
6425;4;1;378;6115,1972,15935,6900,11145,7501,1212,16302,3453
3156;5;3;6060;11965,8899,15796,4684,3820,9290,12456,14635,2300
5792;4;0;14579;11874,18105,13302,6718,9102,14329,12237,13627,2786
4729;5;1;9982;10318,14460,16531,12709,11265,3545,18929,5600,8823
4989;4;1;13900;1351,18510,2798,8454,3166,9202,5431,3759,18766
3197;4;3;16686;9570,10261,10833,6342,11072,1651,18273,9159,7646
7173;4;0;822;16172,1840,5325,13346,1943,10614,9249,16433,186
4741;4;0;18129;17124,9004,13605,625,16725,18240,11422,17373,15384
1356;4;2;14196;2078,17245,13438,14322,13402,8855,8387,5130,8538
826;4;2;1350;15899,7819,12613,5481,2042,5335,4058,8640,3333
5990;4;2;5159;15798,17588,7482,12597,1969,10121,10215,17184,6690
5706;4;3;8791;501,16921,12593,4216,5806,683,16640,15367,12957
3618;3;1;6659;4800,5040,15799,19167,8829,10105,3749,9008,2680
6296;3;1;750;9902,15319,10094,3929,3315,1449,4593,15259,10049
4966;4;0;2243;5393,8288,14626,4685,2093,10961,7382,8080,15575
7549;3;0;55;572,10278,13028,18400,7831,17831,1208,8608,6827
4028;4;2;6621;14326,17123,5239,17665,1115,15155,3070,17051,18985
8863;4;0;7642;9507,7317,17011,9197,16603,5468,4079,19022,4412
4135;5;4;378;6219,14934,6321,7266,4891,11072,2116,2763,12082
1477;5;0;2383;8409,18775,4587,2839,18884,4579,6884,9346,17731
3750;4;1;868;16819,16479,11251,15630,16804,3426,19116,404,8348
1399;3;1;789;206,12206,18003,18360,1339,9348,12427,11591,7719
8606;5;1;7185;14454,14605,16306,9583,5105,8235,16417,13898,13930
3850;3;0;2248;8874,10929,16296,8488,17199,18058,16125,12639,9106
6846;4;0;8598;919,2307,2043,1075,14906,6943,17206,16715,10663
2037;4;1;11377;5,8608,662,10347,11645,13336,2996,15696,2382
1837;4;0;4088;14003,11274,16377,17530,5019,13362,4543,1744,8346
4733;4;3;13235;1635,2511,12533,7057,3741,3426,141,2477,5468
5500;4;2;19091;13383,6526,13202,15954,13518,7796,13609,14329,15851
7666;4;0;2661;8065,735,16090,11840,12573,7041,2488,6538,8307
418;4;3;378;3632,3018,5949,6670,5942,10662,3159,1507,3566
860;4;0;6654;2531,16453,5376,12150,9040,4432,4527,12021,15051
6501;3;1;16543;13257,15217,6393,9640,2129,13202,16447,15740,6019
5581;4;2;15231;3728,11714,10773,3349,14920,18245,11584,6342,9714
3682;5;1;10715;11830,2271,8525,18427,5945,5963,2029,18656,16097
161;5;1;13790;2251,13896,7916,9906,17944,11690,18504,2415,9701
5671;4;1;2757;6456,14014,1696,934,14846,3290,9407,15650,371
8888;4;1;683;3043,16074,6881,688,14683,10182,3697,17190,11091
6790;3;1;7904;18774,1528,7673,5983,11674,16900,5336,5302,10411
5861;4;2;11824;13654,570,1996,1067,1078,15662,11552,479,528
2774;5;2;5570;16574,5663,14459,15841,7046,1599,12721,6390,17442
7844;3;1;12195;15500,10101,18618,10846,909,3579,6655,7153,11919
2689;4;2;3180;4504,4455,6182,2733,12199,9458,12337,7222,1273
4924;4;0;18125;3894,11606,17079,16680,7457,9686,4307,1035,11783
1318;4;1;18602;7768,2688,859,12932,9673,12872,6180,6755,18044
6292;4;3;1375;18664,11517,17629,18123,10772,19171,1108,16062,4632
6091;4;3;378;11272,2257,16076,16094,8909,16426,9787,9346,8743
7932;4;0;392;15101,10736,572,17831,5168,3518,11100,5076,15279
645;3;2;17409;995,4968,18367,18493,4179,15794,16774,2005,2602
3132;4;2;11026;12861,16565,5642,18517,14294,2914,13953,1091,2699
7130;4;0;3279;801,939,2944,7549,5189,15091,12423,12720,17531
4704;3;2;3540;3323,18271,2988,15488,15964,16396,9727,10240,5310
2447;4;1;271;18912,13438,177,15825,12399,475,6698,8281,4393
4325;4;0;14457;15843,13546,2880,1164,17552,19037,11915,18074,15265
981;3;1;9182;15460,16728,750,1373,16368,2760,11499,16439,15895
4712;4;3;10557;14640,3585,19165,3236,9451,535,12423,4360,17291
1281;3;1;11751;17470,9399,6454,14842,17011,14999,3646,2927,6788
3026;4;2;3328;5578,18853,5423,12565,17643,16863,10822,13292,15548
6485;4;3;5594;3005,10163,7784,6423,16095,5899,2960,3493,105
6025;4;1;12449;18942,11326,15865,18751,10041,18267,7438,599,8403
6945;3;1;9982;1970,15260,15600,16047,4163,9253,19126,12478,8574
66;4;3;390;14692,18331,11714,7312,663,2631,19083,5826,3786
1922;4;3;378;14692,10340,7124,16154,5122,16422,17508,15747,17104
1108;5;1;6306;16086,15995,16168,4881,7058,7818,5917,10808,14726
5074;4;1;4121;16640,18992,7513,3673,8649,17104,77,3021,3691
7756;3;2;13901;4215,15988,14673,9486,9961,9840,7592,7634,4504
2757;4;0;2691;12027,1199,8810,9287,11357,15424,16610,5580,1119
3249;4;2;3516;8868,6115,1235,9945,3677,4701,17967,2931,6160
3244;5;1;18989;8249,2803,17359,16970,11871,4206,12846,7927,5206
7465;5;1;14306;9667,1458,14521,5514,12414,5899,8539,3613,6781
3909;5;3;10340;18391,18910,545,3631,1037,11866,171,14341,15353
8420;4;0;17669;4822,718,10780,11267,5155,9796,18882,4447,2257
5237;4;3;16787;8891,12021,11751,16362,9695,10432,8682,1931,19171
11;5;1;18620;17904,14045,16494,5534,9835,5438,9026,18962,9768
3888;4;2;14409;3917,5040,13378,5860,11514,3402,12760,5661,1411
236;4;0;6476;11571,14833,4025,1108,5757,16048,10170,10189,11974
9183;5;3;3683;3120,18603,14743,1681,18751,18267,8870,12449,18620
2872;5;2;6839;3681,11651,6634,4262,2906,2667,2817,17140,13530
4726;4;2;10102;1326,376,4936,269,3469,18224,10727,14344,6723
5040;4;0;2005;5268,15168,16533,4039,3669,4705,4968,7168,6241
849;4;3;8760;8739,7695,16205,10954,13864,7,19092,15134,11336
1331;4;2;3245;9090,8671,14729,15083,12011,18984,6731,15468,15939
957;5;4;12025;9772,66,3897,17778,9834,10080,11382,18459,15268
3322;4;0;1004;16054,1460,16989,17353,7956,5493,11004,12162,17259
1368;3;0;987;9730,4680,12903,9854,8106,11555,3655,1914,6794
2510;5;1;15865;4026,7679,16161,6180,4872,9673,8373,8823,2813
2744;5;1;10976;11079,9592,14743,6341,15317,7617,6387,13069,4283
6607;4;2;378;18471,6874,11512,5280,5759,4788,16707,18739,11003
7585;3;0;11322;2096,16744,16570,9576,4417,9848,4636,12911,10344
54;4;0;14319;5927,10246,10721,7785,12544,7617,9814,18116,17446
116;3;0;1;12367,14725,16550,7158,14499,14781,13665,610,2807
2391;3;2;2053;494,13700,13661,12441,9257,6360,16059,8511,13208
701;4;0;16606;2100,10700,15063,3221,8637,8822,17900,2587,8196
6779;4;2;378;7884,15939,10119,2524,14930,7155,8033,18145,9028
5954;3;1;12753;5846,14367,12081,2428,2132,15669,9579,16479,7859
2010;3;2;15820;14582,11109,11888,10137,3509,11406,15277,6814,8334
561;3;2;14251;11125,2901,14176,16585,18514,6754,4778,13392,2223
8673;3;2;1474;7039,5151,9601,17530,14373,15110,15858,2609,16379
6256;4;3;13450;8683,8023,13419,6602,11840,1738,14897,11829,3167
9137;5;2;3423;5909,5663,8310,16223,19075,13529,2887,17033,13320
6968;5;1;2029;2778,1777,13759,1602,10932,5908,6680,6042,10715
7907;3;1;989;439,10302,13490,3162,284,14519,5065,10503,10734
3555;3;1;13640;4461,2529,159,7308,14156,1481,7449,18449,4235
719;3;0;585;14262,6575,938,8540,16992,4376,13000,14009,6769
9065;4;0;2483;8293,8503,12430,15220,15212,5180,13033,541,9425
4372;4;0;2005;15796,8068,7985,12708,8020,4179,1039,4039,15168
7507;4;3;12222;9635,1782,2273,4508,11961,1344,15877,10699,13567
1792;5;4;11959;8815,9411,4828,15716,12064,6814,15277,11169,5396
4637;3;0;17739;3955,11959,13927,13098,14702,15510,11698,13245,12
263;5;1;10475;13113,9670,4421,15218,15291,2243,11951,8354,1916
2289;3;1;8899;6280,6370,5598,6623,14293,4122,6060,1027,18967
7784;3;2;6056;3405,15140,9216,11013,8546,8399,3397,18946,16842
5298;5;2;356;5443,1849,15957,14831,12764,1320,8134,11217,9277
3901;3;1;1362;15112,7446,148,6313,753,14133,10614,8077,1366
4315;5;0;3241;11856,16491,8951,8175,3544,10766,13779,5998,7282
5894;3;1;1391;1791,13205,5552,3405,11013,1626,10325,4668,322
7415;4;2;15505;9780,16027,8193,1250,2545,12073,17261,16294,11426
7216;4;3;848;4868,2344,4455,7311,16441,9400,16583,14595,14240
3502;4;2;3327;14238,11883,10004,15686,16522,2356,18050,10340,13863
1185;3;0;5483;15326,18529,8494,4750,13439,12094,3590,8738,11168
3787;4;0;1445;13518,17132,5412,6600,1594,8280,12438,11993,850
4700;5;4;4743;13385,1410,9155,12363,5153,1935,12944,18062,9286
4388;3;1;1210;4468,3947,6050,8089,14579,10018,9241,15997,8224
1496;3;2;11254;16234,178,14658,6081,3303,9570,7875,3775,4747
2114;3;2;16460;16485,13876,1559,10794,18872,9064,2052,18692,1560
3365;3;2;5465;10310,17911,15064,17509,7090,12686,8809,11859,10470
83;3;0;15065;18630,14632,6295,17263,17421,11858,11102,14369,5560
4496;3;0;1674;2819,13832,16433,15319,668,13363,14968,5884,11142
2841;4;1;897;3929,6243,1840,17964,4150,15319,1449,14881,1768
7336;4;0;10663;1465,19104,15883,11677,6201,13842,17488,13306,13753
6179;5;4;14603;9673,13975,6906,625,16797,18942,11909,15260,5693
5033;4;1;17900;13179,12306,6605,9172,14568,16830,12616,13472,1902
4477;4;1;10232;1164,12312,2830,19037,16873,1186,3016,16574,7107
5393;5;4;4980;9108,9169,10101,17608,1277,3191,10072,3029,15504
5049;4;0;2640;17699,9271,16423,2452,8724,12570,4766,5771,972
1821;4;2;9594;12997,3188,10353,5769,6893,16059,14212,14730,13858
5276;4;1;12711;19170,1138,16485,16484,17703,1656,18455,10425,442
9332;4;1;9091;2390,11202,18455,18617,10621,4626,13366,12125,14341
5416;3;2;8811;7021,17450,7554,10653,9428,3502,10127,5832,7418
8079;5;4;8150;15260,3569,17138,8241,5303,16307,16531,14460,1474
2780;5;1;4556;8167,10429,4821,230,7790,4727,701,14618,4637
1371;5;3;16951;15968,11939,1919,14251,716,11968,18095,6945,608
1202;3;1;6515;12012,5777,9899,1620,18256,8473,13833,8459,12097
8748;4;3;11730;1494,1693,1469,5400,3554,3298,11295,4066,8097
4128;3;2;9197;9393,1415,7609,18156,1488,9200,5490,1177,9274
6258;3;1;8188;18558,3915,10444,5956,4602,3624,18112,769,2746
2581;3;2;15043;781,12405,13903,9958,12261,586,14874,10074,17840
6842;4;1;1793;13398,13352,4004,10457,9370,15998,16442,1361,879
9010;3;0;3655;13891,8344,1938,11410,3264,17514,14602,902,6430
9241;5;1;10839;11860,18778,10755,17299,5103,3377,17546,17408,4036
2796;4;2;2123;17127,9273,597,1913,12908,2845,5658,6468,5900
2349;4;1;1708;14945,9233,18537,1704,14755,14020,16016,19125,13926
503;5;4;2075;1553,5258,6591,15377,1457,12172,2042,14114,8359
7781;3;1;17777;13841,11976,1492,5887,16750,11232,1131,11035,11728
1704;3;0;5988;13278,18102,11880,3090,15375,4342,486,17200,11340
6703;4;3;912;4845,18266,10590,3632,5427,15143,18333,11616,9152
5354;5;4;12721;3423,3459,2251,9100,6634,6620,1173,12516,7741
391;4;0;18968;2728,2315,795,14962,4574,7649,2696,4863,1219
1782;4;2;16453;445,6878,6973,11502,18254,19159,2984,15871,11475
1604;4;0;13922;11885,16552,16036,15862,14725,1911,15458,17291,16174
8165;4;2;9287;14687,17779,1424,8314,7755,10987,7576,976,12983
6848;3;1;11654;5342,4686,16716,7565,15171,10883,4439,16293,12510
4164;4;0;16109;5402,16623,3959,9483,7123,4823,11904,14005,11269
8686;4;0;7805;1087,5990,7721,7044,9388,12049,16569,163,16215
2706;3;2;17455;4156,890,95,16077,4865,753,3617,9244,12075
6810;4;0;3775;17543,4649,13752,8448,9155,8340,8513,4996,8491
273;3;2;13267;4491,6483,8282,19023,17492,1374,19103,15025,7622
7171;5;4;5864;13840,11353,5744,16676,5805,10295,12790,14264,15099
5408;4;3;14703;6119,15508,14730,17999,18379,17773,6034,13377,1498
1577;4;2;5537;17845,15507,17790,3031,11822,15215,13762,13455,5216
547;3;1;13686;5974,9663,1963,1169,4711,18283,3643,15821,10554
2134;3;1;10;12381,11139,15969,13377,9988,1502,7637,16758,3418
8176;3;1;945;16507,8095,9796,14845,2382,8993,4169,5168,472
8077;3;2;6056;13073,9409,14615,10018,11880,5682,6495,13158,15738
7288;3;0;9499;13446,2539,9377,8984,16503,2565,14970,11192,1028
3277;3;2;458;8503,2067,13040,15731,524,3134,7256,6513,16704
2561;3;0;5219;4008,17986,16522,14726,1694,1651,5635,9780,2665
8297;4;2;9283;8280,15351,4729,11340,4371,12765,13873,6222,6718
2208;4;1;12159;4352,17934,8653,11479,7559,19081,6785,932,6271
169;5;2;10937;4632,8967,18925,11089,2660,5493,8954,13152,8339
4874;4;0;2299;1039,2005,10264,1089,15794,14635,15455,13957,5598
474;4;1;17476;8356,18625,18096,2960,14017,15366,3134,1608,11638
3854;3;0;1992;11232,11620,18263,18073,13379,17630,9819,18953,2943
6918;4;1;14098;18839,12372,9541,12169,7110,9040,6661,14359,4957
507;5;2;16626;8675,17623,14355,18835,7025,8802,5598,198,15793
7704;3;2;7738;16850,7801,7042,6883,5478,2980,13656,14986,4484
5196;4;2;1470;8513,6762,1694,1847,12800,13375,3393,8156,17653
3883;3;2;5458;18369,8979,11697,12532,1122,13029,13744,16608,12873
1830;4;2;15661;6291,14114,16836,9456,6958,16628,1973,11500,8370
2196;5;4;543;13259,7127,5285,13738,14661,18249,3305,17231,9763
1968;3;2;16705;8964,11323,468,19031,8957,8967,10270,1302,5246
4232;4;0;5712;13163,7351,11474,14709,14695,5227,5842,15488,468
788;5;3;17719;140,17474,1278,15401,11869,10455,15767,18537,9400
4375;5;0;7352;7438,8373,8490,10274,8001,17041,15010,17295,7644
7746;4;1;16687;4550,13307,12286,8058,7608,9464,16577,18105,9349
125;5;2;14534;3471,17883,13829,3013,307,16158,7866,13274,13557
963;5;2;3629;1970,12478,13420,18893,6563,13962,7322,4886,11495
3528;5;0;404;9344,8141,12490,2180,3320,18122,13810,3144,886
808;4;2;861;10027,13615,3152,18857,3593,13816,17504,7445,9135
4652;4;1;18772;518,3186,2663,16791,3729,7727,14157,412,1954
3600;3;0;2701;3422,18924,5981,13046,11199,3736,1510,6936,7881
7275;5;2;16845;364,15579,13048,8457,2862,16969,10038,1577,12796
5814;3;2;9832;14104,12170,11423,18457,18983,656,12307,6617,5084
1826;3;1;1481;6791,13573,18789,14494,11996,7872,9045,966,3037
2130;4;3;15992;13520,13204,15780,10055,16572,9319,10867,18548,5648
5972;5;4;13143;359,8398,17677,18399,17102,16158,2447,9308,13632
6546;3;2;7570;11594,10212,12426,7298,15155,10918,2778,1746,13567
329;5;4;3546;16454,18246,8264,3194,17825,14729,5318,735,12388
4581;4;3;5373;4163,15384,4953,17014,4637,13445,13129,15600,12785
1737;5;4;16059;2401,15643,15833,10353,13466,12504,5768,2027,12362
3749;4;3;12780;9407,7962,13179,5416,4400,385,4971,1973,4897
6383;4;2;9626;17467,6210,12985,9138,6043,17763,13427,5694,1001
6301;3;0;11268;5468,18173,12155,2434,11687,17931,468,5648,15970
2398;4;3;9758;8310,15517,8391,16317,7791,3246,3529,11651,6071
8378;5;1;116;3395,4242,287,6993,16640,18830,12208,10370,19043
4793;4;1;6508;17576,17349,16340,3737,4534,14597,8138,6445,17792
1411;3;0;8058;12842,1584,9223,17339,17736,12471,1814,3121,18870
4864;4;1;6061;7621,3347,17764,2317,5403,6714,7455,12362,14417
4081;4;1;7372;9432,6525,639,15637,13280,11959,12029,16983,2682
5299;3;0;3230;976,13740,590,950,454,11171,12393,7569,12965
6482;4;3;5985;12167,7413,14587,11904,1477,16638,10582,3767,362
1367;4;1;3056;1622,14075,7480,4195,868,16120,1618,6788,9138
4052;4;2;16951;18782,18678,4296,8835,4778,10992,6478,11968,17033
6248;4;0;10425;12637,13687,1642,12975,5342,2516,10885,11132,18455
1074;5;1;12835;13743,17071,1892,17535,8459,9899,11832,192,15365
6733;3;1;17118;3889,13710,6533,9498,2032,7198,3289,16588,9889
3411;4;1;13156;7404,1005,6286,12913,18503,11236,2851,11357,13572
794;5;2;2016;5496,6127,10839,14016,8059,8553,4356,11475,9818
7669;5;4;1546;16843,7655,3270,17933,12084,204,5007,9920,1163
1384;4;0;16853;6824,2323,9259,15866,2943,18430,3223,16406,12761
5594;5;4;10361;7805,18075,13326,12392,6469,97,5638,12049,6534
8153;5;3;8639;7044,6598,6534,18075,13326,7721,18617,1087,5638
1981;5;4;378;1856,6148,13116,11977,6963,1581,9574,3825,5806
10;4;0;3463;6442,649,8779,11406,7491,1364,5863,15549,8771
6719;4;2;11331;17626,13851,14544,5443,7342,9509,8712,5578,7821
1081;5;1;3629;6180,1744,17373,18335,4884,3600,8676,16047,12182
1550;5;1;9273;11477,2862,10322,12908,18577,5029,4382,4869,1777
6363;4;3;7183;58,9652,1642,4714,15016,7917,12975,11132,3427
6691;4;0;11922;12431,12287,16905,11587,3562,876,11333,17012,17736
1520;3;0;8169;8043,16441,2268,13552,14957,10319,5002,6182,8483
2538;5;3;7617;10318,10216,1197,17138,3229,5871,8001,3248,14080
2363;5;3;17829;6781,653,17230,12294,12171,8182,18619,1667,3680
2687;4;0;2556;3646,18350,8882,7609,15147,16125,10208,16595,16361
8333;5;4;7834;19120,8340,7041,9096,3784,8990,1011,237,12036
7773;4;2;6906;12182,1084,16825,7785,5060,5927,18540,6387,3683
2247;4;2;378;598,7081,9204,16946,8312,7161,12101,12116,15901
6914;5;1;6112;663,4514,3416,10842,3245,9261,10313,4130,7176
7640;5;1;11407;18485,15263,16092,17521,16938,12208,5101,644,16099
4426;3;1;663;12960,17307,2634,4995,8165,16649,2365,15129,2631
2154;5;0;14571;6698,9159,5806,15935,13650,2631,12944,17453,17307
5541;3;1;13327;709,16225,17718,16585,16065,12864,6240,5439,7767
6698;5;4;378;8444,1857,5883,16026,15104,13272,11913,6579,3036
3513;5;2;3269;3784,12852,7014,15829,16252,2520,10674,2356,3684
5535;5;4;14978;17198,14654,4208,14637,174,12052,13125,18967,3494
7862;3;1;11684;17142,10122,15101,1904,18484,13258,4552,2041,5
5561;5;1;13597;10429,298,4872,5414,7879,14743,286,12240,15621
5901;3;2;9124;8896,1418,4402,2928,3445,13044,15875,4360,6789
4813;3;1;1587;5902,16460,12510,2241,5801,16485,6068,1560,13687
8067;4;1;14578;16962,9640,7567,12287,16905,15046,4581,7516,5412
6503;4;3;958;2715,7170,9731,10423,12018,12976,18389,13179,7330
6952;4;1;14987;2844,13952,6623,2143,13951,5118,4122,16782,15219
3270;4;2;378;3770,7014,17245,4954,8312,17182,13607,18471,6626
3599;4;3;1198;608,18652,3529,15394,14021,4778,12133,18300,1065
2999;4;2;2080;6454,18847,11822,11976,14162,8961,9044,13425,14275
4678;5;0;1587;4686,10794,18714,419,1121,8446,2380,6229,6514
2167;4;1;14457;1198,11059,16508,14021,6478,12864,8119,5570,8164
837;3;0;10014;3618,7495,11365,13188,7490,1036,5992,13716,2817
1768;3;1;10556;16712,1323,18790,10733,1963,10554,13003,14096,6311
5350;4;1;5922;16600,9673,11998,6563,7217,11681,7146,14619,9601
9355;5;1;3244;5360,17530,18411,14080,13983,18474,15260,18603,11366
3425;4;0;6263;4234,7831,15101,17711,10381,4246,1192,18297,3518
4767;4;3;15056;545,4747,8206,11960,12107,16602,5101,73,663
7505;5;4;378;12529,12960,3045,18623,6232,8543,9161,2918,6993
4563;5;4;16737;17139,15700,13954,5309,9009,5098,11122,11423,17225
4353;5;3;13014;13565,16527,4196,8379,2731,9531,13032,1739,4438
1440;4;1;14083;15948,11319,11252,9357,17662,13090,19028,7188,1457
7737;4;2;1771;7486,6898,15461,5495,889,1264,2202,10291,11253
186;4;0;10129;11114,6422,13522,13531,7063,10830,2989,11001,16265
7839;5;0;11732;18302,17478,19158,18411,11513,16797,16337,19077,18160
2911;3;1;788;14900,1368,9726,18321,8788,158,15245,9247,2201
1321;4;3;5925;17865,10572,18639,17063,2764,2646,17524,13913,13862
7827;5;4;10515;17977,14907,8874,2766,8204,19142,1571,11004,19001
8416;4;0;8358;3223,14464,17870,12150,17011,6878,7821,14290,8582
234;3;2;2001;13374,11594,8715,10551,13100,12626,18023,16969,1355
5760;4;1;15423;5045,2002,6213,13508,5766,12359,7260,1938,7153
1632;3;2;268;4348,244,1216,6065,25,144,12731,732,5668
2275;4;1;12694;18378,6279,6050,9241,5194,12371,8480,7157,6526
4607;5;4;13737;9403,10839,13097,2335,18231,5846,8967,5632,16098
1222;3;2;7712;2373,16864,18597,11566,4247,10295,13953,16385,8558
6999;3;0;13940;18022,2588,15577,11517,15147,17755,11620,10561,15152
3844;4;1;5672;2460,10675,1427,3193,14289,9916,4066,13541,2023
5205;4;3;9935;2155,16716,16854,1146,13310,17703,10496,13103,6607
93;3;2;1007;13467,5771,15643,4350,17638,962,13098,19104,2554
6924;3;1;1150;9562,18878,1963,15471,8380,14815,18283,3071,3339
5825;5;3;16898;16441,10543,6836,16241,1272,12337,4855,10678,1723
8519;5;0;15351;13381,15272,2242,1376,1939,1316,3405,4220,9032
2997;5;2;3629;11839,3545,7768,331,12124,12481,17168,2163,18515
3541;3;2;5876;9646,7688,16590,16109,1663,11696,9055,8942,3959
7293;4;0;1587;16484,3745,18872,14485,16293,9112,10713,558,4902
450;5;3;6545;11667,19141,13439,11783,12358,13361,4768,1740,15497
3227;3;1;8;1642,7917,11692,16293,18714,18648,11193,5197,15437
3721;4;2;4508;10639,10812,13583,7210,966,1782,2529,11116,5701
857;4;0;7123;18383,7773,15814,1238,2075,8900,2309,6357,15571
2268;3;2;2202;15905,17805,9346,501,8649,12420,6538,103,13419
8442;3;2;3697;10631,805,16074,8182,9087,12151,17068,14337,4891
1010;5;1;15549;13316,18453,12118,3738,1810,3771,17974,11755,12652
3310;4;0;16747;6028,14752,7199,9910,7189,16406,19098,12241,12097
4982;3;0;365;14097,10159,11106,18953,6110,16911,18349,9406,14544
72;4;1;14301;12331,18895,11146,19075,5126,17661,16311,8924,11915
3384;4;0;12906;17994,13943,17921,401,554,12249,13741,15139,2303
4441;4;2;16327;15722,6105,12047,5999,6665,10066,15229,7246,12177
2;5;0;2243;921,2377,5170,5411,11614,13762,844,12902,4643
8102;3;2;10678;12812,140,828,13756,12066,3700,12883,1813,11291
1364;5;1;8574;14619,1399,18647,11839,13747,9601,4088,4860,4363
2046;4;1;12966;4691,12252,5279,19077,1080,1084,13605,4054,12324
3988;3;0;10441;13203,948,8500,15085,4765,5965,17800,13764,8070
2543;4;0;16808;9839,11723,2546,11801,14595,15032,17539,4998,11898
2766;4;2;15924;9607,2449,14849,7561,6227,17008,1602,3417,2029
6360;3;1;1406;2473,7135,7659,9005,15013,16788,579,17689,17296
8976;4;2;378;8206,11848,6249,6259,2941,17875,8309,5122,4258
5253;4;0;7176;6473,4845,6913,3395,13236,6797,13330,4891,378
5041;4;0;15247;4987,11893,12979,2788,5989,17287,2516,16024,7183
9292;3;0;11232;16348,11101,5038,13932,9818,17616,6421,4632,15374
7915;5;4;18452;15012,11135,464,9054,5508,14301,14780,10992,14535
8814;4;0;7927;18248,15087,15178,2985,9364,12184,14536,9596,8367
2427;5;2;82;9580,18377,13891,14981,10469,5730,9169,9444,3206
5139;5;3;9274;12161,17277,7974,6661,16685,12490,18022,4429,4694
2163;4;2;378;7654,9926,14880,13292,5369,17887,18121,15747,17810
3690;3;2;13599;11615,10372,17548,6246,7298,17311,7863,2911,16115
9202;3;0;3514;16548,2735,19172,8651,14393,16341,1469,16699,17091
8175;4;0;9355;2805,17731,14208,17245,1461,4804,16168,16134,11829
2487;5;4;14031;17376,6980,7566,14414,16201,13896,608,9213,14879
3738;3;0;8630;18537,3485,10596,17246,18716,2644,5380,13698,17474
1601;5;0;18333;7155,1507,15285,18709,17068,11716,3985,8761,17646
7908;3;2;16777;4472,12957,12852,5865,7486,1745,820,8326,14199
8178;5;0;18789;13536,18706,17288,11636,13812,4176,16097,11619,2979
5967;5;4;8858;13,6826,6238,3946,16049,4331,8934,5538,10748
2129;3;0;6828;10281,8829,4485,13079,15039,5217,684,12535,16964
7672;5;3;959;9639,13873,14678,17258,12257,12438,6089,12220,14615
3734;5;2;5899;6982,2158,4878,2839,10160,8855,1828,14065,10050
3468;4;2;15171;1638,4714,2516,1642,58,18227,15325,10883,8902
6953;4;0;1084;4961,6180,15004,15446,6606,12391,2683,12240,3025
3782;3;0;8660;5253,7806,10382,443,304,6791,2367,3861,13880
9233;3;2;2099;16777,17721,10001,6197,6826,11196,3566,3784,11003
4820;3;2;11308;7796,2786,1795,17707,15674,5809,17313,18870,673
8196;4;1;8648;2338,16198,12565,1999,7289,1424,454,5328,13740
4617;3;2;13288;19166,18909,7961,1798,17823,14185,16784,3624,117
2375;4;2;378;2931,9709,16234,4312,6499,13470,9198,8743,9404
1002;5;1;17986;9286,15104,12679,8527,13443,7008,15254,8309,8762
5741;4;3;15352;12713,12894,920,5007,17321,13360,10931,6794,17514
4971;4;1;12075;8392,14510,11588,9965,1433,11729,15252,9907,2760
4342;4;1;5941;6185,9003,9445,12401,14598,10764,12390,5151,8150
9135;4;0;5586;11234,17052,12768,3615,4576,1615,18718,15245,81
3937;4;0;2431;6977,444,11383,17357,17523,2601,15469,13747,7499
7010;4;2;5369;11911,15244,18412,2165,6014,16055,6762,56,87
4092;4;0;1355;3690,15863,7570,18948,13938,17097,18975,13147,13426
8761;5;0;6151;8298,4381,12629,17238,18014,13231,15258,685,8735
2848;4;2;15136;15000,18567,1347,9187,11336,14287,1230,15137,13243
1347;3;1;3738;1621,10476,18885,14533,11461,16403,15383,14331,11247
8444;3;0;14539;15266,4638,16051,7774,6240,17442,16223,13052,8769
2366;3;2;2016;8808,13170,4100,10240,15992,18699,17345,4109,11650
330;4;0;17996;6837,551,16774,11948,16180,5598,15796,7433,15794
199;4;0;9195;950,5275,12393,1424,847,1191,4000,12565,12913
2434;3;1;1337;9565,12737,12444,3830,9707,419,10694,14616,12329
3480;3;0;12879;4153,1405,6838,5383,7803,11246,7500,5215,7233
9042;4;3;1433;8114,16171,1854,9965,1943,3617,10822,8697,12406
9272;4;1;18317;18129,17357,6341,11413,12324,16494,6848,7217,10845
2281;4;3;3554;505,218,13367,14836,14160,2735,12491,12763,10047
4975;4;1;6356;1494,2902,14082,5672,938,2310,11170,17091,4389
4754;5;0;2659;18030,17972,14743,5528,15260,8870,12845,14223,4637
9294;3;0;4324;14419,14590,9801,3122,9201,6582,12018,13436,4058
1828;3;2;3078;8680,3362,17470,7122,2940,357,7285,15653,365
8671;5;3;10650;14743,4953,15173,6669,11593,14078,18540,15469,17138
7302;4;2;5401;321,8587,9399,12467,11546,14682,1685,11693,6211
3335;5;1;14614;931,16557,16134,2839,10792,2147,9072,7383,1082
2614;3;2;4884;7347,5492,11189,7357,13069,11998,7641,16641,18474
6716;4;0;8692;1715,2546,16157,9888,4051,12273,5005,4227,12066
8445;4;3;1074;15993,15411,882,899,9847,10233,13361,5777,5596
1045;4;1;13930;9570,1667,10613,4397,13078,8491,3784,13909,2488
4101;5;0;1730;4279,11998,16307,9673,10246,13983,13145,9067,4886
7064;4;1;439;2872,12675,8368,14519,16566,12969,5065,10734,15593
789;4;3;628;5507,14879,8249,11705,6645,16574,3899,1341,15266
9257;5;0;421;12308,14363,4825,3982,12362,2167,1480,18928,2934
2204;5;1;4933;9022,11288,9984,14240,11009,14324,8930,18396,9448
752;5;2;8854;4431,282,16062,16819,17643,324,13234,11881,2878
2898;4;2;18961;8640,1230,3497,7170,8896,16541,108,15776,13641
5119;3;2;6184;18576,11115,9568,17520,15907,11218,8219,3410,3818
3120;5;2;861;12808,8695,2131,16252,13994,14402,1941,3416,11008
4792;5;2;13478;8136,11095,16557,7321,10804,4878,7513,14942,9114
4380;3;2;14712;5425,570,487,530,11552,13654,3951,429,18233
3874;3;0;1587;8992,12979,18227,7263,13595,3510,2396,9508,1130
2157;4;2;378;4304,11091,17647,13211,15629,18923,9842,9394,1118
7783;3;2;14447;12711,3082,11692,11132,11767,8754,16484,3211,7272
8027;3;1;2785;16402,3172,18366,10038,17264,12774,3578,9477,3215
8335;5;0;1587;7109,11123,10643,410,13310,17343,2085,17201,10371
2617;4;1;356;5887,13849,1992,5848,2984,8866,18158,12656,9200
2769;4;2;9329;8796,11793,2211,5643,3323,12863,12213,17294,5292
2656;4;2;404;16396,4123,3583,12157,4421,5700,17629,350,7480
3719;4;1;1260;2075,16916,10779,5778,12520,16261,17275,949,395
1319;4;0;3656;2164,11139,14117,3790,7488,3982,19010,7466,16046
393;5;3;378;287,103,11584,11977,8873,197,354,11512,15476
1586;4;0;500;8395,16457,18954,13204,2536,15495,17598,19001,3415
5698;3;1;2005;8369,19058,17292,3669,9585,833,7340,10993,9919
7658;4;3;18275;12902,13128,13338,6053,10405,5264,11693,10765,18584
8587;4;3;8021;2460,83,3193,7708,3993,170,18225,4376,7144
2292;4;1;8233;3406,2269,262,7711,4843,2131,9096,1636,2559
4223;5;4;766;6626,17567,5928,3307,4713,11044,13888,8873,1458
2085;4;1;14658;3101,3532,10313,18992,13,7117,1820,1212,2941
5313;5;3;4849;13327,8249,6871,6928,6945,18952,18782,15146,9006
6365;3;0;12619;14839,19088,9816,17565,10159,14999,5676,16914,17050
7414;3;2;18287;946,13880,10506,11646,9271,12543,18192,14879,16290
5533;4;2;12725;2362,4425,5555,10635,17492,13945,17278,5343,19171
5392;4;0;14907;9113,2481,10064,9151,6041,13267,10755,190,946
8840;5;0;3502;12230,12972,8457,11043,9273,17127,1133,6939,1770
8110;3;2;18790;12607,18283,10906,10657,1799,16133,3643,15414,13686
8203;4;1;3198;8938,6920,8010,856,33,10181,291,8563,18972
4465;3;1;3777;15355,13498,6719,8038,4302,5265,2271,7369,14334
7982;5;2;3505;10690,7803,10838,1733,4689,6385,10384,137,17896
6690;4;3;5838;5395,9478,6617,1664,16737,2792,8624,16717,11805
5471;4;1;8958;14833,3202,11187,9556,18973,4495,13218,16396,13745
5777;4;1;8575;5986,19046,3962,17832,17736,15550,14993,6368,15443
7457;5;2;10058;13227,1411,15671,8720,5686,15799,2793,6828,13464
6831;4;0;16386;4726,17888,13355,1113,12228,11467,3213,16281,9929
4034;5;0;16539;8541,14662,5888,17620,13094,16642,14849,3490,14767
1556;3;0;16133;6311,15471,387,10657,18878,7639,14346,13967,9881
611;4;1;16716;13566,18308,6149,12975,1559,3652,6514,3745,15076
9316;4;3;3020;659,60,847,11357,13156,13740,1712,9636,9195
7621;4;3;17662;3122,15814,18724,13046,14636,14597,1429,13221,14716
2722;3;1;17660;13674,3957,9641,12912,9193,16773,5337,305,4840
2449;4;3;7673;11405,11626,1054,7843,11261,9997,10954,15310,12991
7187;5;2;18171;7917,15016,5896,16289,18888,19170,6439,15093,410
7963;5;3;6906;17426,13026,2609,4114,11513,15446,18473,8870,4961
8284;5;1;18634;3256,5229,1610,14928,6973,11176,11235,3501,7825
873;3;2;1927;12137,16844,6445,2309,9611,14636,5070,14718,17057
3661;4;0;3486;656,19044,16416,17225,18457,15338,16717,5395,3693
1159;4;1;16961;2187,1453,11163,17911,1684,1182,355,12403,11181
7937;4;2;2820;13331,14909,9574,6881,8388,119,4772,1345,2877
2849;4;3;11769;904,1382,17662,1520,62,7682,7249,11317,10294
7600;3;1;6819;1166,5121,9263,14025,15523,16284,12863,19110,5631
175;4;2;9463;4788,13715,4121,13375,5521,14660,16093,15466,16302
5397;4;1;656;9211,3487,4029,10522,66,9772,583,17139,16229
90;3;2;14576;14150,12710,1889,6076,12841,11674,17281,641,17053
1867;5;2;15173;1084,6821,9814,3755,6686,529,12786,16973,50
14;3;1;2108;13421,1954,8729,8660,10676,11958,5888,12601,370
5644;4;1;2005;3494,7607,3481,8068,1561,3674,10993,11624,1089
433;5;0;16796;7767,6634,14859,15116,16056,16653,16567,6620,13320
6736;4;1;9286;11298,3788,14054,8309,7729,12944,18035,4071,14208
1846;5;1;13969;2103,18295,1464,7946,506,7990,17125,13446,7508
7312;4;3;2120;10953,5406,16824,13045,236,15731,7310,4625,8890
9190;4;3;17710;17885,7429,11764,2092,6437,4112,8507,12492,15564
4475;4;1;1058;14446,108,11963,6576,3807,10656,1021,6357,3709
4397;5;1;11412;17220,2066,7261,16087,2242,1328,17888,14556,9216
7762;5;4;10422;13155,10250,12867,6654,4036,14036,11679,3888,13240
8117;3;2;1768;4596,1815,5687,8641,10539,11032,15259,750,822
1915;4;0;1224;4730,10463,14661,14720,6374,10249,15265,11438,14931
8921;5;0;3082;13105,2993,11193,18780,7109,10568,4511,14485,10794
6342;4;3;1294;15572,8368,10503,11875,6566,12969,1957,11264,13490
6839;3;2;18978;7186,2280,11774,7392,17545,164,17418,10139,7843
1116;4;3;15011;16494,11387,5347,11422,6704,9665,8373,17367,13253
8447;3;2;16460;5472,58,5801,4836,9057,18081,18380,7109,410
9004;4;0;1389;10946,13480,6348,6102,6004,14344,5217,12606,9305
2056;4;2;6244;3227,11828,12243,3324,8456,1605,1542,1422,17496
5826;4;1;311;1759,209,7936,8573,9235,8622,10181,4390,1804
7174;4;0;6579;14196,2801,12408,5427,4753,16522,14952,17887,2398
6758;3;2;1348;6232,1250,9463,12284,7195,17877,10377,3613,7646
2151;3;0;3502;7832,15579,16845,2647,14806,9276,18357,18427,407
3887;3;1;429;8596,8838,5425,1996,11824,542,418,4837,14586
6110;4;2;15694;10381,10451,3598,472,4169,17487,6103,5932,11917
8668;4;1;4530;2699,16864,6650,11718,16385,3113,7575,18527,17219
6603;5;1;4677;5379,2726,11932,12805,9198,10484,4062,797,18087
2741;4;3;5411;13291,5041,12158,15151,12699,6519,17470,2854,18951
4219;5;2;6756;2119,14888,16892,17391,14021,8769,59,4308,6071
1585;5;3;13724;15790,11068,6627,3345,4912,5161,18007,16914,4560
3176;4;2;3623;13820,512,8416,13891,4489,12894,8221,5616,13271
3252;5;0;7900;2378,3494,18448,6676,5920,9398,17292,8675,3669
5217;5;0;1907;13507,7579,19097,3193,14289,18725,17081,12463,2469
7470;4;1;6719;7743,11685,10944,16915,7908,5228,10632,2030,8405
6212;4;0;18463;2997,15295,6863,4976,6878,14709,7285,4833,8141
291;5;1;4556;13069,18160,8346,5019,7557,5492,8745,17530,1637
9274;5;2;378;13699,12742,13127,8621,2665,2524,16168,18025,18159
7345;3;0;12501;2776,6744,13516,15309,18925,15484,5784,12656,15575
3318;3;2;18884;10590,15476,86,14824,8041,12245,2158,9368,2435
8511;4;1;500;16189,3663,648,9954,7332,6175,18839,16461,16604
4577;4;3;15949;3073,3378,13744,8333,3867,8878,3522,13140,18313
2430;4;1;440;3228,3331,11163,2187,14281,16571,10673,14855,14765
9113;3;1;378;8901,5101,12326,5759,12617,39,5866,17653,8326
3274;5;2;15629;16294,7128,2454,967,10662,13528,15067,6874,15705
9362;4;2;1282;16368,15252,897,7662,14804,1449,750,8551,4610
6646;3;2;3500;1549,7276,18889,17885,3034,1137,3227,1977,8500
6770;5;3;3755;16307,2609,8419,15110,17478,5573,12551,2617,5279
3065;4;3;5360;5060,13069,6376,17137,8486,17586,10530,3107,6606
3683;4;3;16340;2281,1042,3176,18589,14014,9491,19013,5983,9914
1560;3;2;1967;3276,18126,8507,7276,11764,14320,15312,17787,12634
5200;4;1;11233;9464,17339,7873,1939,17538,13627,3491,10107,14493
3486;4;3;15626;6483,1823,10765,6039,4428,1048,6878,4896,18639
4751;4;0;6583;13365,5474,14214,6662,8009,5263,8062,9043,13101
1994;4;3;9060;8734,17879,730,4734,10971,1160,8529,4450,16970
8431;4;0;14544;18149,4016,7609,3492,2394,8350,16344,16357,2274
814;3;1;18223;3138,2847,1791,13664,15888,1580,875,11721,15272
2930;3;2;6198;14844,4852,13463,13636,4558,4820,11396,616,18497
9118;3;2;1575;15967,11891,8800,11336,9407,555,16620,18097,6817
8632;3;2;15435;8985,4286,10431,803,13929,9020,6580,15761,3957
4623;4;1;4677;14588,13684,9237,11272,1649,7729,18530,18768,16168
6892;3;1;14932;9460,1666,5206,14301,9378,14787,12560,1217,7495
3130;3;2;13311;13509,9146,17946,18211,4250,10,16688,7440,8913
5540;4;3;9549;4016,6438,16683,1309,15431,8240,10275,5889,6053
3059;3;2;10993;5118,12900,300,12456,4986,5581,10783,14641,4705
2791;3;2;11945;18812,5894,18284,10363,8454,5767,3360,10435,4687
8386;4;3;2019;19152,7753,10129,7356,7105,8520,13531,18567,15203
163;4;0;5192;3615,14553,16413,4576,2968,18139,788,9092,891
4014;3;2;116;15525,9613,688,8791,8444,4579,4062,18234,1461
6456;3;1;5076;243,41,11917,11510,17486,16233,18956,5,6263
661;5;0;298;5081,16258,16494,18107,5373,17904,331,18751,2707
4118;3;1;4677;11738,6139,12011,7476,12138,1082,7560,3516,17261
18;4;0;11413;12124,17446,1060,4727,13089,11493,8823,3025,8841
3351;5;3;1530;12170,11382,6547,17778,9478,16138,6369,18398,7112
1183;4;3;2090;14777,15091,7686,16206,10253,16194,16315,610,958
3473;5;2;8861;11412,1791,4550,17339,6718,16400,1580,937,4372
1420;4;1;245;4369,14313,9049,17776,10209,8652,11031,362,15449
3645;4;2;11661;4795,2830,2607,15606,17016,12028,18880,15182,8529
1324;4;3;378;9028,16338,16332,103,5387,18121,17543,10261,7514
6761;4;1;12346;8180,11866,3838,11714,5880,11518,16295,12111,12936
6641;4;1;11808;18471,8316,11616,694,1717,13325,12823,898,8023
9349;5;3;5691;10928,16946,10924,10744,15367,13863,13388,10099,11415
3127;4;2;13571;12719,14089,8863,4097,1448,12597,376,4101,15412
488;4;0;11108;5837,9867,2539,10712,2237,19027,7856,11065,13969
8241;4;2;12071;10756,3037,1321,8605,1517,18005,8860,1869,9790
1230;4;1;14844;5634,14352,10490,13471,1015,9143,2452,16209,15723
5927;3;2;1491;8040,472,15696,18084,1676,1276,7237,11854,12509
56;3;1;4409;4145,17888,8230,5174,12842,15975,12442,16281,329
1597;4;0;9211;4029,13598,16799,17564,14073,7069,656,15700,15338
4882;5;2;17050;2080,2258,12571,2534,15563,7264,11502,5103,16914
8744;5;2;15287;3973,7294,7449,5765,15897,12974,8715,3658,7369
4983;4;1;4304;10718,2931,1100,13540,7325,16049,4587,8539,14982
8582;4;1;9951;18291,12867,9200,1040,4573,13338,1622,5038,9818
3979;5;0;3801;9642,15760,4966,18005,5888,13573,6747,4288,13950
1959;4;1;1655;1640,2285,3809,13353,5319,8359,1379,9193,10447
1158;5;0;19021;5221,3063,18954,15779,3320,15647,5271,6989,2988
1940;3;1;1041;13046,18724,11311,2097,16844,2386,3833,15438,8800
3838;3;2;17385;431,15287,16588,16402,12496,8279,17881,7871,10632
3177;4;0;18602;5693,4703,6463,2790,7617,18650,9107,8419,17124
6554;5;0;1992;17633,16529,18654,11483,9264,13096,15433,9048,8348
8423;3;0;1760;4198,18480,8357,15760,11689,1746,17264,4302,6680
1138;4;1;8438;18461,8956,6561,12739,11232,1181,18290,18361,6878
7036;3;2;13945;15236,373,8516,12725,1916,5571,11816,978,7660
8608;5;2;15910;15915,13975,8001,4556,18650,8163,9445,6906,807
7169;5;0;3821;17195,17618,2300,11363,19106,4122,3669,7607,14293
2341;5;1;13704;14987,3977,11112,3353,12104,8068,16929,1561,8802
3442;4;0;908;13106,1917,13687,16759,8266,7081,6635,3973,639
6039;5;3;3442;5777,4750,525,3216,4057,17551,16983,10185,5937
9354;3;0;1992;14682,16267,13128,17977,8228,2459,499,12276,19014
2184;5;2;378;10782,11708,11596,8491,4891,18619,8743,10697,16099
5191;4;1;18122;16125,18254,10635,3678,1543,5626,5355,8124,1307
4385;4;0;14264;1105,2288,10019,5805,1627,5642,18527,13537,4361
6333;3;1;16112;13628,1473,3190,4822,8215,11514,2823,12597,10409
3807;4;1;17512;7794,7324,5943,7415,557,15158,11896,8042,16034
6688;4;2;378;10050,17647,12101,3677,5822,7134,15906,4280,1794
6311;4;2;7492;16379,11387,5359,2688,16825,5693,5157,8490,12929
6443;4;2;1196;10357,6175,14280,2025,16993,2258,1543,9262,14831
456;5;0;2503;9741,5866,7711,18709,17721,1988,9543,18775,2652
4779;3;0;2608;18920,2818,2202,10660,2595,2283,5969,11878,18588
6628;4;2;5537;17470,2016,1668,15223,8049,884,10405,7382,17767
3806;5;0;2091;10271,3293,13977,7892,13729,14261,13233,4178,4031
5318;4;3;18985;17634,15481,940,18673,4978,16698,5535,8038,5684
1655;5;3;9344;6561,6427,11131,2128,17146,9931,5757,14166,3574
612;4;2;924;11855,9775,10625,7444,15799,8215,12968,3084,13207
2351;4;1;1788;2167,11677,2176,9148,8449,972,16143,14158,4725
494;5;3;9194;16150,11202,1928,15748,17927,5616,11420,5242,8005
9363;5;4;11533;10386,1103,6463,16823,6820,4376,11342,9184,11812
5731;3;1;12799;647,342,1365,6085,1237,14128,14943,16721,18199
5048;3;2;15477;18048,14860,2680,16025,6004,12597,12206,14089,8711
4069;3;0;2303;6446,2326,5330,5431,12249,3166,997,11821,18868
3910;4;0;2539;6590,1145,6448,7508,2103,13251,10588,8585,994
8089;4;1;4714;2058,9508,16273,10358,2933,11767,6229,15746,11186
881;5;3;9112;10885,15092,609,10647,7565,4987,1533,9935,8754
2314;5;1;17629;9163,17616,3735,14831,9727,9151,13474,4532,5784
9136;4;3;3634;7290,5551,5643,18677,15930,18545,9305,10003,5344
4176;5;1;1557;18816,4773,5670,12471,17707,4670,4124,14325,13193
8464;5;1;16951;8442,7107,645,4444,6904,3914,1462,464,709
7452;5;0;4204;2087,11132,2409,1533,4686,6063,1642,13103,18171
8105;3;1;6056;11308,11333,17111,13465,16905,2654,14803,2408,9032
2914;5;2;4705;122,13704,15793,4336,5268,16718,13125,1027,5581
3503;5;3;15600;11909,9665,14603,4565,7076,9814,2708,13871,12966
958;5;4;1467;960,18937,4185,4546,7554,18948,7714,15287,10861
4080;4;1;2901;8769,235,9756,17873,18479,4470,1341,15146,5507
4664;3;1;867;14828,11588,17909,5687,8471,17506,9311,6849,11524
8944;3;1;6874;2078,12036,9246,3631,13182,4255,1593,13255,16094
751;3;1;3626;4220,7885,13873,7184,2357,8706,17058,15733,11993
1868;5;3;15028;9033,16825,4691,2659,836,10976,8403,18603,18060
8639;5;4;3869;16338,17068,17104,14890,3349,15067,5883,14118,5315
1017;4;0;2644;16794,2546,8545,15040,2230,17370,18675,10393,1704
782;3;2;378;4393,5158,15831,5315,18959,5886,4595,4999,4519
2438;4;0;2620;7846,12936,17230,10697,287,13386,12723,9077,3631
3086;3;1;6404;3926,7729,11579,18623,11463,14614,7850,9699,9177
6240;4;3;15638;10023,12086,2019,11451,15359,1260,17918,10022,13256
4236;3;1;1984;836,16783,7386,11618,5922,2579,8403,4283,15858
6173;3;0;13745;16267,14951,2003,11177,13432,4976,8836,6516,14791
8145;3;2;780;13963,7595,1865,16439,16521,1392,17964,14406,5150
5810;4;3;4191;11769,108,2926,17169,3737,1030,17776,403,8877
4999;3;2;2019;14496,7901,13448,13538,13243,10494,11336,9430,17218
8262;5;1;18782;10232,14780,4795,2642,14105,5128,11421,6754,7495
4626;4;2;1011;14729,11914,4713,14588,16602,15928,5379,147,18709
6849;4;0;12449;10385,4556,7785,4631,18751,11839,13597,17836,3484
5844;4;0;15790;8270,7821,2930,13176,2428,15313,18156,16756,18137
1499;3;1;15983;6071,7566,11059,7046,5994,2698,543,12333,714
382;4;2;17727;271,4701,4121,15918,2650,16009,16088,10378,5315
5465;3;2;16169;213,6919,10074,8413,9308,16160,8857,1805,3471
1919;3;0;1587;13881,6063,11186,11123,6514,11132,11767,16460,7986
2330;3;1;999;11720,548,12662,7133,10205,19111,9817,10030,6926
2347;4;2;16329;3544,5024,12314,8951,4919,3988,16491,10817,6172
3836;4;3;4425;11232,17383,2930,12163,4618,11120,7905,18596,5293
2417;4;3;6837;4986,7616,8817,7985,6870,7025,14293,17623,15794
5212;4;0;10139;8942,5563,6325,12916,815,15111,1347,17472,1111
9327;4;1;6952;9450,13009,12500,18010,9906,3267,11351,6432,17033
9231;3;2;1967;6272,3356,446,6914,2350,17987,13161,14320,13232
6022;5;4;14307;18387,16892,15180,8769,19038,2906,6234,7495,14624
7545;3;2;547;15235,16200,7670,4484,18002,11959,11461,495,6727
5724;4;2;9072;13715,14180,7445,9714,8758,1767,15845,15889,5281
8340;3;2;441;4117,4027,4921,16117,13313,10653,8541,14627,8847
9142;4;0;5106;13297,5904,6763,3653,9688,6832,83,19029,17907
4161;4;0;6404;12208,4008,3521,618,12944,7928,9346,10591,5311
1037;3;0;1004;18954,13810,3078,8839,15048,17203,14847,12987,17977
7665;3;2;16696;5707,2507,8960,9201,17531,8147,11199,12876,16477
8851;5;1;5182;4957,10771,11314,7814,1302,6132,6510,17769,11974
401;4;1;5022;2353,14556,12623,18102,10053,16386,2847,15408,1425
96;3;0;1255;18968,2623,12238,7649,2728,2315,1873,8269,6685
6923;3;0;18973;16838,9210,3540,11731,17293,404,5475,4890,15887
946;5;2;6933;7604,12034,9644,11976,4912,15790,4909,13940,1618
2708;4;2;13503;15238,13146,2267,1131,3888,7038,7605,2482,1107
7333;4;1;805;18865,9177,13835,2257,16995,16522,5381,7445,1011
1349;3;0;1587;2396,10005,2117,9563,14300,9064,2155,14103,10079
4460;5;1;735;6853,2542,15452,7293,7519,5427,18965,8578,12871
8923;5;2;15015;7113,4890,16692,7351,2267,5139,7262,14913,9844
5304;4;3;6136;455,7313,12339,3234,853,1556,13916,14287,104
7202;4;2;1941;147,7041,13650,77,5599,10258,2841,16073,9066
3332;4;2;1120;11910,13028,15696,2752,15479,55,14845,1611,16507
6567;3;2;408;2039,5182,17655,11161,3661,4123,13455,12878,3335
1412;4;0;18057;12867,1488,6730,18796,8954,9393,2446,14162,16999
8910;4;1;12495;5830,11319,7965,8960,16919,16936,10408,3163,8635
8495;4;2;7714;18446,10858,3285,5327,4302,17008,15881,15501,4481
6073;4;0;14047;1073,9552,7948,10362,9415,15277,6811,8287,10030
2498;4;3;2020;2232,8338,10639,17635,3714,10229,14002,8677,12663
6544;5;1;16573;13135,11690,14653,7046,9364,4673,13716,14785,1185
6605;5;4;8973;506,470,3139,2237,17114,13444,11482,7946,6590
6584;3;2;7211;9021,17163,5665,5936,8126,8467,18622,16012,15273
7815;5;3;2080;15630,8854,17777,357,2355,16334,7728,1529,16208
6578;4;3;3339;15414,5939,10554,1169,15821,9764,9881,6011,16712
5732;4;1;9645;1782,17450,13059,10415,8236,18286,6985,4170,16822
5023;3;1;378;15330,16295,8683,826,2741,9989,622,4141,13049
6483;5;4;8001;12544,5492,15672,11593,12262,11998,7125,3600,17497
5571;3;1;1190;17722,8439,6816,6926,1024,5892,12218,18833,4988
142;4;3;16306;6397,14292,8631,17656,16154,11934,820,9809,2055
4277;4;3;9198;2581,7128,13485,16060,8493,17738,16557,11625,12930
8400;3;2;465;2573,15226,4495,5712,14847,3540,6561,2031,14115
7247;4;0;2239;17182,4121,18488,1061,8855,12993,9016,9714,3940
5893;4;2;11416;11438,1036,4,15180,9419,15249,17797,9100,17140
7864;4;2;14032;5919,10576,619,9445,17138,17373,12007,17367,6796
6185;3;2;10906;5939,15821,1184,9992,18878,13967,16988,14522,14815
166;3;0;14350;2144,542,18705,9140,4826,13654,17857,1540,4265
2690;3;0;7892;7460,956,4031,5034,10360,14261,4178,11356,14101
6744;4;3;8818;12616,14983,13949,14090,13874,7123,12720,10184,13922
7488;3;0;14968;11075,6239,12996,15259,3053,3467,668,15391,4416
3262;4;1;2005;17947,7433,11948,3481,7910,2910,1286,9206,12776
4943;3;2;9982;1197,9592,3907,18044,18116,12300,15672,13983,9616
8125;3;2;6784;18720,8121,8800,5972,16619,15811,4181,11317,17394
7968;4;0;9213;11939,543,17016,3305,14386,10249,812,13608,10085
2113;4;3;11536;5428,117,10263,9373,18239,11456,3707,11227,14954
73;3;2;1233;18948,2,7021,6649,4978,9843,17913,13094,13621
4360;4;1;7874;8379,15547,12992,16458,17851,6766,17191,16983,14997
1869;4;1;19045;17311,3667,17625,2457,2612,7005,18357,16912,7589
5027;5;3;12342;14195,7708,12463,6106,15396,17505,7144,13055,12522
5414;4;2;14542;18553,10362,16657,5086,925,9011,10030,15493,11606
6462;5;2;7641;7454,13921,15759,3896,13732,8823,18060,16530,15703
7219;5;4;12544;18473,16797,12302,13362,17523,18942,8238,5151,7217
1580;4;0;2663;6310,16115,13037,10859,14156,18854,5162,11116,6719
3897;5;4;3484;7499,7768,7146,14618,16530,7083,9413,10650,13445
3920;3;2;4772;630,7692,12213,16011,15914,11770,13923,5101,2726
3368;3;1;17024;9183,9044,16483,13534,17416,11517,8956,18057,1808
4074;4;2;1021;8797,1526,14187,12086,4360,18383,2026,8939,6784
1141;4;1;17521;10613,14857,13898,5379,670,2673,16252,6148,10638
6334;4;3;1630;12236,15773,437,6381,2434,629,15780,7087,12689
7204;3;0;18602;17108,15317,6387,3748,10172,12845,17392,16236,8676
7283;5;3;18629;6525,2986,4410,9900,6033,11887,2879,3509,12218
2854;3;1;559;14519,284,10302,14422,18621,12057,6566,377,4523
5244;4;1;17084;445,16296,986,3144,8140,12081,18555,8094,9917
6558;3;2;9275;7536,7341,14837,10438,5541,6184,13208,9110,17119
936;3;2;18249;16051,6234,1198,5508,4380,1341,18569,10232,1088
5114;3;2;13453;17405,5626,1488,17633,3335,5110,14162,13447,5343
3924;4;2;3527;12668,8158,6159,3449,1614,262,8326,3945,12808
9288;3;1;1636;9237,12521,6874,6900,4809,11988,10707,11911,10338
982;5;1;726;8304,10232,17231,16567,3824,14787,2978,11939,3089
2175;3;0;7026;6932,17479,12317,10065,9684,10438,14965,15643,982
6508;4;2;378;18671,9159,12936,6783,13671,10160,9115,15126,3607
4434;4;0;2752;255,5076,1192,13510,4782,15710,6128,3625,5168
8038;5;1;10243;1309,2984,6782,12571,15290,8518,10880,11641,16690
7441;5;0;12501;6028,2354,4432,6337,17688,4040,11389,14985,16053
447;5;4;8935;13541,14759,3754,13457,14956,4952,17505,4675,4606
4781;3;1;15428;9828,12189,10375,15087,2830,15973,17797,15487,18787
3087;5;3;10281;16105,7028,13682,860,5657,3084,15412,252,9775
4087;3;2;917;9888,140,10263,8627,10178,15751,8928,3843,5002
3889;4;1;16405;5125,4360,14597,3133,3221,2207,14091,11114,14766
2197;4;1;10976;9003,16641,3569,444,2134,14441,18474,16805,13871
8993;3;2;1818;10532,8271,11612,13409,10263,9240,1789,1855,5815
7548;4;3;8121;8975,7731,16194,5063,19155,17668,8515,5772,10779
7179;4;3;18682;17286,2358,10745,9915,15021,8246,7601,12692,13483
2156;3;2;18218;18154,8434,15220,1974,3273,369,7405,16744,12837
3435;4;2;8713;10322,12453,11175,7960,18366,4373,1782,10858,18357
6210;4;3;16969;8414,18981,17450,14440,14606,1735,7241,7426,10908
4866;5;2;378;18797,7870,9987,9989,9212,3688,14593,8947,2937
2072;3;0;12074;14553,11678,10672,1615,18139,12734,8173,7658,133
2386;4;0;14284;11409,6001,3506,8640,106,7156,9801,5163,11696
1144;5;0;14882;12536,17760,313,7940,4593,1282,3955,10049,15895
9303;5;1;300;5489,3669,16532,13952,15518,3674,7406,2602,16782
4063;4;2;378;12288,17721,10485,18559,14380,3697,2919,16031,1194
7082;4;2;1375;7335,12501,9277,2915,11560,16862,384,15647,7390
886;4;1;12260;8951,3544,10817,15787,12641,3928,4498,12822,7379
364;4;3;1365;13062,294,12799,9812,2547,18,6767,1237,13189
5789;4;1;11511;1857,14934,8158,565,5239,3532,2158,12801,10977
6367;3;1;573;17714,4397,12121,5886,14454,2937,6993,16471,9159
5713;4;2;9289;18252,11559,13075,17053,9778,8681,4181,2508,14496
5068;5;0;10187;2957,12699,1933,16705,19039,8727,12867,13170,2482
7954;4;0;12219;13238,5983,10494,6798,7158,6076,10803,926,3387
5646;5;0;10142;15986,10770,18885,11720,8468,10252,4464,5294,3199
4510;4;0;50;5583,17426,7083,10650,11835,12643,8238,9067,17446
7668;3;0;12776;2005,4705,7168,300,10264,5742,7781,8647,8020
3698;4;0;2005;8383,300,348,4208,13838,7023,16191,739,6800
3063;4;1;5980;9818,8348,12628,7530,12385,8555,9098,6989,17187
7536;5;0;13582;6021,792,7846,17355,9741,18388,18412,10116,1290
3870;3;1;11232;6973,5310,12102,438,17405,4407,10250,6744,18275
1216;5;1;3059;981,8719,9257,18320,6034,1523,16044,631,2043
7766;5;1;378;6296,11105,12743,1697,39,7524,13890,8023,10153
2333;3;1;13920;17457,18090,2324,18742,10418,18986,929,6128,6770
3673;5;3;18588;12568,4956,4341,7763,4842,13228,1537,16700,369
3029;5;4;10005;18455,9736,14439,1656,3602,9563,14235,18307,16293
7919;3;0;6030;7306,3956,12571,12081,12549,14075,13333,15434,17761
1310;4;3;14998;6951,1734,15804,623,12912,17057,9251,16515,1911
9317;5;0;7768;13921,8150,18751,4961,8001,5583,17108,3836,4165
4755;5;1;14211;16128,8699,16649,18056,8249,16905,9559,11830,4644
8827;3;1;915;4112,17496,3441,665,5466,3324,1099,8500,1542
2658;5;1;10362;4768,991,12988,4434,3588,6814,16983,10407,15820
4711;3;2;9207;6244,8886,7114,13764,11800,6451,1605,915,4112
8204;3;2;18023;9860,18577,8123,14125,14421,13214,17550,15481,11838
1449;4;1;13044;13499,6961,7753,2280,10719,2461,8707,15055,15349
7233;4;3;378;18386,8340,8901,653,12326,10749,14199,12346,10747
7551;3;1;9861;9566,19104,2167,3656,12833,6453,14102,11040,687
2977;4;1;16717;13806,3693,14884,18200,11263,10546,10523,1062,16920
4085;4;0;16216;2494,15187,11782,8483,28,14309,12883,3174,16882
8950;3;2;9867;8505,9584,1157,8296,17125,4110,13444,17188,11256
1772;4;1;8869;4312,7729,9090,10453,10316,11708,14878,16707,3454
2205;5;4;378;813,16176,3021,3225,11303,6404,630,4817,19146
1568;4;3;1244;16194,7166,7186,6276,5050,2736,3221,13246,934
2586;5;4;15643;3365,13736,15802,1015,9257,14273,18928,13798,2220
5926;4;2;697;15903,12131,18010,2125,15394,15251,14780,2809,14172
6893;3;2;15940;9932,11304,12433,6873,8048,6930,17923,5403,8151
4808;3;1;14304;8384,5305,9058,15997,8480,4773,18702,18701,1113
8901;3;0;8020;16349,174,15518,6280,11137,12421,4039,8139,7340
2074;5;4;378;8158,12208,14052,3546,3043,6460,11335,14812,4547
7936;3;1;11855;12956,4572,16112,2114,6348,2793,3143,4378,10946
8518;4;2;5352;7948,4700,13948,11725,17535,6545,768,12914,18501
3893;3;0;17198;1027,6623,15796,436,3674,9417,6735,15256,9585
6732;4;0;7574;15166,4469,14596,13027,18910,10461,8193,15143,5432
2407;3;2;12868;19172,9363,4467,3993,10383,1469,3102,1779,14321
8642;5;2;15074;15985,10697,10258,4514,1451,16213,8378,1659,5822
1170;3;2;18227;5896,13595,16485,8898,3745,10647,7986,5491,16848
2080;4;2;8632;6290,17810,18830,9177,12583,15667,6762,8046,13438
1875;3;1;291;9227,335,1804,18972,10181,8017,6920,8010,856
226;3;1;628;9171,9963,6634,9825,4975,2325,14875,18095,3456
2450;3;1;2005;13449,4986,13746,9290,7023,18640,10571,9585,3481
431;4;0;6051;2856,17568,5765,14901,15019,7915,3987,14606,13669
865;4;3;890;11524,9965,10614,12536,14732,15109,10539,7446,6169
515;5;3;18715;15887,8680,10610,16909,2193,13291,2434,11614,3130
6309;3;1;9660;8355,1885,1309,18022,499,6726,18664,9259,126
193;3;0;11336;17400,9504,535,5071,7753,1553,3807,12905,15761
1201;5;0;13145;11243,14267,8366,4114,4165,12401,10274,3434,18751
4788;5;0;5365;5743,17988,340,13743,1620,11959,13565,9900,5314
3689;3;1;11480;17900,18767,98,16852,5070,5069,15131,16036,8121
8653;3;2;8104;2169,2502,15101,433,18986,11917,4169,9001,283
4116;4;0;1004;13724,15876,14097,2362,12458,18626,16362,18282,15773
1164;5;4;3495;345,14582,5997,5396,7948,4835,14838,192,2514
5425;4;3;12307;15450,15868,4094,13423,3594,16737,9832,17939,11263
2941;4;2;6460;18050,2356,8578,10160,11634,2464,3043,10015,15918
1756;4;2;12061;12455,8011,7818,2078,1678,3786,15248,16422,9966
8934;4;0;6619;6975,17726,11856,13289,16329,4805,14778,11368,16554
6639;4;1;1814;16372,875,3849,15888,7206,4148,474,10897,3405
6165;4;1;10215;5933,17184,15494,13207,2145,12691,18003,14870,10693
4977;4;3;15066;12546,16515,1519,16836,18837,15573,7527,13254,1520
237;4;1;691;8024,8165,6249,8388,8855,16454,7467,14683,12848
4835;4;0;6878;17976,12628,11937,4693,233,1051,17181,13503,17848
7380;3;1;9670;3862,9200,2938,7165,12034,10762,11881,14349,15960
3286;3;0;2005;2775,2240,300,15222,10982,7979,11528,348,7607
8891;3;2;1375;11496,811,13453,17870,11623,18254,16993,963,13733
5674;3;0;175;16653,14536,2095,8119,18658,1198,16121,12333,5992
703;3;2;4566;6733,14562,3341,6788,15489,17767,19132,16529,14847
4053;5;0;13069;4054,5927,8305,16530,13122,9059,529,7076,9982
711;4;1;2763;12263,12284,8032,17504,6993,9215,3613,87,6960
2007;4;3;18267;7462,6906,16337,802,6563,4953,15004,9768,16797
3908;3;1;6056;3,14668,15851,12694,9223,169,12257,14401,11056
2869;4;0;1427;6772,2902,13055,7525,18162,19065,4754,8941,11295
3927;5;2;15508;7564,13373,4350,13842,9143,15797,10648,5403,16761
2224;4;0;12008;14256,18372,16794,8618,8472,8851,5674,7634,14609
398;4;0;356;2377,9527,8903,8874,12699,10926,1571,14632,361
2471;3;1;15355;3777,3490,16949,17266,8715,9606,821,3430,17971
3284;4;3;2841;2257,16264,9615,15129,4141,18373,2822,10027,12805
4263;3;0;15760;11630,17556,3376,18635,18444,940,14627,18812,10974
8965;5;0;14484;10151,7042,8658,703,15993,11406,12835,11129,4057
7883;4;1;9531;8888,4143,19015,6123,4057,7827,6709,6995,4011
7872;5;3;5187;1506,11644,7253,12669,6664,15439,3351,9062,11051
6498;5;1;16385;12126,3829,10735,3017,9295,6373,13348,15098,8558
2308;3;2;16760;15251,1185,15400,10549,15545,6903,15373,4917,11059
6028;5;0;1507;18830,6480,19098,5865,13372,2826,10414,4005,11072
4892;4;1;9951;13171,15966,4407,11389,9802,6483,18951,462,7165
7157;3;2;4172;1434,5164,3612,8137,17083,4569,9068,18723,13163
2666;4;3;3693;14805,14708,18459,11657,14398,13423,16920,14375,10458
6093;3;1;9601;18267,4114,7146,11162,14373,15621,11079,17168,10530
5867;4;1;1988;2082,1593,3036,16091,1118,18273,4772,17003,9137
6520;3;2;13313;17385,11935,19017,6468,2001,15287,6298,3861,1869
7223;5;2;15558;11456,3624,13996,7653,12053,10626,17728,11782,9771
7252;4;2;3537;18710,7441,1873,15243,8910,17880,7211,15857,3708
3815;4;0;17248;2502,945,2041,18090,7237,5559,2684,14495,16771
8717;5;0;16025;1868,11831,14336,391,2823,1997,10003,18860,6004
3866;5;3;14965;15664,5030,1439,11954,2167,14442,3173,962,15389
2465;3;1;12692;16915,5628,11961,297,14789,15515,5874,6444,17311
8136;4;0;18189;1763,17141,9825,7630,13707,18479,4795,15843,14105
3297;3;1;7927;15841,1599,2223,15837,11421,13119,14174,7857,1160
3467;4;1;3441;6517,1020,10506,17378,13203,3276,15564,6437,18631
831;5;3;6294;421,7621,2709,5403,527,16266,7314,11270,13793
2071;4;0;5320;2861,3496,9573,17579,2157,943,17789,9343,10793
7442;5;3;12610;3978,3013,4268,6785,14151,10697,4939,15208,10656
8879;4;3;6790;10365,340,17191,5536,11667,18501,389,7945,12992
4098;4;0;5627;15723,1015,18928,11954,2640,15969,7909,5775,17773
7462;4;0;972;17119,409,6946,14774,2272,12370,3411,7619,2390
5976;3;0;2481;17931,4195,17173,4536,10635,9986,6940,5246,15433
2587;3;0;1317;1815,5615,19124,14456,7719,10313,8694,11028,5185
8963;5;4;12955;6948,5228,2358,7198,12809,16097,3095,6084,3857
805;3;2;162;13599,4802,13059,13058,14662,14631,12267,4180,17716
1468;4;2;10782;15846,151,10748,17592,14208,18092,7842,7484,4881
1946;3;0;2551;7205,16641,1219,2915,4334,11892,17771,15950,7100
882;4;1;6080;3998,14204,16121,5982,14405,11651,18551,16499,5841
7490;3;1;13716;9419,235,15532,2887,16311,17231,12131,15597,7857
9243;4;3;342;18199,6767,7002,3359,1365,12799,2547,698,10176
2411;3;2;12707;12762,9350,12787,14863,7751,16143,8422,11396,15090
647;3;1;6000;10173,620,18517,6991,10735,18080,18301,3380,14122
7942;4;0;6947;2720,17122,9664,5616,1102,12934,7242,8166,3579
3995;4;2;14358;7719,5933,12788,1326,11140,10693,1997,14958,12719
4873;5;0;16410;2182,7292,17311,10715,17550,4939,14691,17637,1777
4698;3;1;12998;11302,12355,5251,12376,8058,3100,5388,12371,959
5676;4;2;10500;6476,15790,12473,15779,12021,12689,4505,14340,14967
7887;4;0;13133;216,9096,15228,5810,18594,14890,7160,16417,15461
2174;3;2;16352;5843,12833,8598,13431,1007,2405,16044,19008,11396
8424;4;2;3218;9430,14996,2296,3009,11468,5220,14114,7830,6193
2321;5;1;18294;14898,13179,12905,1640,19092,3201,8147,7983,7395
5010;4;2;18752;2165,8493,11616,7223,19043,13994,8180,10099,4723
9250;5;4;11880;15888,3,3548,6050,7157,17872,13556,17930,11721
7153;4;2;2787;16774,3674,9118,21,17861,18083,3010,6735,1027
5941;3;2;7700;4849,14204,15983,7822,13120,3984,12550,6478,17080
8001;4;2;5537;5560,12081,15484,18990,3583,7382,15568,7760,3256
9309;3;0;11587;1376,10053,13302,10796,13465,19161,14668,11342,11903
7558;3;2;3935;4846,17823,14813,2737,9085,13901,11604,19041,11375
3615;4;1;1656;12510,9112,9736,2711,8512,15437,5332,10496,12637
4210;4;3;14318;11422,16738,18929,10216,13966,1474,12124,18335,15392
4579;3;0;4246;433,18297,1875,15769,18986,4617,2626,5056,14845
4088;4;2;10258;4881,1714,14193,4226,10461,14238,13331,6979,18472
7371;3;1;9727;13648,8591,2265,10849,17870,9986,5555,8358,4195
5123;5;1;356;10275,9579,17116,6890,3126,8516,7733,17914,946
7199;3;2;1677;2017,8087,67,4195,5170,11120,6577,4890,12628
3111;4;2;378;2165,18471,11866,17221,1936,5196,8092,14802,15104
6897;4;0;5973;5192,5586,17222,10468,12074,14900,1615,8056,2297
2043;4;1;9006;716,8529,7997,14785,6478,11994,1763,16148,9460
3700;5;1;16143;7619,2580,1075,11870,14863,15389,4725,413,8989
5618;3;1;1;14912,10129,16840,10209,18163,16856,11174,11012,904
3204;5;4;378;11074,16557,3332,16252,14890,12854,1458,6781,6969
7747;5;3;1059;7526,3074,9281,15220,15731,7977,1547,6949,4048
709;4;0;16390;1202,16721,12799,9812,2547,3359,657,1203,647
8244;3;2;19104;8642,15718,17520,1788,3347,3059,15224,2073,11396
1798;5;4;13396;4940,9864,6089,2786,875,12729,474,17747,16962
1941;3;0;1587;2085,9873,4440,1029,11393,10568,6149,393,4204
6535;5;3;15913;16416,14634,16229,16799,9832,13806,5838,9076,12307
6504;3;2;13187;4519,17504,18246,11833,15280,17362,12414,7846,15248
4218;4;3;2064;11467,10797,7999,9904,3397,4729,5442,8058,9241
3460;4;1;13775;14813,13134,6618,13417,10073,7961,2268,10444,9879
6627;4;2;10719;6196,19152,801,8359,455,10788,5830,2296,17951
8496;3;0;17959;148,16439,14828,1392,15186,9602,17178,9311,13832
8813;4;2;18412;8182,15074,2770,10001,5158,14897,5315,13850,13650
8122;3;1;2005;7985,17701,3286,16279,17929,11965,12708,17292,4442
7765;4;1;17279;9152,7850,10872,7711,12950,10153,16438,1172,18797
7125;4;2;12846;17754,8529,18182,9596,16873,3998,1850,3456,16137
7042;4;2;9281;969,12425,8665,11644,10702,5488,6273,2015,2483
9197;3;1;17619;8218,713,6489,2691,18148,2338,643,11481,15135
8143;3;0;1004;13206,14999,15371,14349,5113,18598,17976,13745,14435
2340;5;0;18761;2739,17557,12304,7695,4329,10092,15948,10609,11963
2982;4;0;12158;18461,2779,11035,13721,11101,3874,1360,4632,11860
6031;3;1;1779;8540,8691,1017,10383,6684,699,6305,5106,866
7543;4;1;12807;10791,16622,10790,3078,12040,14359,15994,15789,17383
1943;5;2;9419;7628,11438,10463,2110,4708,8442,2251,15487,16573
2123;5;4;11359;12201,4806,17317,18415,6694,13847,11371,9871,6625
6648;3;0;2335;13364,19018,7899,3075,6111,12981,9344,16750,895
6246;3;2;2044;7178,3166,15141,16193,6446,13222,3124,1287,16545
8427;4;0;3715;1307,8914,141,17492,14498,18925,11106,9106,5401
4760;4;2;15876;15250,8914,1931,6878,6771,17630,9151,8929,4079
463;3;2;14720;12131,11125,13392,2308,18095,2809,11871,15012,8171
7976;5;4;6321;9502,6596,7445,4775,1514,18732,6602,8023,12525
4926;5;3;378;13828,8281,14889,13255,2149,367,1410,16088,18236
9009;3;2;12296;10860,9065,8877,9020,16405,9055,14798,17493,4228
3311;3;2;18731;9747,7117,18594,12245,18637,4009,2004,3670,12777
8168;4;1;9038;6333,7375,10822,15252,9947,4377,347,1854,8392
1808;5;0;7254;10583,19160,13670,1116,3576,13943,9342,8454,17789
8614;4;0;2272;17398,13523,1567,2640,631,12502,14084,10634,16708
8974;4;0;7826;15176,7692,8130,7071,2799,5287,10453,10827,4064
7687;3;2;15478;7509,10167,8413,14408,586,12130,15336,2407,19069
4217;4;3;10764;12418,18495,14619,18751,5347,11058,2831,12929,3629
4996;5;2;4872;11320,4279,11493,6563,12478,7644,4415,15413,10398
2307;4;1;11783;18926,6188,397,5511,10137,14533,16837,4268,15440
1018;4;2;2947;11669,16580,178,10146,9797,11044,12408,15770,7312
7114;4;2;4671;5416,2781,2995,8297,15761,9049,13179,1042,6785
7029;5;3;4832;14146,4464,18351,900,19093,5631,12118,17270,463
768;3;2;18710;3382,2728,17809,9493,10876,3537,17880,8269,18968
1040;4;1;14989;3333,5351,7456,8707,14187,2280,19101,13781,8036
3340;5;3;10594;9945,7850,8549,12587,2174,13127,11738,4866,2883
4431;3;2;3341;17113,10762,11974,5613,895,3060,12435,462,18847
7931;4;1;16900;13114,14898,14917,12720,6281,16611,6591,2100,17384
2794;4;1;8753;3491,8384,11214,15217,7873,3004,8489,18384,15046
9247;3;1;12156;9068,9690,11751,18113,3793,3126,17363,17173,11937
1023;5;1;15548;14206,9675,8092,17504,3728,5826,16673,15082,5202
3612;3;0;2251;2880,6928,15487,6756,9231,74,14414,2491,4206
127;4;3;5789;14458,2223,16574,18032,1228,4470,4444,16201,9015
2937;4;0;1911;2386,17770,4823,1,11399,3409,6508,12915,7104
8661;4;1;1250;11932,7014,6898,6010,18959,18412,3769,17308,6216
1807;5;0;19077;3773,17530,13026,7679,13966,4506,17478,1195,14603
5287;4;0;12905;15377,3147,3333,16638,18961,9142,385,10174,2561
7192;3;1;1421;6919,14408,12405,2427,16519,5290,12806,15195,15478
6495;3;0;7920;2170,11053,5406,15170,524,8876,7844,5053,10879
7878;3;0;1777;7210,14627,7727,10858,9324,13567,6383,17652,2647
282;4;0;2128;13834,3646,15499,10467,8664,8680,10275,17196,2031
689;3;0;234;13956,13346,13504,5201,843,14845,6898,8245,17338
4347;5;3;17114;8505,11938,14566,2662,11108,7137,13446,12233,1479
9323;3;1;13920;1491,15101,11100,13336,3403,2169,10736,1208,17711
7444;5;2;7410;3732,19049,2084,15382,6738,17005,3277,458,13107
4844;4;0;9054;15668,14770,12457,611,2875,11354,14458,18787,8690
1679;5;1;8954;13364,8967,2265,2656,3078,14483,16804,13762,2927
3402;4;1;8343;3245,13813,14933,16374,17673,9613,4915,15067,13255
4998;5;4;424;14929,5000,14361,18793,6882,14241,17989,9432,18572
6791;4;0;11629;7755,3230,1199,2990,60,1119,8810,4375,7528
7110;4;1;3223;19116,16906,6436,3323,3129,7459,4991,13502,5264
3990;3;2;1846;9231,14244,8002,5128,2803,11457,8247,6952,9450
2249;5;4;6948;10715,1481,17716,14908,8844,15594,16115,10968,5802
9195;5;4;10197;11148,17388,17982,11547,5794,9647,2156,16251,14245
4238;4;0;16389;11495,3434,18302,15173,10028,18540,6180,7557,286
3509;4;1;7867;12951,16158,2407,4478,2836,3559,2427,2447,1783
2195;4;2;18783;4182,8923,1795,1113,6256,16582,13383,13355,7567
5398;3;1;1490;14532,2735,6045,3394,11191,4525,11295,13168,4467
6515;5;0;4217;13779,5863,7587,15883,17345,8278,3602,17988,6552
2401;4;0;3136;8061,14315,12362,14352,5078,14453,1502,16689,6359
3959;4;0;5052;17942,412,13599,15953,14789,9536,8997,4107,18932
582;3;0;10295;5893,9295,13109,5354,12918,1627,12861,10366,7422
2362;3;2;803;1719,11250,2926,5013,32,15814,456,106,9646
6817;3;0;430;1067,3595,1671,5425,8596,1487,12465,8436,11179
2986;3;1;3382;16478,10595,2214,1253,9021,5083,3537,9493,2952
4203;4;1;2901;6168,13392,15266,18300,15837,18479,14251,1589,9756
4815;3;2;13163;14347,1568,11679,18349,4118,8994,19014,2025,15283
1898;4;2;15899;16757,14590,9803,1734,3611,17291,15214,1554,5983
1622;5;0;1214;9756,18248,2667,10579,9825,8100,4362,6839,8119
3762;3;1;7408;11587,7608,1381,1566,804,17026,16883,15033,8546
2419;4;2;16260;8975,6291,11823,4228,14326,3290,16206,13735,8818
4100;4;0;14341;12101,17068,7834,10928,30,7584,7657,11848,15935
2700;4;1;7796;17694,14092,18460,1814,9564,1626,12729,11922,12471
5349;5;1;1572;19139,11694,3277,13785,8876,9866,2096,3605,8356
2987;5;0;17145;10308,5206,13546,11341,17661,15305,3618,16968,15249
532;5;4;10845;9004,11189,17904,14598,17137,3120,4002,10576,13768
6765;5;2;12366;3131,5239,17875,12583,92,688,5800,1714,8113
3819;3;0;5095;17969,14534,10769,1805,1871,5140,4091,1882,3013
491;3;0;3861;407,16117,3417,15927,370,3970,11175,7847,11879
4419;4;3;9404;2919,11714,3023,119,10191,8791,3607,4147,10778
1689;3;0;16528;7437,1314,17095,8169,9888,1270,4590,9462,4160
2379;5;4;628;16322,15668,5126,18249,9294,1198,15487,716,1186
3001;4;3;4664;1267,1877,5137,9605,13823,14062,17666,3137,16242
658;5;2;2813;16337,4860,4295,8305,230,12526,12851,11058,18515
3727;4;2;1288;16158,8828,17260,2321,10779,2299,12385,3504,11891
7089;3;1;5702;18166,11468,11245,11409,18252,5772,5188,11114,17576
4912;4;0;2279;11908,15572,16662,865,15914,1139,4152,11598,1356
2551;4;1;11295;3787,6362,14082,2148,14759,3102,18162,1017,19074
7866;4;3;16258;4114,16130,12676,15600,6848,5804,11509,11387,16783
2370;4;3;1541;18501,15060,11168,12497,3216,18670,15207,1364,9552
1929;4;0;11835;15910,13406,1842,6755,11998,4637,16236,13544,5359
9333;4;1;15665;2778,17450,3251,7522,7426,11619,12384,10978,10715
5263;5;2;17139;2603,11719,11544,12087,1644,18200,14634,3897,5838
1595;4;1;2089;947,2316,4904,8665,10510,6609,15795,12973,3603
2758;4;0;3278;17487,18484,13920,5905,3625,5779,11504,18169,8181
7485;5;3;16506;8835,3764,12721,16065,8015,14174,7209,4362,10513
7377;5;0;4590;10097,18675,1298,11803,15032,2494,16064,11201,6087
5705;3;2;11393;15742,17703,1053,19170,10963,6063,16485,13566,12375
8960;4;3;6216;14341,12321,11298,13252,7442,10792,16580,14199,2820
319;5;4;19093;18906,17004,3275,3522,2166,11226,10564,9552,15326
585;5;3;10845;4026,7322,15910,7790,14441,17373,18402,13362,2813
2420;4;3;9316;1326,5608,6012,9996,15077,4314,18770,10946,14330
2660;4;2;1932;13416,7656,13278,5442,3504,7761,5174,17936,17258
5542;5;2;14884;7353,9678,4741,12190,19044,15772,3693,3486,3897
5944;4;1;7698;4281,18472,178,6635,15473,16581,7928,13895,12604
951;5;2;9051;12012,16983,8779,7327,14533,15852,17328,10142,3553
5923;3;2;112;6872,2990,18148,3230,4375,17498,11955,8220,2221
528;3;2;18378;2408,16763,16834,8089,2161,800,1795,5988,18102
7112;4;1;4654;975,4395,18542,7748,17897,15007,10336,10066,9557
7743;3;2;6810;12009,15481,15128,9273,17286,2001,3052,18577,11116
7660;5;4;1045;6356,1017,4383,13153,4754,6362,1180,13297,1331
