67 7130 7782 5216 7832 1454
156 3753 8265
205 7865 7481 6738
227 3606 2827 4615 5302
296 6164 1324
300 9213 763 8342 268 519 8314 6832 1482
310 5453 2881 6987
341 9101 1184
475 8849 5022 6548
502 5849 51
541 6460 8548 6629 8464
637 6361 7262
718 3381 6336
735 9101 3493
788 5022 8775 7106
796 2078 6596 8984
798 3463 611 5224
880 7462 7846
904 9317 188
948 705 4316
965 1358 4298
989 8033 5255
1009 794 3105 5619
1070 4831 6245
1071 384 694
1183 6336 1953
1185 3493 8485
1350 393 2000 7823
1402 974 2170
1513 5738 8314
1520 8493 359
1552 1872 5590 2256 4745 4466 7938 1029 2303 3165 4464 5376
1593 1119 8464 2838 3534
1632 9176 6117
1678 3489 4298
1846 343 1181
1921 6457 8236
1934 4231 2226
1982 226 8217
2002 2030 2350 3678 4196
2026 3102 528
2042 8678 8099 906
2051 6198 312 6375 5280
2069 1656 5852
2122 2294 8209 5590 1649 8910 840 4507 7577 8089 5196 6621 1073 1119 6114 2656
2138 7228 952
2149 675 5121
2159 6113 831
2202 5280 1029
2227 4691 6006 8464 2984 1330
2242 7329 5590
2263 4556 8590
2285 4792 6735
2415 1868 4298 8321
2438 4691 931
2533 1651 8548
2572 3431 3694
2603 2984 5331 9176
2646 2881 6933 226
2788 3395 1842 2874
2896 6413 1683 7609
2914 9198 2463
2932 2827 7047 5356
2960 2425 2241
2984 5171 4372
3068 4662 6007 4691 6067 6282 9118
3128 7298 5682
3172 4196 675
3247 5329 6375 8019 1651 1722 6006
3342 6485 2078
3461 8590 7577
3473 2350 6987 7742 965 4187
3535 1426 4498
3644 3000 5171
3668 5357 186
3891 226 3057
3926 5356 7577
3939 6288 1941
3946 5740 5033 562 4530
4090 3602 5356
4095 610 7820 7800 4951
4139 8413 890 3752 4498 3292 4983
4145 9016 8860
4152 1953 6035
4185 5682 8321
4310 4806 2984 3381 9118
4342 3472 6023 8812 8493
4422 9292 3352
4442 6480 7130 7298 7604 3105 4126
4460 7581 3431
4473 6336 1953
4479 1010 3120
4500 8638 3272
4592 7481 7928
4632 5495 4988
4654 9262 6009
4679 2278 3840
4694 6117 5356
4710 1073 4876
4793 3124 8443
4917 2308 5022
4939 3148 2226 6007 5171 3590 5032
4996 6288 6375
5026 2065 2812
5098 4152 8664
5180 5024 5171
5257 1018 5171
5285 1514 917
5309 3590 5022
5310 1347 7577 3493 3893 5171
5362 5693 3307
5463 9049 489
5469 6244 1955 7832 4996
5481 3233 2350 475 3678
5516 2838 8191 2123
5543 5245 6375
5565 7581 2357 3257
5598 5356 4607
5622 8590 4046 7228
5623 4783 5200 1651
5642 2308 8103
5762 1930 1138 4489
5774 5245 909 4702 6818 1917 4793 6336 1146 9253 437 2969 7341 1018 7570 5357 1889 8219 6840 4277 4800 4408 1158
5813 2400 2984
5863 4940 1968 3194 4797
5866 7609 9156
5877 1324 4618
5903 6740 8493 2328 8678
5924 5083 5438
5951 7823 183
5988 8413 8606
5993 5593 6558
6031 3602 4174
6037 8113 3772 7609 359
6049 7732 4067 2815
6052 5331 8681
6069 965 110
6144 4797 9024 3363 4806 2510 8637 7522 222 9270 7183
6291 5022 9052
6473 5332 8818
6555 2535 2746
6741 1468 9185
6745 7800 1968 1932 638
6832 315 969 1110 3176
6872 3226 488 969 9292 5162
6902 5945 6635
6923 395 2510
7003 5723 126
7044 6751 6432
7149 7980 8033
7156 7444 3893
7170 1930 9372 2154
7292 4212 7801
7385 6612 222 799
7453 8821 1680 9174 4940 6480 8550 1416 8765
7538 3216 7737
7547 4231 8681
7644 4217 6671 2328
7668 3111 7980 7467 8965 8360 965
7778 4294 7581 421 2746
7857 965 807
7922 3493 3477
7964 4217 1468
8018 3935 5376
8032 5288 7580
8038 820 5763
8065 2304 6581
8073 8464 4691 5738 4615
8174 8682 835
8228 5529 6596
8279 1217 831
8308 7505 3107 2350
8392 4806 7481
8463 5086 1482
8531 3678 6375
8558 6920 585
8599 4808 6063 9185
8701 3544 1267 8314 1324
8713 6994 6987 1029
8751 1238 1174 4456 393
8788 4806 114 7717
8928 1132 7781
9052 4996 2984
9062 4794 6573
9178 1277 7899
9188 2642 5497 4618 2180 8617
9192 6378 3077
9208 421 5438 5538 8965 9338 4803
9427 8091 2003
9442 1547 7238 1454 8860
9483 7430 2578 3216 3025 4307 4691
9496 3461 2231 226
9627 2498 8179
9645 7609 3431
9769 805 8321 1872 814 6313 5933
9785 3935 6935
9828 344 2890 4172 2278 2720
9838 2550 3447
9900 3292 6779 4263
9978 8098 7406
10030 5376 835
10104 3432 3271
10130 969 1114
10222 2110 3752 4304 2822
10310 7514 4172 6922
10319 6408 688 8716
10378 9213 1184 2636 6671 5202
10426 3845 4407 8806 3708
10501 2506 4983 3216 4252
10572 1787 4638 2294 3488 849 3165 7581 1650 7735 3622 8443
10628 2984 928 2122
10655 8240 4615
10679 1630 87
10714 1722 226
10798 152 1722 5081 1337 4928
10815 1035 4298
10912 313 7426 7973
10964 4263 3893
10992 3351 475 8321 6336
11126 5171 6485
11160 1311 1114 7511
11180 8464 4965 5022
11191 8661 3317 4691
11345 288 2984
11348 6933 5086 3556
11371 6170 7430 6728
11422 8714 50 186 7577
11449 3981 3556
11454 6390 1979 1018
11474 4272 3292
11573 6113 7206 8316 3398 1504
11584 2449 1953 9024 375
11605 4701 6390 7581 7154 7043 223 2314
11790 6671 1035 1371 5032
11819 3233 7747 3234 7830
11822 1030 6609 4160
11828 567 8321
11838 4691 7651 3124
11857 2463 7411
11858 4592 2855 4721
11859 469 2379 835
11933 4691 6548 6512
11975 4806 1461 2984 6202
11988 6635 8033 4962
12043 2984 707 8724
12176 952 1018
12230 1073 4691
12236 359 1243
12253 4466 3233 7577
12320 2855 5157
12352 4554 1318
12369 8969 7832
12380 418 3987 1461
12413 2805 8379
12474 5082 917
12503 6668 6022
12740 7228 3233 7646 4196 665
12754 3216 2984
12830 4318 4691
12859 1889 3423 728 952
12900 7923 6240 1959 188
12939 6423 4774
13186 6588 6596
13212 9253 226
13223 3893 8775
13270 155 6987 8681
13296 8548 7580 188 7622 8765
13302 2166 7577 5224
13313 1000 6128
13320 6758 3370
13326 8482 9292
13328 8236 585 5015
13434 8444 2065
13504 3848 4196
13545 5032 5438
13665 1114 18 4283
13675 6581 7043 3819 1358
13718 5086 7846 7823 8765 7622
13724 7781 152 4104 4263 8659 5393
13838 917 1029 6356 4290 6671 6605
13844 7859 5086
13852 4096 8819
13914 6933 8178
13949 2822 8961 6964 4217 5143 1015
13984 6615 3752
14012 1811 1115
14016 9176 5331
14138 2984 6932
14140 3556 2578 5356
14181 7622 6595 7072 6009
14227 8775 6284
14232 4226 7622 9213
14305 6423 2350
14325 5245 6264
14338 3435 8321
14341 1243 2976
14374 6690 965
14382 1026 5181
14391 1859 5033
14448 1491 6629 2791
14506 6884 5425
14669 313 188
14932 906 5393
14944 5181 5675 3423 168 5738 7043 504
14945 5510 7430 7210 7433
14959 2247 6996 2294
14984 6093 6133 2540
15063 3973 3102
15093 7035 5438 5356 7737 2752
15146 3061 1752
15196 1716 831 6944 6733 1722 3271 8178 8953
15333 8541 1651
15349 8775 1941 6263
15377 3678 528
15512 2325 1114
15519 489 974
15571 6987 5784 2984
15594 9065 5935
15643 2984 3216 703
15665 8236 7891 4582
15675 1312 4801
15704 4298 4639 6164 4691
15726 1018 8984 1738
15855 3431 2984 2172
15970 7523 4372
16017 3461 4752 2827
16022 3165 8443
16151 5981 3207
16206 2298 7158
16253 5024 835 2226
16260 1060 761 8033
16397 7735 7381 7757 3678 6933
16412 3143 7507
16415 8036 494
16473 3683 3451
16484 6390 1358 8484
16505 8706 7692 3216 6375 2166 188
16523 4271 9157
16562 4517 1237 7228
16565 4806 3725 1379 7027
16575 5590 4126
16642 1720 8003
16697 1953 766
16701 4231 4139
16711 2838 7835
16953 7923 6569
16966 827 7530
17005 9292 489
17062 4494 8548
17212 8464 2827
17257 7210 5430
17305 3292 9101
17345 7396 3176 8997
17348 2874 5356 9185
17355 5306 8321 6170 2110 9187 1508 965 5143 3243
17428 226 1547 5356 6423
17446 6609 1073
17478 7800 5143
17489 2085 4554 8803
17491 1533 2035
17492 2620 1088
17493 1959 3234 7661 958 965 6129 2636 9176 9081 5816 4263 2085
17535 296 3102
17538 1411 189 6933 3298 6916
17547 4425 7253 5171 5024 4124
17598 6569 1482 4939 703 7639 2984 8541 2909 2678 3270
17656 5376 4208
17657 747 7005
17697 7226 8730
17717 2964 5280 3007 7027 5778 378 5171 3234 5941 2226 3748 186
17735 3207 375
17751 3670 7631
17894 1387 8321
17910 1236 9101 2890
17932 726 5495 2836
18018 2350 375
18045 5393 6987
18147 2781 3680
18182 5778 4691
18264 728 4994 9286 4806 1347 5331 4135 1114 1547 5497 6846
18420 7865 2036
18434 3000 7737 4172
18475 5800 1790
18529 2254 6537
18537 4691 4806
18609 8775 5022 8659 2350
18656 2825 857 2540
18775 5675 5156 448 2598 8172
18806 6733 4268
18818 7575 1074
18846 5302 4691
18849 4792 5521
18855 8706 6732
18949 8589 6933 1681 3233
18965 9304 2984 6808 5356 2350 8464
19062 3752 6671 8775 4263 448 2069
19079 1719 8993 3547
19138 3772 3207
19156 6822 2874
19164 3547 6933
19190 1371 6413
19205 6028 3061 2625 5510 1442 3893 4691 2914 4754 2683 3633 5794
19207 1164 8671 2050
19348 1651 3071 339 2530 979
19397 7015 6302 4160
19562 4395 1968
19675 3556 7409 2449
19686 3743 2890
19711 339 7764
19831 5513 2873
19945 5778 7481 2157 6274
20084 927 7781
20233 1651 6672 6746 339 2025
20239 6483 1199
20252 2977 4503 152 5870 3602 2698 7668 6313
20253 634 1941
20264 6375 222
20275 7742 4955
20276 6987 1273 4554
20295 4965 5032 448
20320 7245 4806
20323 2350 1026 8671 8775
20371 8493 4411
20391 3998 7210 3778 3233
20446 8464 8606 1738 6246 1030 6964 6063
20479 3987 4196 2598 8321 1461
20520 6432 6629 2791
20529 5392 2713
20603 3431 5478 8493
20623 1113 763
20632 9101 4517
20635 7577 1330 7241 9228 7943 8179 3075 3561
20656 3973 686 628 5776 4631 5022 6288 9061 2254
20665 7942 1482
20837 6706 8321
20919 1547 5513
21002 2075 2376 51
21003 4670 214 6009
21014 2843 3105 3393
21027 7577 4263 4806 928 2964 4066
21080 2289 3233
21249 1029 188
21261 5171 4806
21389 6554 7655
21404 2984 469
21461 5543 6288
21522 7824 4141
21561 6933 3107 7319
21780 5921 2085
21797 3226 94
21837 5738 4298 6127
21854 6987 5356
21896 1461 1720
21912 6955 152 7059 7801
22016 5356 8606
22021 9176 2746 6067
22130 7580 4080 1223 4592
22141 9116 7636
22152 2350 7735
22262 6933 4965
22266 906 2166
22311 9292 8901 9270
22317 5783 333 5194
22335 7430 2043
22367 9338 2984
22405 3852 2350
22418 2246 5513 3602 4249
22442 4806 1293
22529 222 3395 1849 5693 9304 4806
22545 868 7286
22607 2984 51
22624 3765 7426 6933 811
22645 4687 7923
22712 1017 9292
22744 7943 4265 6987
22768 3823 8403 9049 339
22788 1547 2984
22852 2245 5521 8186
22864 9213 8775 4965
22936 8911 7832 2698
22938 517 5325
22989 7832 1311
22990 4610 4934
23008 4806 180 5331 3586
23011 9306 2678 6609
23022 7735 5118 448 6138
23055 7523 638 1653
23074 5628 6847
23126 694 6671
23145 2350 4691
23147 5171 928
23166 5843 6288 8568
23252 7830 1454 733 1482 6413 3143 4061 4298
23397 6662 7163 7507 1442 7299 7832 5119 9101
23455 270 5738
23464 3292 3493
23511 470 1408 4042 1845 375
23572 3849 5921
23575 5032 6933
23580 8115 5587
23636 6539 220
23645 2843 1547
23677 8659 1026 6612 375
23683 278 6696
23908 4806 5376 9304
23951 8780 1631 421
23986 5980 3678 8521
24054 5376 6248 7425 5331 2746
24121 1018 9293 4806 5693 2314
24165 7692 3891 375 2205
24191 7514 7737 4360 4444
24206 3891 5032 2350 1636 6288
24250 7467 8091 8780
24414 7155 4425
24424 2085 1408 3684
24432 4139 3059 8637
24481 5174 7920 4811
24488 3381 2985 4806
24498 1277 1119
24501 1953 1744
24552 103 4217 7577 7899
24585 2562 7742 4806
24606 3880 5022
24618 968 1073 4873 6356
24660 2934 2596
24672 5245 594 3231
24674 87 8901
24680 1608 1347 4466
24733 3823 4056 7095
24746 5249 8568
24751 7467 4000
24776 222 3431 5510
24806 2984 6840
24829 504 8775 8659 1015
24832 5516 8184
24878 3602 6596
24964 4126 9292
24966 6911 7655 7860 6596 656
24979 7802 7755 1872
25081 2812 5515
25300 2812 1651
25320 9228 6671 3431
25331 6987 4951 4702 3143
25396 8965 4263
25442 1547 1842
25494 3143 2289
25504 9157 8850
25573 5072 3163 3946
25585 4150 2992
25603 1987 3556
25618 3576 8292
25621 1781 9118
25674 3207 1547
25675 1528 7425 9101 2616
25753 7577 5635 9101 5273 6652 927 3864 7210 5578 2258 6395 3874 2325 2035 5778 6235 9170 7699 2984 2152 5738 6224 7526 188 3561 843 2154 1547 1889
25761 5633 2839
25865 6007 3292
25871 1790 1891 3165 4212
25969 7980 3344 1125 4214
26017 4965 1371 186
26019 8321 7481 1277 6425
26154 5032 7577
26159 2984 5538
26250 520 4631 2691 6244 7801 8464
26365 4806 465
26372 7396 226
26394 9238 4939
26407 6342 4180 770 2911
26442 3493 4806 7396
26455 375 2874 7523 2984
26468 5896 6433 469 1148 2085 8902 1650 5086 8122 802 9342
26538 1737 3307 4249
26577 2303 2864 826 1508
26604 375 965
26612 3107 2678 2123 2317
26703 3431 4691 4806 7609 6375
26749 7899 7980 4340
26877 3897 6987
26887 3586 2984 6067 1930
27184 1199 1073 2000
27231 1330 7801
27301 359 6612
27437 2101 2025
27452 7505 7646
27493 2878 8321 8194
27519 5356 9253 703
27520 7735 3233
27521 87 4691 6205 5302 9017 6756 7043 7943
27524 4694 3731 4231 8264
27553 226 828 4354 46 2822 6432 5329
27557 4965 7717
27639 2652 4283
27655 3226 470 4829 9337
27678 965 4721
27711 4336 8355
27736 5702 87
27783 2042 2952
27812 5126 1277
27828 7832 7959 3292
27850 928 1930
27857 6933 2350
27909 155 1114
27958 5202 5032 5022
27964 4054 2350
27968 4565 2678
27972 8379 6423
28051 4673 1953
28107 8464 4554
28112 8321 90
28139 2246 4691
28177 6273 4361 4502 8183
28193 7298 3105 7441 2075 1722 9273 2003 7735
28197 4806 8333
28206 5255 6147
28235 4126 3586 1330
28264 7306 833 2805 2843
28284 8321 965 6345 2003 634
28285 8564 3087
28320 8548 4287 9049
28331 1653 2873 51
28357 4287 1968
28393 3602 2294
28439 766 1070
28467 2350 4681
28475 8115 3493 3491
28494 2350 6933 2172
28510 8493 4511 5675 5088
28517 8596 7980 1331 95 8109 8294
28541 94 3556
28597 6671 3893 5356
28672 7361 4592
28673 4691 7580
28675 3543 2243 5402
28746 2984 2254 103 831
28801 4691 8795
28818 2541 927
28896 7027 4408
28930 5356 469 5521
28943 7468 7210
29009 5331 9101
29121 8493 6117
29144 801 7198
29197 1331 7712 5458
29236 465 2636
29243 7832 4577 4830 3102 1904 6933
29260 126 1941
29266 8780 7550 3237
29294 5366 3626
29365 3378 8960
29384 4090 1953 7800
29419 2746 4701 2503 4806
29437 2443 906 6067
29550 3633 51 3606 8462
29563 4801 5022 2231 5224 7893 4465 8965 8314 2984 6944 8775
29574 5356 5675 7737
29636 5538 2609
29639 2678 5200
29656 8033 5001
29683 6165 7106
29741 1651 2271
29758 2308 2196
29765 6596 6751
29868 4298 8914 835 3493 6671 5649 898 3556 9318 1653
29898 2414 1968
29957 7251 6987 4806
29976 3120 3414
29995 5156 9368 5822 9101
29997 8635 2314 2984 5331 9306
30036 2827 2984 2154
30127 890 935
30129 974 7339
30159 226 2764
30312 4196 9279
30313 7121 2226 4271 8820
30321 126 4217
30324 151 1755
30384 2984 8314
30401 4407 361 7577 2984
30448 1277 3493 6671 6720 1182
30458 3475 1132
30474 3949 7742
30589 4806 6671
30591 5032 2350
30624 8659 2976
30650 7298 9316
30710 6288 6933
30733 9213 3023 2173
30778 81 8548
30798 2401 7835
30802 8033 8321
30850 103 8464 5557
30925 3234 4554
30936 2328 6706
30952 8399 2746
31001 1821 152
31053 6996 5557
31070 4939 3431 4466 5143 5024 7864 2349 4238 5376 8091 5705
31147 8902 3175
31163 7481 1634
31287 1030 1141 8321
31335 3663 5921 931 3314
31347 1953 5136
31382 8541 7800 1919
31383 3684 857
31387 2322 7735
31462 877 5727 226 3292 4965 7959 9020 2278
31489 6751 2350 2931
31522 4259 857 3897 8875 951 1387 4615 2294
31526 7499 3165
31528 7580 4196
31534 3561 4965 5513
31558 39 860
31574 5020 6756
31603 2231 952
31660 1547 3400
31677 6413 1953
31680 2695 8995 5510
31684 6832 9101 3229
31780 1569 5245 8240
31819 3590 7409 1675 6147
31856 375 2435 6138 103 879 2196
31939 8240 4574
31958 395 9334 4140 2045 906 6944 528
31976 2414 489 8541
31978 4264 2678
31983 4139 1366
32094 857 1356 7581 8548
32124 361 789
32145 4466 4554
32148 1974 1945
32228 7581 3233 7228
32246 3445 1029
32259 5510 2241 2350
32318 4408 2589
32512 5083 1608 1720 928 7871
32515 3488 5472 7672 2872
32565 5302 7832 188 4263
32693 4694 7946 5908
32855 5086 9101 3602 5430 448 4806
32884 2954 7800 339 489
32966 811 7309
33005 6042 6616
33277 2620 3904
33334 2636 923
33343 7312 3105
33350 3950 934 3899 9341 9286 7959 5557
33566 8042 2746 7581
33598 1847 2463
33649 1651 6094
33688 5119 4891
33713 3292 9187 3852 8996 8606
33782 6746 2172
33795 9371 3463
33884 7928 343
33991 1393 6933 5513
34079 7755 8321 103 8242
34104 7942 2294
34120 4865 7545 2887
34159 3924 702
34167 8541 2414
34176 5245 4721
34188 1651 665 339 685 2025
34232 4891 4752
34240 6671 3436
34319 2028 702
34350 1482 6134
34374 6067 2873
34442 5032 4278 3441
34452 7830 5245
34468 7481 921 87 6671
34617 3556 2535
34678 222 3233 2226
34725 4263 1442 2350 2720 7251
34731 4891 468 2350 5162
34765 3561 6846
34810 4298 1324 6596
34874 2884 665 2075 1649
34879 5415 3233
34908 2984 49
34959 8464 8853 7624 2484
34980 87 2350
35060 375 5693
35062 6409 6629
35123 2269 8355
35126 2166 5086
35127 4691 5356
35129 6104 3814 7622 226 7430 5032 3972
35147 2350 6733 3223
35155 1959 3051 2379
35165 1058 1651 3077 8548
35205 8635 4083
35214 4806 8559 2984
35228 2350 7356 8464
35293 3514 3488 5376 942
35302 3959 3561
35330 8321 1347 3949
35441 1273 5086 2984
35495 4808 3456
35515 3556 381
35571 4928 7928 7425
35599 1636 3057 7742
35692 375 3561 7958
35722 2872 5224 9304 5331
35730 4691 1842
35769 2289 3678 6048 5032
35820 1867 8803 9292
35890 3233 4444 6007 50 3163
35994 4396 3590 339
36145 7800 4323
36156 220 2351
36211 766 4486 2067
36321 6529 4577
36340 2289 1299
36403 6158 4691
36418 5590 3380
36536 7867 3105
36605 9126 2275 9085
36955 6596 5086 120 5393 7609
36972 2502 2620 8413
37067 4072 226 7800 6035
37081 87 6912
37088 5280 5331
37192 789 7464 293 4691
37208 4806 3841
37261 6082 3233
37287 2884 5256
37300 9213 6671 1074 4263 2571
37331 5083 2350
37341 3271 4238
37378 7430 2289
37503 2303 5590 3226
37606 6007 7018 2350 1500 9065
37764 1608 800 831 5269 5359 4231
37833 6488 7651 3111 35 6158 4829 7238 6097
37908 3347 9061 5921 186
38009 9315 7609
38081 7228 5376
38224 5880 8598 1930 2484 4238 5995 5738 5376 6798 359 5171 2874
38325 8752 6164
38338 2941 1722
38351 8484 5349
38375 4806 6423 5693
38378 5357 8175 5156
38426 6964 1953
38455 39 1062 8859 1637 6007
38532 550 7359 528 3105
38556 6313 7286
38721 6164 6746
38726 7801 6671
38766 520 6671 2110
38776 3233 8321 4891 7003
38785 448 2822
38792 8902 3233
38880 3163 5738 6671 6485
38903 8659 7275
38941 4566 7298 6936
39012 6043 1324 8464
39028 6714 6264 4978 6912 3292 3423 442 6082 5 6746 1311
39101 226 55
39124 9176 2984
39135 4868 5478 7228 2836 7298
39270 6155 4208
39283 7609 7580
39285 1330 8984
39317 6136 969
39349 5143 2788 833 4876 3163 4928 142
39487 8033 6158
39506 1241 3107 5661
39517 4807 2173
39527 1347 4691 5356 917 1273 3493 9286
39594 3516 222
39659 1277 4674
39664 3451 4752
39737 4238 2984
39774 7577 2085 8581 4466
39792 7257 6248
39850 1228 2609
39959 4898 1651 8730
39967 6288 7178 8033
39979 3586 448
40169 9176 2636
40178 3766 2889 952 3233 1504 1114 1049 8854 7356 6740 6547 2289 9256 1957 2620 5357 6288 3787 5245 7624
40213 3863 5693 1953
40217 1875 5620 3125 638
40317 6691 6912
40351 8803 5478
40379 2846 6605 7481
40395 256 5224
40429 5680 2256
40479 6944 8464 1442 2427 8423 5870 4691
40509 1164 7095 4996
40554 8321 5356 8292 1035
40589 3880 375
40614 3165 7788
40658 4140 6987 9101
40682 8464 7775
40687 3143 898
40688 6195 6912
40712 3586 2578 7956
40752 6912 5119
40862 9081 1035
40865 7747 3673 2805
40901 5094 226 2087
40907 8045 4139
40989 2110 5119
41031 375 4806
41033 3207 2609 4691 7801 5171 6609
41049 6832 4785
41062 8321 4126 2789 6906
41152 5269 6067 4614 6832
41203 8765 2328
41377 5682 6164
41536 3738 3576
41578 931 5633
41596 7624 6065 3292
41698 8103 4790
41702 7027 4674
41795 3891 3143
41827 8953 4691
41845 4790 7485 5449 4083
41864 2414 8765
41865 7134 1371 4466 359 1836 7577 3893 6671
41879 6822 5202 5627 8507 6596
41955 8538 1454
42055 4829 2734 4937 6217 1961 2085 5112
42077 5645 5302
42109 4132 917 3678 6609
42141 6000 8033
42144 5870 3994 6390 5094 8379
42222 827 489
42240 6212 800
42319 2890 3102
42339 3468 3590 4764 4466 1324 1930 4806
42354 3561 928 5086 6164 6082 2350 8464 7430
42380 2303 3665
42460 5032 9240
42474 4691 7735 5171 8836
42518 2812 9168
42524 6241 2310
42557 5118 6165 51
42570 8541 339
42576 2278 5022 1419
42605 9211 2075 468
42649 2984 7043
42690 6807 8493
42734 4008 7055
42770 5338 5418 2984 9292
42809 465 1752 2275 6548
42851 3057 2114
42881 222 7163 6164
42940 3451 4806 358 8681
43046 965 3018
43085 3519 7727 8895
43115 2820 3684 1347
43120 6944 8997 1547
43131 6714 3576
43140 1273 6836 5693
43177 8236 5633
43238 4778 3893 4572
43264 179 1953
43278 1514 7511
43321 8606 2927
43344 2226 8321 6206 4462
43350 4174 4691
43367 375 3203
43404 8143 7728 7505
43432 7178 3959 2362
43556 2944 6658
43589 9315 688
43654 8659 2278
43668 4976 7414
43847 528 6356 6932
43853 222 3432
43883 8413 5458 3743
43904 9159 8795
43926 4806 5224
43959 2873 3475
43964 6720 8570
44004 1651 6059
44099 1722 5263
44123 1953 8151 8323 6195 5377
44127 8156 2350
44226 2350 5111 5081 8063 7106 324 4772 5245 287 421 1330 2984
44268 2350 3237 4806
44273 7638 1448
44380 833 595
44481 222 4078
44494 3214 2984
44526 2941 7577
44578 4425 3381
44582 4996 831
44644 4139 2934
44705 890 339
44712 1311 1959
44835 6465 4486 4951
44853 6933 6635 3314
44990 6170 3451
44995 6944 7481
45084 5024 1653 2984
45095 7306 5521
45111 7923 5024
45359 4806 5086
45378 5696 3606 5578
45504 9273 6783 7499
45535 738 5180
45580 1319 8493 5600 183
45590 2984 1508
45606 619 3744
45667 4691 5510 3233 6825
45696 7938 7788
45718 8538 2256
45739 2427 4444 6470
45773 8050 3431 7010
45926 8584 7165
45942 9229 4444 733 7276 728 4298
45977 656 831
46017 9338 4806
46040 3893 1164 3272 6846 6197 3233 3544
46044 359 4868 2303 8321 3461
46114 5726 7567
46121 7580 2303
46149 8721 6313 6288
46181 2025 5541 7800
46293 4691 7165 7801 3076
46330 3752 6423
46334 3000 7425 6288
46343 4466 520 2085
46354 9150 8984 8891 5859 7580 4691 3427 3257 4298 5592 5025 5024 8179 1705 4078 5455 2988 766 4268 4642 7735 4492 8638 3973 1067 5086 4767 7824 6678
46525 2419 2774 4996
46534 3602 5331
46572 5376 2734 2085
46681 2873 1461
46760 3666 7928 4662
46799 6832 2751 7523
46832 2283 1461 638
46906 4806 9101 1916
46956 5202 6248
47025 7735 4891 9286 4577
47046 8098 7545 7577 5449 2718 5629 2952 3234 928 957 5171 3739 6605 8724 4408 4691 359 5397 3602 3381 4806 4928
47148 2570 4487 520
47173 3630 8091
47179 4691 3493
47239 3272 1273
47298 3556 3766
47334 1401 7198 2890
47370 2873 8091 3602
47386 8179 6288 4755
47400 2984 7801 3602 6933 152
47474 1811 469
47503 811 4139 1029
47539 766 3556
47660 8703 5118 728
47681 1115 6840 8559
47714 2303 676
47739 4618 6629
47764 9101 448 3698
47778 7920 2843 4486 2196 4391 1194
47860 6933 6846 6964 6390
47905 5136 1810
47949 2984 1968 6313
48053 1681 2166 3216 4182 1312 4325
48077 3163 2379
48078 226 8775
48133 6933 7830 4633 2065 375 4965 4921
48152 5161 5921 472 6756
48162 407 1712
48204 5565 2869
48234 4182 9250
48238 3292 8178
48419 4774 7298 3105 3271 8548 1489 2966 685 2003 2075 8568 2031
48420 2503 7742
48422 375 8179
48475 4633 4806 52
48529 5056 222
48578 9241 2231 6609 5040 4615 9286 4752 7830 7109 4447 1010 4126
48663 3461 1324 1461
48691 3381 5682
48839 6067 5162
48984 6134 7742 359
48998 2303 1649
49020 8795 6113 991 8236
49040 644 2166 2085 2562 7228 2760
49111 6375 9178
49122 4876 1454
49128 3395 4231
49141 5565 7920
49176 5171 4691 6671 222
49182 5280 8355 1029 520
49205 673 528 7883
49207 1482 6288 3143 4691 3312
49226 3493 957 4806
49239 4800 7007 8355
49265 3163 3752
49275 7735 957 3431
49299 4615 479
49412 8590 6147 6480
49425 2546 1680
49446 5032 1312
49487 3678 8477
49653 1009 5144
49672 4876 6629 2375 6824
49728 4806 8775
49754 103 1849
49817 3765 1223
49819 6288 906 3290
49836 6390 6846
49930 7072 8321
49996 8775 5458
50093 2296 1634 906 519 8464 2571 6313 387 8204 4104 4615 5565 2350 7372 7391 8845 5356
50096 4752 2881
50243 2571 4891 8659
50246 4562 7668
50258 6987 8559 2805 5880
50320 3143 8589 4801 2231 4812 8806 6933 4172
50358 2873 2106
50413 398 1273
50432 1253 7801
50476 1367 448
50530 4820 1653
50659 4806 2571
50677 9176 9290
50681 5513 1968
50708 465 489
50775 8632 1828 2860 5778 4126 7577 5171 8179
50780 4607 5739 3143
50794 7580 375
50854 7580 8449
50890 4562 5693
50900 188 1029
50964 3292 1018
50976 4793 6933 3630 6629
50979 991 7396 6671
50982 1656 186 8984 7788 4691 951 6728 7228 3403 3419 8637 6609 5738
51026 9208 6728
51040 2820 5557
51124 6671 6067 3493 5331
51137 1262 1653 5921
51144 6987 4793
51165 8033 1651
51243 3950 3670
51362 1653 2376 2239 7523 1454
51363 3318 7520
51394 2414 6548 6596 4101
51412 585 2932 193 2414 7823 890 5863 9072
51434 7663 8718 2919
51438 3561 468 4951
51478 9292 4876 2907
51557 2333 3292 8853 490 343 4408 7832 8464 8724 2350 6609 2196
51578 1387 1061 8514
51589 3431 1311
51623 8695 6198
51652 6696 2025 8764 1461 3226 5457
51703 5633 4670
51714 7892 1997
51751 4803 3893
51771 1102 4802 5393
51867 5357 186 9253
51905 926 2843
51977 7522 3107
52006 4801 9338 2691
52015 7801 3233
52071 339 8548
52145 5693 8003
52349 6714 8292 226 5578 9101 3994 3233 5735 4498 6751 3959 952
52482 5294 4083
52483 6824 241
52499 4517 7672
52535 4397 6884
52641 1073 8548 5200
52646 2827 7800
52663 103 1790
52690 6336 4745
52713 4126 1387 6248
52749 6933 8413
52773 448 5269 4891 8775 2045
52785 5438 2609 6671
52899 4126 3731 7843 8607
52917 5032 4965 1049
52928 7238 1653 3165 8321
53003 6435 103 766
53032 5024 3292
53079 5022 468 8524 5415 8775
53081 3531 8548
53108 4806 4174
53152 1311 152 1959
53185 6113 5438
53205 2114 3929
53264 108 5613
53267 8568 965 6933
53285 6933 5022
53353 2209 6340
53367 6170 4752
53466 3232 6138
53560 5565 5538 5022 2984 4793 952 6746
53584 5728 1030
53629 1681 4136
53739 2085 4702
53742 8274 2357
53801 4691 6158 3814
53841 7622 7545
53882 5299 8299 2571
53883 5590 5110
53890 2294 6933
53901 3340 7735
53958 7920 1433 375 5490
54019 7545 4892
54055 3602 9213
54128 2308 8806
54166 6832 6248 2805 6581 6336 5478 6170 3606 802 519 186 1253 9118 4801
54292 9251 319 9150 9016
54523 4921 4876 369 2308
54530 694 2350 4806 1842
54537 9124 5654 3556
54629 520 4554
54687 3810 3561 4691 3233 5356 4806 6671
54731 7298 1352
54763 8853 5024
54819 4263 5415
54906 6390 4806 7043 8294 5171 2211
54955 2984 1049
55014 4402 375 5083 4208
55041 5620 5162 928 7433
55171 4806 3226
55237 359 2538 1688
55280 661 7298
55467 2838 8789
55492 9310 1111
55506 7622 3544
55534 1953 1029 5393 6117
55665 39 6596 9292
55693 1273 188
55714 6306 3475
55815 7285 9292 2289 5086 3395 2246 1240
55833 1720 8033
55836 7339 3475 7580 1410
55838 6752 1015
55863 2025 8135
55878 3534 3226 3811
55949 8219 4042 857 7577
56011 6746 7426
56045 9065 9303
56086 2827 9286
56227 5592 5510
56337 7453 2881 375
56338 2751 3622
56341 18 8292 1720 6390 4806
56352 4287 2114
56355 5463 8538
56503 1930 5022 3630 4574
56564 7505 3969
56606 8680 969
56629 3827 6912
56668 4728 5645 1163 8785
56700 7629 7223
56768 8775 2743 8329 7923 6933 8001
56818 7735 4413
56867 1324 7980
56921 7878 2835
56973 1273 833
56975 5693 3493 8115
56984 8013 762
57071 4015 6170 2746 8590 1959
57124 2606 1941 7163 7228 4349 6987 3271
57125 2881 5245 5060
57186 2779 9292 5849
57200 879 7781
57240 4208 469
57242 7609 6551
57287 3806 9286 4806
57305 6629 4820 51 3271 4803
57324 5693 4345
57417 5515 8478
57519 3727 5778
57547 1248 9002 1845 6245
57552 7027 4212
57585 3880 1681 7514
57674 5024 5778
57782 2698 8321
57791 2239 3590
57842 7943 656
57849 7147 2278 583
57859 1200 2746
57883 6375 7163
57920 4691 528 1073 188
57987 4373 2806
57992 2838 3233
58065 1722 5302 8211
58136 7207 2110
58214 3731 8299 3728 8113 3665 6709
58274 8548 339
58346 7580 6314 2303
58355 4345 5497
58426 5245 7824 6164 6303
58484 7735 4948 4083
58497 8413 465
58502 7577 3226 2304
58509 9065 560 6818
58614 2231 8845
58636 4408 2414
58732 8659 2964
58756 2310 8548
58852 8033 2848
59039 6431 8548
59059 1738 5513 2846 6987
59067 375 2350
59096 1344 4990
59132 4517 4196 2914
59249 4975 442 8211
59261 188 4691 9304
59287 3630 3678
59370 1324 3556 7755
59412 339 9292 8321
59464 375 651 4345
59551 3602 2019 6246 375
59562 3165 1636 6962 5191 5682 3143 6164 4517 8584 5024 9124 6822
59574 9176 3630 194
59577 1636 3423 2827 2254
59661 378 7839 6447 1232
59744 3670 2571
59765 7957 8663
59826 5083 8659 5022
59832 5778 3684 5393
59857 3304 7008
59879 7865 6150 4042 5430 4554 5217 8300 2350
60037 620 8033
60099 7781 5356
60105 4996 4806 8355
60111 6666 4792 1387
60124 581 4174
60169 7467 928
60171 966 4607 5510 7801
60218 3807 1461
60241 8153 7217 1440 4083
60349 2881 5356 7801 2166 9118 4806
60356 9287 5356 1311 2984
60401 4694 7298 7604 4196
60429 8724 152
60441 2088 2205
60499 8085 631
60526 9185 4806
60571 2550 4298
60615 6195 5302
60641 288 5895
60647 375 110
60679 7205 6832
60684 9157 81
60757 1968 4876 5691
60761 6049 3893
60771 4282 8095
60858 6581 8464 9176 5035 9101
60912 1595 6605
60927 9072 3983 7228 2414
60940 4868 1211 8818 1651
60959 6987 4803
60988 4203 4739
61021 2050 4806 7920
61061 5693 8724 3237 3271
61213 3102 528 5510
61228 9133 4752
61229 5162 1778
61238 155 8568 5115
61246 2571 965 7228
61398 6933 7430
61455 7727 5900
61564 6399 4396
61580 7298 3503 4439 490 3431 2746 966 8289 8428
61701 3391 4517 3678
61706 7481 4133
61730 7575 8635 1387 928
61771 7742 1387 4126
61791 3456 2550 7843 2425 6164 5367 3599 5181 3067 1253
61810 6164 7147 7933
61971 1482 4928
61999 5024 3218
62020 6304 2734 3271
62067 3226 278
62076 6230 3415 2984
62117 9214 3138
62148 6508 8464 4331
62171 7839 3711 1898 3427
62176 827 4670
62315 9101 7735 3456 2881 5086 8538 4721
62384 890 5269
62390 7735 3165
62408 2045 8738 519 6842 7920 359 3730 268
62459 6447 3165
62484 6919 8783
62580 1968 9317
62659 6933 7318
62775 6635 6094
62792 4577 2874
62801 5457 5590
62802 9072 1547 7298 5056
62849 4808 6671 2555 5245 2984 3893
62871 3207 4135 2239 779 8777
62903 2353 8716 2350 1773 2879
62924 1426 4298 4928
62926 7969 7801
62938 3138 6693 7298 9101 4345
63055 4915 3431 786 2438
63107 3183 7622 831 6113 8091
63152 7742 1164
63165 1508 5529 6113 4208
63233 6671 3292 5738
63316 528 6288 1330
63349 3176 4719 9244 1419
63368 3395 3102
63452 5548 4835
63464 5223 1018 8655
63478 375 831 7737
63690 3806 560
63707 946 5567
63779 5515 3233
63819 4476 6193
63932 214 7298
63958 8997 5136 3395 2459
64041 6884 205
64047 2822 3556
64101 4812 8274
64190 4691 3778
64210 2003 2838 9197 8033 4172 1752 9108
64288 7801 7524 3207
64295 2984 1378 3446
64322 802 5355
64329 2157 8321 6164 1807
64367 1273 6447
64468 3431 2459 3102
64484 1029 2873
64526 6158 3493 7396
64664 833 249
64666 18 6106
64671 220 6701
64757 7622 2984 1138 4083 3234
64833 5411 6198 1119
64934 7781 7735 2636
64944 6101 8379 1889
64964 39 7507
65001 3472 4891 5202
65007 5738 4752 7581 2984
65011 9273 1780 4694 4722
65068 5791 906 2254
65102 9024 7498 6288 7737 2914
65154 6635 1277
65259 7742 5171
65278 6569 9136
65369 3852 9101
65410 6263 7063
65461 2993 7661
65471 6766 8493
65503 7639 4691
65504 1277 5680
65535 2874 2459
65563 1830 8321
65566 9101 879 2984 3576 4806 5032 3606 2881 7228 186 3233 3163 226 5302 3752 6933 1762 5393 6751 7717 2827 9228 3292 8659 3893 2278 1794 3419 6336
65627 3893 5302
65654 6198 3194
65678 4203 1688
65736 4345 1720
65752 8636 1689
65759 6041 7554
65760 220 5288
65762 3823 339
65788 5510 2370
65811 2988 1889 843 6079 7183
65887 3590 1482
65891 4806 103 5024
65963 7959 8714 6581
65990 1733 6933
65995 1330 5513
66004 2231 1625 1018
66024 694 703 5181 4407
66077 2350 8524
66338 3475 5458
66385 9101 3606 406 1738
66463 4990 9101
66494 6857 8349
66644 6612 8681
66802 6612 8637 6288
66820 6791 51
66849 7298 1997 5682
66901 8794 1311 9323
67050 5590 188 3778 2240
67054 4615 4793 2350 9228 8091 1930
67059 6390 7481
67070 1410 1957
67162 921 5224
67163 1419 2106
67165 375 152
67348 7832 2157
67387 3680 1957
67400 7523 2571 6609 7660 8413
67475 1787 194
67518 469 5224
67557 4408 7737
67591 1720 1547 3793
67592 220 247
67610 6846 7742
67622 4152 3547 2289 5975
67679 2301 3880 7580 1482 3237
67725 5774 6252 2350 6375 4615
67814 7526 2085
67820 6453 87
67869 4150 7801
67895 3233 6065 359
67998 4263 9213 831
68031 3207 702 9101
68042 1114 448
68065 2932 3439
68090 3880 5738
68231 489 2001 5086 6675
68267 7027 866 9081
68379 5738 4722 7356
68390 965 6666
68421 3678 639 8875 5209 4469 5356
68424 8493 6336 7361
68433 841 5682 1253 252
68439 6933 928
68450 1442 3994
68459 8691 6579 5595
68460 4212 1018
68477 7314 6375 4126 1273
68485 3493 4691
68536 520 2636 8845 5032
68567 1353 928 7425
68623 3233 2303 7577
68746 3949 6080
68772 4691 2960
68897 8895 4790
68936 952 5022
69150 2678 6158 965 6114
69422 906 1720 4290 7272 1016
69551 6288 3226
69556 1318 4158
69651 7511 3595
69728 2069 7800
69732 1461 8765 747
69745 392 3464
69756 4514 965
69830 5356 7299
69838 7351 3061
69855 1842 7493 5425
69888 1273 3311
69948 4701 6987
69985 5358 2114
70009 8413 2984 8236
70032 6588 1292
70036 1968 8765 188 3207 5633
70102 6288 4305 7962
70164 5738 3576
70172 1827 8443
70214 8095 7717 805
70262 358 3880 1733 4801 1034 833 7781 5503 2873 4754 8775 7106 6206 1783 4060 1114 958 2173 7819 3778 4263 22 2503 2924 4981 5438 6581 7486
70279 3731 3431
70515 8894 8635
70558 459 469 5356
70600 7742 3556
70601 6985 6718
70637 72 3234
70639 5212 6303 5
70792 6832 2325
70964 818 5376 4796 3678 6082
70965 8091 1680 4196
71162 3678 668
71184 6758 3472 7858
71203 2075 5027 2003
71261 3272 7980
71441 7634 3893
71466 5198 6629
71484 9228 223 2350 6671
71529 7577 694
71560 2678 3519
71652 3852 1722
71698 8016 8580
71722 6244 346
71757 9371 833 2422
71766 2003 6592 6367
71805 7737 1330 1267
71832 1330 6653
71845 1058 2775
71902 421 6612 6124
71947 7523 4793 6244
71978 1844 6933
72036 8558 415 6345 9302 2746 2571 2663 5495 5722 4196
72118 1408 1528
72131 5542 5619
72143 4140 176 974
72209 1736 3431
72253 4212 4702
72286 728 1550
72334 811 6994 2296 7928
72364 3395 8091 6738 8427
72425 1547 5778
72458 2586 906 5438 7433 8965
72515 4689 8803
72536 8286 2403 469 8607 855 6030 3270 4928 3729 3556 5880 6164 6987 831 702 3678 8782 6746 3561 2918 5517
72537 4670 6164 2711
72546 2211 3678 4517 6138 4276
72571 2975 375
72574 3223 4538 2491
72577 4752 6195
72690 222 9228 6170
72712 8364 4806
72774 6671 1330 4795
72775 5513 5975
72802 826 4694
72807 5620 2832
72844 8606 302
72846 7192 802
72965 906 8775
72977 226 6065 1058
72984 3935 1908 7655
73121 2822 1164
73219 1029 9011
73305 6063 4792 7788
73322 5162 7928
73338 5048 6085 6448 7433
73350 1720 5263 2746 7293
73353 1093 7540
73373 3292 2827
73456 7037 4774
73459 5586 9248 186 9177 4891 207
73506 4182 9292
73520 3753 4276 8170
73551 1238 928
73630 3727 8431
73655 8464 2205
73712 2076 4812 188
73716 18 3207
73738 8396 9238 5612 6609 3772 5529 898 8803 5567 1741 4298 359 256 561 8668 9187 3891 6832 9286 799 1547 9292 3431 3165 2289
73817 4572 3292
73837 3606 5513
73958 421 4809
73983 1889 2534
74024 3317 3684
74096 4238 5597 7577 4466 2110
74159 6164 7430
74165 4132 280 2992
74184 188 4294 186 831 6933
74224 2347 4444 4951 1752 1683 3338
74334 2879 4677 5853
74392 8559 1930
74469 3899 3998 2678
74477 9253 6067 5181
74760 6933 4806 1869
74768 7737 2367
74790 5331 7481
74793 4217 7331
74851 4408 6313
74959 5070 7147 8845
75040 4080 6933 9270 1253 4376
75119 6612 5171
75167 6336 4263
75179 1371 6910
75257 8659 8775
75288 2289 6671 8724
75298 5411 3752
75338 5331 7575 9228
75345 3389 1029
75372 8775 4277
75451 4135 2881 3586 2691 375
75532 3852 6817
75564 1236 5356
75624 8103 5458
75647 2589 8765 489
75648 7567 4792 6887
75847 5908 638
75905 1651 6142 6662
75930 3606 8559 419
75999 5376 8590 2746 4806
76070 2357 2289
76162 4806 6246 5084 611 6080 8847
76181 5705 4298 6554
76206 2166 7800 6569 7114 3752 1615 3105 2308 721 5169 851 645 4264 1176 4446 241 8462
76214 5118 4691 7824
76222 7250 3284 8821 6327 5351
76232 7865 8637
76350 5329 1930
76358 8548 3061
76403 6274 4796 4622 3226 7801
76405 4346 4196 6288
76445 5333 4364 7298 5086 4806
76491 758 5593 2822
76498 3120 2984 6548 8765 811
76514 8413 7634
76663 964 9032
76702 3360 2350
76768 6938 5870
76811 6248 782 4238
76834 3849 4879
76919 8548 8541
76988 1651 339
76992 1738 2414 5 7043
77005 5302 4396 7231
77199 3073 3630 6987 6082
77286 7800 7980 6048 9292 5024
77294 8932 5255 7980 5693 1277
77301 3271 2278
77305 4271 3893
77319 7654 2620 6226 4785 182 8638 7824 3381 7788 5314 3902 3465 312 2036 2295
77410 3475 1461
77563 6488 5185 1857 1715 3150 421 9273 3684 6170 1825 2075
77573 343 3880
77828 5521 3226
77889 3667 5022 8568 5645
77942 9292 7043 5705
77970 7548 582
78011 5593 3748 3731
78086 3433 5975
78093 6007 6113 6277 3233 9237 4951
78132 9137 1953 890 9036 6884 6751
78167 5056 4691 1362
78169 8568 2881 5376 6987
78225 3351 1738
78279 2247 4271 6609
78285 8795 8321
78352 7661 8681
78381 849 3678 8477 7577 4800 2609 4126 5659 1547
78510 3431 1419
78595 2764 690
78608 1653 7523
78734 9213 5022
78763 9101 396
78803 8513 4041 1651
78842 3311 4415
78973 2356 2581 7580 188
78977 7609 898
78992 8724 2226
79071 7650 8524
79128 1181 7462
79156 5356 519
79188 1468 7747 8775
79242 7760 2350 2110 6313 6596 9156 4342 3207 6987 5136 6375 8064 9 2246 4083 417 8864 928 4555 4336 3731 2258 5895 346 8349 1371 2988 1930 1941 8947 3678 7426
79253 3561 6884 7959 9213 375 469 4792 5331 7228 831
79348 999 8179 4691
79393 7462 800
79394 1999 5216 5593 2720 8984 1484
79421 4577 381
79433 1778 7735 4792
79488 7006 4806
79584 2864 103
79623 8321 5024 7959
79633 4793 3207
79655 3258 2459
79767 3893 3678
79808 4133 1018
79809 3381 2241
79816 2278 8775 5356
79920 3519 2308
79935 4673 9101
79951 965 4928
79990 7331 2085
80001 6158 7742
80072 6996 7299 7426 4806 2350
80112 7015 470
80128 1119 4139
80241 5079 1371
80250 7426 5592
80334 5024 7735
80349 8659 9065
80359 262 6695
80392 3606 6933
80433 8488 2025
80438 8321 4238 2746
80540 1115 7735
80552 2036 5671
80617 5263 8970
80659 5399 5032 2984 5515 1498
80681 5027 6706 2075 2727 2303 3138 3226 8033 4732 7298
80683 6057 1311
80726 570 1384
80751 9270 3087
80806 2226 4425
80819 1030 8469 4622
80864 7920 2819 3035
80874 5202 152
80875 7732 6746 8380
80886 6628 8764
80950 520 835
80972 831 1550 9061
81057 4891 5302
81197 1968 1983 3935 5699
81279 2822 4722
81336 717 1364
81441 6960 2471 2350 5738 5356
81454 5022 690
81457 1889 4238 7276
81514 2589 5022 5726 1114
81555 8568 51
81760 4806 7481
81779 2175 1059
81817 6390 8775 6445 4615 2624
81818 5536 2231 6605
81857 8764 1356 3073 152 1468 4978 6832 6016 3226 3075 3559
81897 7577 3987
81908 8264 4235 2426
81933 4650 5056 9072 8582 1461
81979 8126 1330
81997 8493 1601
82036 4806 3143 2701
82044 220 6385 4752 7563
82291 5819 2350
82300 3292 504
82459 5357 186
82502 6385 5785 1018 3915 6284 2713
82678 6746 5280
82685 7651 6635
82715 7521 761
82719 1968 4272 9270 8695 4670 1461
82883 1916 1413
82904 6933 2881 1722
83000 6206 4298
83014 488 4331 7920
83028 8120 7624 3623
83159 7963 2256 6164
83177 1581 3818
83182 375 7832 5181 8785 4298 2484 1930 3148
83369 2316 15
83404 7024 2920
83422 6375 1015 8647
83437 1387 2303 3488 375
83449 5356 4181 5083
83570 8321 5590 1547
83713 3237 8485
83790 448 6612 3544
83991 585 6164
83996 6288 3576
84015 6302 168 5990
84020 2085 3233 4965 5686
84082 6554 6944 4614 103 4701 5070 6390 2984
84083 1454 5510
84140 8477 1280
84169 1953 5331
84186 3061 849 6987
84194 3233 5024
84231 1275 95 6746 4928 5024
84318 4986 1842 8590
84374 2984 1842 5171
84448 1273 1778 343
84485 4132 2350
84551 7425 539 5513
84554 8764 8681
84666 6336 7199 1114
84667 5331 6390 7505 2609 5024 6065 3292
84731 4466 921 8274 2033
84746 2314 4806
84761 6893 5056
84769 7830 3630
84772 5975 7609 799 2879
84782 952 3893
84794 8222 6043
84858 6409 3075
85012 1889 2125
85099 767 6933
85118 2303 4615
85129 4141 5061
85164 5627 2822
85221 3561 3693
85254 3893 8775
85362 6402 8179 5086 5693 1842 5189
85433 3823 4941
85502 5224 8791
85513 1733 965
85559 4691 5086
85615 3165 1273 1916 2303 6080 2419
85623 3258 1968 1959 2278 528
85628 8713 4951 1181
85702 3234 469 4208 255 3748 459 4806 359 2725 9050 1311
85713 5693 1102
85817 4126 3899
85833 6288 4517
85851 1324 226 9304 3216
85862 7742 3234
85887 4000 2571 5548 6626 6807
85946 3586 6334 7832 8559 2154
85948 7577 7629 5245
85981 4217 1533 2278
86085 7655 3547
86092 4806 8730
86144 2698 3234
86244 1324 4298
86287 1119 2303
86299 6310 9356
86356 6067 6313 3869
86480 7742 6390
86599 952 5356 2586 7183 3290
86677 1593 5478
86694 5032 7598
86925 4806 8993 4080 2425 3066
86949 645 5142
86952 375 186 21
86981 6479 951
86986 2165 4868
87020 7313 3576 6113
87052 3678 7008
87076 375 540 4803
87077 6596 3389 6933
87088 5680 6484 5542
87105 7481 5376 9286
87165 5478 8590
87173 2881 2984
87188 3586 9014 6336
87333 2350 4615
87413 8568 5162 3234 8950 4721 1595 9176
87419 6923 689
87421 5217 1720
87546 811 3684
87572 7634 8314
87734 965 5035 2410
87765 3679 5086 7485 8765
87771 7505 8775 8659 3272
87876 2278 3075 8665
87890 3519 7943 5675 6514 4498 3819 1636
87893 6609 5356 9101 1953
87995 702 3731
88000 7622 9292 5633 3047
88080 4615 934
88112 7297 9082
88148 5478 2085 3233 6846 9 7692 831 50 4466 2163 2881 3576 3475 3810 855 5646 4721 802 3493 7871 7742 4117 8724 1405
88212 6158 3168
88282 7425 3105
88361 9253 1330
88377 7577 2873 8632 3116 9286
88460 8619 6313
88493 619 8775
88514 1547 2042 8294 4407 5082 906
88568 974 6945
88596 8794 6113 6690
88644 8765 5024 8548
88682 6612 7467 5100
88744 8764 4469 9072 8462 7559 7651
88760 1651 4694
88856 1371 1547 490
88889 5024 5896
88890 6288 2350 4140 226
88938 3512 827
89025 3381 4752
89085 5 3384
89123 339 3360
89150 5675 898 2069
89200 6448 969
89204 4425 879
89390 419 702 2672 8834 1790 4694 3447 8967 5590 490
89470 562 1953 1029 6850
89501 7223 7302
89507 3233 8596 766 5357
89521 7168 3606
89576 2204 4691
89593 5661 2325
89598 3604 5245
89611 5356 4577
89651 186 5357
89712 5032 489 2711
89750 3272 704
89766 7886 7580 3191
89844 6832 8845
89963 6390 952 5356 2173
90010 5205 7768
90011 1968 8236
90064 6592 4677
90069 9185 9213
90118 2843 5294 1119 688
90163 8853 7514 6206 3292 462 5565
90251 5565 5171
90283 2241 4453 3292 2328 3635 5830 4347 3312 4231
90368 4806 361
90417 2106 2984 1440 3852 205
90490 6671 3292 1243 7337 3893 8845 442 7781 448 4078 5822 7285 927 4140 8659 1681 5438 833 8208
90492 2984 103 6933 1700 5136 1030 8426
90511 6261 343
90572 6009 3483
90628 3678 928
90630 18 5693
90672 8724 7735
90699 5302 1482
90727 8054 6612 6158
90901 4444 1612
90987 1953 30
91002 4792 3286
91050 8671 9271 1722 1324 2984 4996 2347 6186
91212 4808 7747
91238 1277 1461
91368 1273 6158
91377 7238 1461 2303 7548 7579 1029 4876 2953 1277
91445 7800 1656
91470 5357 5245
91474 6629 2580 6569
91501 4694 8548
91553 5087 3053 1030 1722
91677 2050 205
91687 8082 4333 469 1521 8932
91750 8321 7980 6480 6635 5923 3354 2196
91767 3461 7920
91850 3778 8761
91864 2310 8321 419
91878 1713 3602
91947 4965 7928
91968 717 7809 8780 68
91996 4444 1125 4928
92043 5213 2256 3778 3475
92104 5224 2350
92109 2166 5738 5565
92140 6048 2984
92146 4691 4271 2303
92213 9228 3233
92241 4975 1416
92247 5391 22 6996 928 5331
92316 2317 2463 4937
92394 8606 2275 8024 802
92416 5136 8836
92525 5042 3959
92540 1311 4263
92935 5538 5356 7917
92987 161 3419 762
93031 5680 1350
93037 7742 1311
93057 4701 469
93102 5245 3576
93150 2484 1073
93211 3678 2350
93347 3731 8590
93402 1113 4597 923
93410 5587 8379
93430 6933 3612 4607
93438 6129 2226 6375
93473 3678 6933 2350 6138 6288 7848
93479 2370 6465 6710
93535 5032 1058 2138 3290
93561 2166 2827 5513
93563 5033 9065 5024 6652 3897 3277
93698 1533 4252 3461 2196
93753 3403 1752
93774 8775 5022
93775 8845 8122 459
93781 152 5393
93809 5738 3893
93841 4806 965 4291
93854 375 6303
93974 3752 5698
93993 3802 4745 5141 8477 841 2873 2294 5619
94082 7875 8399 4806
94086 5376 9014
94100 3354 6066
94302 4456 549
94323 2530 4907
94363 7622 5458
94372 2996 9101
94377 4083 2231 4219 3576
94471 3678 528
94484 5810 222 6355 3863 2977
94600 6113 1387
94693 7920 1516
94710 1552 7839
94760 7043 645 186 3930 906 5357
94801 1547 9253 3143
94814 2376 1651 2114 81
94827 6629 7800
94863 4298 8321 688 5510
94866 4554 6884 2984
94878 9157 5500
94960 7885 7154 3436 6596
94996 1653 18
95002 4140 2379 6313 917 8678
95084 4772 6480 6951 6596
95104 3982 339
95138 5072 4287
95139 4849 7311 8845 7228 4831
95150 1468 4670
95155 6314 1593 4160
95188 1461 3105
95214 2984 2350 3973 6846 6671 5025 4806
95224 6385 249 6960 5464
95244 831 8665
95301 2003 2873
95386 3225 6581
95466 4615 6375 4928 4891 9150 3234 1547 6671
95512 2239 3893 934
95536 7043 4283
95676 4691 8795 2459
95784 4852 1273
95885 1959 1770
95902 6671 5022
95916 1324 5024 6678
95940 207 3880 766 2278 8715
95990 2484 2350
96062 5045 4607
96065 7655 3893 645
96071 4841 5632 6933 4694 9286
96279 4986 8960
96307 3731 9292 4170 3292
96311 7622 4975
96312 3752 5249
96330 8541 339 7727
96346 3163 3556
96385 2791 6629
96396 1324 1277
96440 4852 3105
96487 7091 1957
96603 6609 638
96615 5171 6720 6142
96622 1273 8321 9082 3556
96645 4808 2571
96657 5024 4691
96686 1387 5143 1461 2057 4553 2838
96723 5171 7928
96736 375 1363
96772 7800 2778
96797 2294 3207
96814 8665 5356
96826 6375 4213
96908 6596 4891
96915 1324 6596 7267 2226
96959 8541 2514 6390 280
97019 4298 4139
97125 7228 3753
97158 2620 3061
97165 2805 2350
97257 2278 1132 8665 3787 7781
97324 3493 8321 5475 5680
97377 2827 6113
97404 1114 733 6080 7848
97435 5538 9065
97438 2914 6288
97459 8845 928
97474 1029 5276 6720
97638 375 2984
97662 1383 2899
97678 6688 7329 7714
97785 3602 8321
97964 5083 5686 6671 8094
98103 6390 5357
98163 7839 6204 2781
98179 7444 5953 2855 3284
98186 3748 263
98192 263 906 5086 959
98196 1371 2874 5331 6933
98223 3973 5376 3381 4196
98233 453 4182 465 6944
98327 4469 5302 2843
98356 8737 4464
98382 7577 5682
98410 1404 7580 5136 7507
98501 4126 1700
98520 2550 7044 2471 4796
98587 2678 3678
98642 1116 2701
98652 1312 8050 1029 7931 4806 6654 3105 7801 1891 8488
98677 9101 220
98817 4140 6783
98842 183 1088 7692 1953
98845 18 1311 4691 5376 6170
98934 1311 6062
99057 6671 5162 2691 4577 3678 2314 1324 9159
99103 7847 1712
99245 8932 330
99265 242 2846
99368 8413 3120 3833
99401 1725 7651 972
99468 7719 296
99550 4899 2625 7007 2298
99562 8953 7742
99594 2993 5115
99622 6375 3311
99664 4452 7298 4059
99822 7622 2387 638 7351
99869 1482 4739
99981 3561 5136
100073 1650 4078
100075 4729 2746 6605
100156 3844 5784
100185 6609 4891
100224 5633 7622 6063 9047 8236
100230 5032 1966 2069
100232 8465 8351
100268 5326 3602
100305 5550 1608 7481 3949 1148
100359 18 3606
100409 2350 7959
100462 5108 3893 226
100473 5852 8593
100545 1114 4674 3893 3237
100635 4876 6114 8568 520 2822 811 4806 6421 4691
100658 831 8901 4806 6933
100841 3235 6733 6065
100910 7426 6044
100953 7267 6446 3590
101005 6142 7781
101014 1311 7163 6951 2984 3606
101102 3431 4868
101136 6288 2025
101226 7737 1482
101246 2934 5925
101341 5245 448
101353 3493 8837
101375 3556 7545
101424 7808 1029
101431 2914 7788 7742
101538 6248 3177 7801 6375 6678 6390 1114 1484 9187 6164
101568 5693 2678
101590 7228 906 1018
101623 6720 3633
101697 2301 8299 6021
101739 5339 1842 5693
101770 7580 8932
101775 4691 6195
101870 4015 3233 8902
101872 7027 6375
101905 5086 2468
101915 3670 18 6944
101969 5391 1330 917
101982 9309 5366 2717 611 3207 2154 991 7481
102249 3787 5083 2430 917
102254 7692 5171 7735 5356 4574 8464 2652 2173 2881 5578 188
102260 3731 4868
102264 3880 5022 3277 5565
102314 2717 4623
102345 6276 6807
102391 5356 9101 2984 4808
102436 8368 9228
102442 1460 8493
102581 6846 3143
102655 2702 4271
102730 2239 5376 7830 3381 2746 6014
102770 2314 6082 1953 7634 4407 4806 8197 1114
102788 5686 4806 6720
102797 1029 3490 6480 9047 7298 6746
102828 5513 8382 1146 6581 3237 8026 5022 7991
102889 7027 3311
102916 3226 2741
102939 7430 4691 226 5024 6671
102965 7581 3378 81 5411 7446
102982 3493 2289 1347
102991 4680 4372
103004 4951 4891
103055 4691 7580
103090 8867 734 6581 8925 5359 9338 6596
103119 2231 3940 7319 1533 1426
103172 4722 801
103251 6581 9198
103274 3576 448
103288 8484 6571
103292 8764 3910
103383 5081 8321
103385 5859 7737
103388 1953 205
103398 4806 6581 5521 952
103420 3493 1026 8059 6933 8637
103465 710 8033
103517 1194 2443 3451 1468 2155 8050 7481 7524 1738
103561 966 4691
103566 4752 3216
103569 2678 7131
103614 1001 3586 7027 4279
103676 4868 5034 4806
103810 4806 4615 3602 5331
103870 694 2843 2678
103910 1670 7787 226 7481 6609 6423 375 3493 7425 5376
104062 18 9197 8003
104079 1330 1442
104081 6840 8606
104149 1625 1311
104161 8114 974 4689 4364 5273 3233 8579 4785 7339 2720
104180 4806 2924
104203 1722 7463 3143
104312 3740 7920 3556 5870 8730
104385 6390 226
104435 5331 4298
104439 4466 4077 4806 6277 957
104476 8803 2860
104483 5682 7575
104533 4806 5693
104540 7823 4986 6582 6399 4531 2114
104564 222 4694
104604 2277 3678 7980 2350
104677 2126 5022
104706 4298 5269 4891
104743 1827 6336 7481
104799 4691 5026
104827 2890 4752
104844 855 3893
104850 5521 932 8373 6313 5393 6987 4464 1787 5213 2441
104898 6288 591 3163
104907 4615 375
104939 4056 4876 3823 4898 1116
104942 8775 1018 6671
105037 931 9047 1968 448
105175 6596 1681 4806
105230 467 5592 3880
105245 865 6746
105345 5510 5818 6746 981 7523
105410 7742 3678
105521 3431 2555
105563 928 3207 4517 4631 1114 2289 1953
105624 7742 6317 3304
105655 3475 3630
105718 7801 6264 4965
105742 4996 2746
105761 4486 2025
105769 5393 2746 2231 1461 3177
105918 2173 4622 2751 50
105936 186 4271
105982 7173 1369
106164 3306 6079
106176 6808 7523
106199 2278 8569
106304 3105 4345
106341 2984 4812
106360 9191 850 820
106398 359 8724 2760 5376
106439 4691 1273 8944 833 5329 2294 5880 4868
106622 3292 6933
106662 2874 8775 375 5921 4806
106711 7823 9292 5633 6671
106734 4294 4498
106754 5025 3949 2085
106765 152 3237
106803 2211 2541 789 7511 186
106815 2839 5458 3057 4141
106846 3512 8321
106903 3586 2373
106916 263 8609 1010 3431
106978 3678 2764
107021 3678 4691 1114 448
107035 8413 4942
107046 5502 3312
107140 5778 3107 9292 50 8737 2746 188 4140
107154 6671 110
107238 549 4498 6313 6671 2278
107257 4008 9
107299 1720 421 222 8845
107310 375 448 8347 5086 9180 6569
107312 5351 1253 2287 4806 5202
107358 2479 8965 4981 2652
107370 5269 1026 222
107384 3451 421
107395 6832 969 6005 7425 5202
107402 375 2984
107421 5744 7622 6021 4694
107561 2652 4955
107634 4187 6142 6933 2350 4793
107660 7313 5022
107796 2114 4287
107831 3061 1448
107866 2855 7337 226
107877 4554 3431 2289
107882 8548 4876
107892 9099 1330
107915 6555 3893 2827 375 6846
107940 5205 8541
107996 8033 7651 841
108025 1330 6164
108049 1968 6067 194 4963 2843
108142 4702 221 5144 51 5510 2932
108144 8178 442 6085
108156 5119 8464 7514
108181 8659 6671
108204 690 6269
108250 5356 8606
108264 3287 577
108326 3053 2350
108347 1113 6671
108354 3234 9351
108459 4806 4615 1115
108527 2838 4402 4238
108528 1441 7674
108582 4592 6313 7923 8876
108606 6982 2530
108613 7609 3989 678
108687 7426 4722
108715 4298 442
108767 8765 4305
108781 3233 4790
108787 1634 8606 562
108822 393 965
108893 1073 1277 8590 928 6635 5833
108997 2125 6832 4597 7819
109009 9228 6624
109065 8321 3678
109071 6065 1733 5331 2984 375
109155 3226 9101
109159 634 8968 5181
109179 3670 1842
109214 5513 6423 7768 2308
109357 7362 6987 3359
109360 6671 4806 2033 2914
109369 8473 6857
109390 3431 2488 1951
109419 6402 7298 7933 4913 935 1454 8568
109444 3802 4915 3446 6840 8321 8355 6067 8342 9253 3604 5515 4806
109561 9130 3731
109603 3728 3089 8033
109641 2960 8464
109680 898 4701
109761 6059 6463 826 2268 8033 5299 143
109803 87 811 5302 6933 6313 4951 4577 2984
109891 5798 6629
109985 766 3946
110199 6609 2010
110235 545 3165
110252 1311 7183
110362 4681 5086
110592 6756 8593 9304
110634 7179 3905
110699 1018 3234
110708 8299 6358 8464 1468 9176
110742 1387 1851 3240
110788 469 6987 6596
110968 8443 4277 857 4793
110979 5705 4082
111129 4721 6336 3235
111165 2791 6009 2308
111180 2636 6170 5376
111281 5022 4272 818 1330
111283 4010 1199
111297 7523 8321 2085
111339 7577 1514
111357 8184 8548
111429 7430 2069 122 3207 2166 5331 8059 7692 3216 4238
111457 4808 8724 6636
111470 2083 3015
111570 6244 3678
111678 6635 5290 8033 6539
111690 375 6938
111698 2239 3292
111787 1330 5565 5246
111794 4466 2820
111881 3897 7959
111920 3694 7481
112038 7380 3670 6390 1547
112051 2168 3398 8585 8282 5837
112078 7397 6224 5086 1029 2241 611 5227 1277
112089 3105 7800 4140 1119 6198 3987 1460
112151 2873 6987 8568 7251 51
112153 7580 9036 226 9101 4364
112219 3237 2350
112226 8008 7655
112262 4298 743
112270 8774 6187 6629
112307 6067 2636 3384 5202 2211
112422 5356 2838 6423
112423 6065 6756
112467 9011 4139 8321
112474 9270 8236
112505 2226 9292
112508 6846 18 3949
112593 6994 2822 5302
112663 8219 7577 7735
112834 5212 6964
112837 6832 2746
112912 5356 4615
112939 7742 8425
112941 1722 2484
113018 4840 6164 7253 7481
113094 1113 4444 5521
113100 3491 2068 917
113118 7228 5478
113138 8659 6933 2069
113144 3893 6609 4407 1821 4555
113202 8760 7608 3772
113203 2254 3893 3292
113213 3582 4263 2450
113221 3778 4517
113255 1930 2030 9065 3431 1975
113376 2085 5921
113389 4806 8473
113393 1273 7609
113401 6007 6375
113452 5586 6933 5269
113464 7577 186 4212
113537 2944 9228
113539 375 4965 2427 3112 4076
113541 2226 8321
113553 188 4866
113602 351 87
113667 3663 3314
113738 3576 2624 3423
113800 3893 991
113851 8217 3678 9061
113887 4691 469
113929 9072 9292
114008 3431 7249 188
114059 2287 5592 9233
114084 5024 2681
114286 6581 4983
114316 928 5048 3233
114326 3582 2350
114327 1608 9286
114386 8593 5521 9371
114396 7299 1358
114400 5024 1836 8050 7299
114473 4208 5331
114488 4217 4554
114530 5593 6480 7507 952
114557 9176 2984
114613 8995 3233 5981
114642 2166 601
114645 528 8923
114685 6933 3493 6138 1243
114736 7969 7665
114756 2110 1842
114764 9101 2295 4978
114827 6288 7311
114834 3602 6944 758
114861 8464 7035 396 6944 645 4691 2350
114876 3586 6994 2085 1847 3431
114994 2984 8291
114995 1276 6996 7298
115066 5738 4965 5086
115145 3431 7835 7037
115207 6884 1299
115378 1015 5843
115419 814 935
115441 4208 1981
115453 3576 3752 7661 645 4890 8659 2231
115455 9176 3107
115468 8161 2822 2350
115551 8464 4479
115558 2088 3519
115566 226 1010 8970 6777
115596 5356 4790 2043
115623 4217 932
115715 6438 7923 4691 220 7609 7253 359 3431 4203 375 6554 9292 1712 747
115797 952 9228
115835 5032 2459
115862 5245 4164
115906 6540 1882
115911 2114 8548
115927 6129 5003
115953 1067 5843
115991 520 4691 5376
116018 3893 6910 1371
116035 7702 176
116106 1953 1656
116129 1651 2114
116130 6933 3792
116156 2984 8022 5738 9230 4076
116207 7409 6621 1461
116239 3678 4618 5356 3233
116372 6288 2609
116373 2330 2858
116394 1720 4808
116410 2360 6082 1073 1277
116419 1570 5529
116546 5367 7685 2636 3143
116566 1778 375
116577 4456 2746
116587 4809 7890 3556
116698 5217 3623 3311 1383 7890
116996 6049 6890 1679
117024 6552 7430
117064 4408 7671
117108 539 6942
117129 51 7580 4876
117136 5843 4083
117163 1419 1968 2045
117174 2571 4808
117247 827 8413
117261 841 8765 5633
117266 4396 3441 3556
117317 2247 2146 857
117356 2944 5538
117366 7027 3752 865 6390 2571 5119 3143 3292 8291 3290 3163
117379 6255 6955
117409 3175 3216
117458 9002 6085
117638 2045 4801
117658 5680 5196 1277 1029 1309
117681 4466 6820 8984 8113 7717
117710 2873 2746
117790 8775 188 8292 3893 3023 645
117802 8464 8775 906 5042 3650
117828 5024 7702
117849 3176 6165
117869 5545 2617
117940 6562 3107
118008 7511 4801
118054 7499 2241
118063 2827 226
118091 4691 6609
118216 8965 4212
118218 7430 1778 7801
118306 1634 3893 8775
118339 7969 4808
118343 7027 3431
118368 8559 3209 152 4691 2984 4217 8724 6206 6822 7808 6741
118374 3678 6288
118392 6244 4555 4691
118423 9206 779 2824 6170
118502 7824 2459
118526 6206 591 1959 645
118531 6944 4691 5376
118596 5521 1636
118609 7406 3678
118631 8659 2350
118707 6447 9316
118712 4056 6313 1953 5393
118742 7381 8461
118803 5032 4298 1930
118874 2289 2364
118946 7577 7742 6609
118959 2822 3423
118963 6375 928 6288 469 5933 6392 1292 8464 6117 4556 1140 5843
118988 6114 9213
119038 491 1419
119102 7043 4444
119109 8548 1651 7823
119133 1842 3234
119157 2226 9101 1547
119191 5154 1347
119269 422 1468
119344 7768 2450
119367 4235 4939 8514
119369 6336 7300
119421 645 3292
119503 4615 381
119568 4876 2283
119619 226 1275 1273
119671 7622 188
119673 4517 3893
119685 2636 3910
119688 4238 359 6609 188
119716 4574 8659
119730 2984 4140
119758 6423 3271 18
119764 9317 3075
119862 4996 4699 5739
119902 6569 9309 7430
119987 3105 6001
120016 4694 7194 215
120062 3292 3493
120127 5738 1482 6186
120147 2550 5682
120220 3893 442
120223 5022 52 8314 8316
120350 2755 1311 7505 5565
120455 4231 4217 5349
120479 8765 6861 6206
120528 928 7747
120601 1679 2636
120612 3381 4691 503
120629 3351 2681
120647 5245 7525
120667 2328 5454 1073 6694 7629 3275
120709 3292 2166
120762 3098 3987
120796 8818 7194
120868 695 6432
120895 1456 1853 6832
120946 8970 1311 1904 2843
121075 7737 6933 8860
121089 152 1631
121108 7801 7651
121119 7946 8262 4486 8047 2376
121127 6678 9286
121500 3233 6373
121508 5083 4139
121524 4691 3491 5086
121531 4876 1651
121546 3863 1311 928 222 2805 6824
121561 4691 155 152
121592 1311 2471 359 4263 6313 375
121630 2226 5417
121634 7737 5632
121654 7198 6547 2984
121664 2864 6080 2303 814 6933 381 9292 1720
121742 2727 6635
121864 469 9072
121876 1656 6515
121945 6313 2000
121964 8091 9125 3602
122077 3670 4793
122085 3475 3630 4562 7481
122133 5778 1172 1554 6612 263 1608 51 6588 6432 3384 1010 6170 2791 1408 5302
122139 3395 991
122162 7735 4466 4752
122172 7228 2764 8659
122191 9203 9292 4721 3165
122215 7018 831
122247 8794 9101
122268 1461 3381
122325 1073 6551
122344 4232 3752 3818 2642
122351 6933 7920 8113 6987 3604 8430 7396 9338 2791 6082 6390 6671 2752 702 906 9292 1967
122455 7928 5022
122497 489 14
122553 3493 8590 6933
122619 1787 2505
122655 8559 4618 1525 7505 3994 3488
122725 4772 186 835 5682 857 5921 6828 6818
122784 3207 9238 186
122830 8443 6390 4691 8089 5975 5931 5686 932 6596
122853 8569 5059
122881 1273 2303 1778
122927 7942 2791
123026 6183 2271
123056 4189 3994 6720 8859 7027 417
123064 9304 2890
123065 7426 125 4298
123073 2414 5984 8548
123146 7433 55
123264 1724 3233 5816
123305 1968 3678
123326 4707 5853
123338 39 3087
123362 3488 6251 4876
123364 5188 2984
123391 5118 2881 5521
123451 2119 313 501
123487 2197 7830
123546 761 2241
123560 8464 3678 4965
123562 8960 6830
123676 5032 6933
123733 2973 6331
123743 4796 4273
123818 6671 2984 6933 7801 7467
123944 5578 896 3559
123980 339 3534 8541 3071 8130
123998 3187 4891
124045 6336 3678
124064 2271 5024 222
124106 8757 7860 359 1058 8054 6720 7577 7639
124154 2746 5 7043 5693 1842 6832
124171 339 827
124177 8651 2992
124198 4806 3281 906
124208 1714 5366 448 5302 8059 4217 4191 6438 8902 3491 177 5529
124226 7832 5376
124311 5770 6390 6832
124350 6824 8013 6671
124365 4951 3292 8379 5245
124369 5635 3678
124495 951 4650 3105 2678
124499 6094 4881
124538 615 8493 7481 6706 7406 4083
124597 220 5565
124610 103 3441
124653 4806 1651
124676 7577 8681
124742 4486 6003
124793 7920 491
124804 4263 831 2636 5053 2289 5513 2350 361
124829 8485 3531 4722 2822
124860 6809 2636
124896 5025 5738
124994 2747 5032
125016 5705 1558
125031 6402 1733
125135 3290 8681
125257 4238 8780
125303 6906 8273
125305 3556 2878
125342 5024 2873
125388 2984 1547 1267 4133 7037
125407 8115 1035 5302
125475 359 6501
125563 6933 5022
125573 339 5297 4444 7020 2841 3755
125574 2067 6847 566
125582 1253 1311 979 3071 3284 5633 6551
125594 6548 585 6313
125611 7780 6832 1262
125630 5592 5213 8982 3547
125675 2887 4691
125690 6671 3290 2555
125706 733 7580 1959 188 4806 2881
125755 5032 8635 5119
125789 4067 6248
125790 6408 1277
125937 5040 8054
125961 9304 2827 6933
125973 8730 9157 1968
126003 1547 7938 7920 4785
126092 7869 5118
126103 935 7800
126112 1273 8724
126143 8081 2293
126196 7727 1919 547
126199 4362 3427 4891 8737 3556 8091 7581
126214 6463 6147
126227 6751 9292 4447 6168
126271 7742 9208
126344 5376 4691
126375 3290 8294 6817 1681 3852 1422
126519 9304 4940
126521 3670 5376
126592 2292 4476
126599 9024 8059 3237 4371 8092 2379 2278 4721
126633 1514 991
126639 4174 3105
126641 7171 6129 3234 2435 2636 1877
126643 51 8775 828 7580 3824 3893 6269
126645 4396 2313 5269
126807 1015 3233 922
126809 4615 2636 7425 375 6186 5171
126842 7742 4554 3111
126851 5032 6288
126868 3292 6612
126888 1405 5245
126905 7788 378
126926 2874 5376
126931 4517 4925
126949 434 3544 7609 8659 2890 7045 3441 7839 4701 8464 51 4970
127030 3163 8588
127058 3102 714
127073 4263 5032
127080 6933 2710 2855 822 241 6158 2350 3051 4425
127086 4354 7609 4223 4232
127126 4812 2678
127129 6982 4298
127277 7485 6303 8236
127468 469 5249 393 4691
127520 8576 4691
127574 222 3226
127607 1953 8548
127621 4466 2350 3818 831
127650 22 3893
127686 8502 686 8138
127738 4806 6248
127800 1133 3102
127807 6067 5510 5202 5438 1547
127809 952 8590
127878 952 928 6446
127899 4868 5556
128040 1330 3586 6288
128066 1116 6248
128079 4806 2984 6612 3493
128115 5671 8022
128117 4722 6248 6581 268
128222 4298 375
128300 3606 2350
128334 8541 1489 2678
128388 2110 8131
128412 3272 3731
128415 359 5356 2350
128439 4231 2864
128507 9270 5042
128515 1238 5738 4615
128551 175 6635
128646 3057 1327
128664 8548 3370 7622
128683 2775 9061 1408 857 8320 6170 5025 6158 2010
128684 3233 6598 5478
128695 5693 4691
128742 217 7406
128779 694 375
128794 831 7183
128840 9131 8868
128921 4354 6987 5027
128933 9228 4581
129022 5025 3973
129054 5633 2681
129129 8795 8777
129139 375 7781 1114 6671 2057 7426 5331 3234 2173
129221 9293 8568
129239 3540 1186 7712
129252 6042 8019 3678
129289 5849 2678 7298 6277 1722 4774
129408 2065 827 7580 2025
129411 2914 6605 5245 4462 4800
129417 1387 724
129501 2550 4876 2414
129558 6082 6217
129582 3477 6113 6165
129678 4133 6832 8321 7109 5738
129700 4986 1461
129777 8033 6706
129884 5022 3470
129887 8775 6063 1132
129920 8580 3670 6080
130051 5115 7655
130160 7623 6071
130179 4446 4391
130192 528 5356
130300 9316 7577
130330 689 6944
130362 3165 2712 1461
130403 8659 6508
130408 6746 1277 3685
130543 6186 4806 8355
130552 22 1842
130622 6751 226 6933 6612
130835 3491 2314
130915 1653 7238 5590
131015 5068 1760
131024 4018 1277
131173 5421 2873
131335 8113 799 1613
131365 5022 4203
131400 8664 5538
131417 1959 1528
131462 8274 1059 9237
131722 6136 9101 7634 4500 2805 6521 1500
131747 2746 1608
131774 831 8724 6745
131843 8820 1737
131866 6375 4263 2289 4298
131955 4993 8493 2254
131965 226 6662
131984 3105 7824
131987 886 2269 8718
131995 6678 4298 6933 7109
132028 7526 952 5202
132119 188 8182 2301 6390 8019
132160 4996 7668
132183 1011 4212 6609 5744
132345 906 1311
132429 4691 5376 4115
132552 6009 1461
132578 6884 226
132669 6432 5789
132772 2996 1088 4864 6629
132774 8965 6288
132786 339 8236 2884 3304 6944 6746
132787 6933 6987
132862 3271 6612 2760 2140
132913 6313 2964
132996 5538 5622
133026 3535 3381 9292 339
133033 928 3778
133055 34 1119 6198
133165 4235 1882
133191 415 3475
133248 4745 5
133261 1653 3493
133270 504 2144
133310 1787 4554
133367 7976 6746
133430 226 1653 1311 7801 7297 2541 6170 1554 8321 3292
133484 3292 8099
133492 3304 3071 1119
133506 5251 2952
133540 5592 965 469
133566 8165 9081
133660 2231 1733 5739 6313 6671
133770 3233 3284 7351
133788 5393 906 6846
133820 807 375 9286 469 4554 52 3097
133913 5513 8974
134123 5543 4806 5171
134136 935 6629
134155 5212 4691
134326 3216 3292
134434 2709 6375
134539 3107 9251
134554 3561 4141
134660 2040 8033
134767 2301 6987 2226 3590 5595 6596
134810 4554 375
134836 8590 638
134844 3235 6402
134896 6678 6488 8953 4366 4217 3493
134904 965 6987
135026 6569 7485
135041 1367 6720
135155 8775 6165
135211 2166 336
135248 5356 1903 226
135250 1651 2300
135260 4177 5682
135269 223 2467
135323 4788 375 2459 5171 7430
135360 1473 5081 841 375
135369 6390 421
135435 186 3576
135615 339 8548 3519 2681
135659 5510 9228
135660 7523 9101 8746
135713 2984 5397
135750 1371 2681
135834 3354 370 5024
135883 7609 991 4366 2166 3290
135901 7228 8179 7798 3446
135920 4615 7027
135927 7604 3766 7312 5770
135979 152 8355
135984 4415 7027 7639
136026 6569 1524 2625
136198 469 3207
136216 2160 222 2328 4296
136220 5778 3547 717 87 2040
136283 6170 8847 8486
136353 3427 4683
136362 3051 2555
136423 8425 6824 8590
136458 2350 8782 2289 7975 1387
136477 4466 924 2874 5100
136536 8785 8260
136602 8464 5356
136605 5661 103
136640 5571 5072
136658 220 8462 2912
136709 2827 489
136737 2255 2720 6092
136753 2350 5627
136870 1277 1029
136961 906 5022 951 448
137036 7430 9101 7942
137196 3290 2350 2166
137204 3893 2984 5331
137210 5541 7622
137259 5865 1877
137278 2541 3556
137366 2791 226 2636
137393 6746 3105 7037
137408 6390 2946 7131 6375 5682 8780
137419 8413 1941
137588 6955 2231 3893 2278 9065
137599 4042 3385 7228 3879
137622 1119 6521 1610 8548
137638 3849 8493
137675 4185 1680 6457
137678 6914 3602
137810 4203 7893 4034 5119
137882 1110 7943
137967 3626 5025 3973 3258 1114 2760
137981 2479 6390
138028 5356 5675
138093 6327 3272 105
138160 835 7620 8860
138200 645 8775 9035
138208 9292 2328 6870
138210 2678 6520 4391
138213 6170 415 2746
138232 645 7781
138240 4263 8775
138291 1461 3653 4790 3061 4942 7982
138328 5082 6555 1504 906 3292 890
138329 8909 3087
138461 1119 3143
138471 3207 469 9253
138555 4806 2810 7577 3893 3292 7781
138684 2239 7507 1547
138741 2468 6244
138780 7746 3311 3107 1387
138781 6846 4000
138808 4808 2881 5032
138829 1195 8321
138936 1545 5415 3752
138992 6609 6170 8321 7801
139051 4691 7577
139063 831 1968 3431
139066 1842 2246 5763 2110 857 4774 1846 8590 418 5778 6581 6341
139080 4554 8321
139171 222 2746
139173 9213 4873
139177 375 7418 7581 2984
139205 4160 1461 8967
139285 5171 4701 2050
139368 1113 7425
139445 638 2779
139529 5840 1919 7727 8580 5213 1253
139548 6443 3519 1073 7580 76 162
139575 263 2992
139606 5024 528 2746
139630 8182 472
139644 906 7198 8845
139706 4694 6906 8050 7798 6288
139726 1277 2303
139765 1119 6198
139787 4554 8036
139949 4263 7781
139972 2312 4021
140009 5980 6733 3073
140013 7634 3792 2578 5302 4615 155
140156 932 5331
140228 831 8706 9176
140317 359 1545
140341 538 906 6671 8050 1494
140364 1968 4873 465 5006
140456 8867 6288
140478 3292 3893 8172 8978
140505 5086 8953
140735 5171 5955
140810 4774 1489 6824
140815 5592 2598 8321 6605 1356
140818 162 4235 5472
140901 7823 3914
140993 2764 359 7337 2881 186
141009 2387 7238
141031 6113 3292 2827
141054 2633 6164
141067 7928 4042 4965
141096 4983 7655
141134 8175 4129
141158 5676 222
141172 6248 3431
141256 215 6684
141273 6446 6933
141350 3893 6680
141485 4466 6612
141600 8343 3698 2350 876
141604 5108 4364
141641 3840 3290 8457
141723 152 8174 5338 3429
141736 9337 9101 475
141811 3934 2760 9253 3390
141822 2294 8022
142006 6082 831
142124 6846 2412
142351 9065 8853
142353 375 7223 2057
142367 4928 1778
142404 7783 5213
142435 1273 3561 7481
142462 3910 7409
142465 4691 2746 4115
142467 694 4951 7609 1836
142493 6336 863 488 7839 2984 3334 4104
142577 5212 8845 6186
142687 7923 6861 4555
142712 7768 2238
142757 1822 5682
142772 9203 5682
142817 822 490 528
142818 1238 2080 5843
142869 4298 7043 186 4793 1371
142894 3000 3787
142918 7651 6277
143025 2678 3844 2580
143076 2984 4691 831 6317 3752
143081 4298 2350
143106 1267 7481 2652 965 4831 2984
143114 6164 8836 2023
143118 3475 2419
143135 9292 6870
143161 4806 7043
143223 2400 4325
143283 9153 5793
143395 8785 7923 9156 5082 2743
143403 8590 4217
143410 4801 6113 2231
143477 7311 1508
143481 6281 6933 3431 9095 3940 3923 2370 205 4691 761
143546 8892 7252
143605 7580 5024
143614 2984 8775
143634 7128 9159 2993
143647 5356 4806
143768 8724 2278 6390 4294 3586
143844 5022 5131 5056 8493 6756 2350 469
143867 6147 827
144026 2350 5032
144034 9101 4691
144139 1529 5171
144148 8947 3105
144169 6756 2050
144266 728 1148
144286 5356 1330
144330 6164 2256
144378 8845 1930
144436 6746 5680 7019
144439 8952 952 6410 1408 7027 8477 4800
144479 8775 287
144480 4806 1953
144484 1653 4431
144493 1128 465
144572 7737 1804
144632 7206 928
144661 2636 8464
144672 4968 6592 8380 632
144722 4466 1383 520
144746 7634 4996 2168 1528
144778 3893 3698
144849 3207 18
144864 8724 2350
144879 3731 2998
144907 5565 5188
144925 3292 3277 1026
145042 4125 152 8321 2459 906
145053 2371 1485 8464 8222
145078 9214 6114 1785 3207 6390
145113 4466 4928 3748 6933
145358 6817 5785
145371 7959 2725
145404 3556 8568 6987 965 5458
145447 5814 6213
145543 3547 4615
145599 6581 5738 7511 3493 4407
145658 6671 306 186 8488 108 4223 9007
145703 8744 2109 6858 5534
145717 5224 702 9286 4793 4076 4428 8859 4538 7027 2449 256
145751 6784 3556 6390
145780 3752 4471
145804 2196 965
145892 3271 3105 5191
145997 3143 6945 8321
146019 8714 2944 3893 8953
146102 5478 5084 5822
146138 4506 4096
146232 139 5438 4271 4238 2571 5245
146287 1461 7823
146293 6629 6933 6807 3057 4376
146343 2984 7982
146348 1930 7801
146469 3207 3893 2874 2984 7609
146477 6129 639
146728 1030 8113 4928 8593 7577 8769 4298 2241 4793
146777 5479 231 375 1857
146866 7823 8413
147055 1280 7318
147059 3440 9304 6007
147067 7525 3731
147072 2419 278 7938
147092 5025 2144 6987 6104 1634 7043 9280
147149 4466 9253
147214 5032 7480
147251 8580 3547 1825
147277 234 6609
147287 3658 7830 3893 906
147353 5541 7622
147404 2984 2620
147621 6186 8464 5034 4182 81 961
147707 4690 5590
147789 966 1199 2447 6786 9095 381
147803 6933 3602
147826 7735 2425
147847 6394 831
147890 9304 811
147896 926 3493
147914 6933 3066
147950 703 5245
147977 3556 7609 2854
147996 1842 222
148039 3586 5356
148102 2166 4407
148260 6438 702
148272 2350 3559 8568 9077 1296
148299 183 5759
148325 5024 8568 3216
148380 4218 6192 3274 105
148412 87 8965
148521 539 635
148535 4345 2996
148537 8590 1242
148596 8493 1636
148615 2435 2061 3043
148624 1722 7787
148638 6248 855 2881 2691 6959 3602
148641 4876 3872
148644 6447 3684
148723 8201 8548 8993
148747 3753 7812
148801 9191 5302
148848 7735 256 7430
148851 9072 8464 1371 6244
148888 6375 8321
148935 1941 5086 6113 965 2350
148972 5032 2578
148983 7425 562 2746 7298 107 2843 8050 3290 51 6987 469 8568
149039 2172 721
149053 831 5513
149295 2294 2425
149346 6678 3254 5191 2241 7545 3987 5024 2921
149363 8590 3766 5212
149383 7742 1525 4915 3778 3766 2620 103 2542 6375
149401 6994 7735 1238 8780 5986 3678 8997 8022 4806 2822
149414 6007 3007 3440 8914 5144 313 8654 7692 504 9187 4336
149476 5356 6756 6671
149498 4444 504
149506 4353 4806 6485 8970
149508 2037 3286
149588 7449 3272
149643 4606 5047 6777
149703 8360 2078 5393 186 152 7781 4891 2196 3245 6678 8321
149740 6671 58
149752 8725 2236
149758 2889 965
149759 831 6671
149780 2471 3216 4615
149811 6605 3519 8459
149865 7253 1238
149939 5245 3880
150138 2931 1959 8179
150170 3678 1296 183
150214 8045 5391
150216 6158 2154
150255 6933 8525
150308 3563 2502
150320 381 7007
150345 2990 8284 7800
150358 2760 6367
150365 4042 5738 2755
150370 8050 7577 8091
150371 4272 6933
150395 6746 4298 8725
150457 6220 2969 898 4785 6825
150518 7800 375
150526 327 4203 5699
150535 4217 2110 4238 7577
150616 8314 7183
150719 220 6067
150720 5497 2881 9237
150744 8590 2294
150824 7762 3678
150865 9156 5116
150896 3292 8775
150897 90 3678
150900 2350 2325
150906 2691 991
150935 6933 6294 3237
150957 965 6596
150997 2984 6933 3120
151040 4056 8493
151053 6129 3102 1299
151209 831 2289 5393
151262 6007 8464
151303 8867 928 375 2984 8295 4806
151307 7577 857 2708 3395
151374 6248 7661 6846 7801 4517
151554 3661 5693
151652 1886 4837 6186 4498 7668 8659
151668 4831 6820
151678 3119 188 2231 9253 2239 2045 7737 3292 645 7155
151679 1330 879 2173
151860 2874 1454 4868
151884 3075 7341 5331
151914 5056 2249 2124
151918 3296 4366 4364
151922 5355 7499 6201
151958 8103 465
151980 1889 6671
152003 3787 3292 4633 3606 9304
152076 3107 2678 1029 4691 6303 5181 3033 2303 4345 6036 3165 6021 1474
152168 7768 2308
152187 1029 8033 5590
152190 3431 2124
152268 1119 6336
152295 4152 2949 205
152302 6671 4691
152341 3678 4364 7772 2484
152364 3725 3893 2278 8292
152405 9042 4694 2345 8204
152409 2398 359 688 1277 9095 3304 6230 4444 1922 5590 1568 9261 5027 7589 5919 1461 5074 9176 2671 2597 470 1545
152415 9292 7598 4806
152485 5022 4194 7622
152540 2386 2843
152559 4404 4498
152565 2874 421 5739 2314
152580 5680 1387
152614 8854 6596
152662 3778 890
152694 8379 3602 1471 4135
152747 5119 4396
152839 6581 1832 4439
152850 226 1304 4203 8853 3752 8978
152859 5302 4806
152884 8972 4505
152964 6933 3678 8147 6375 188
152974 8637 5280
153025 4792 2984 5171 3317
153105 6924 9292
153226 520 4806
153232 6933 6212 6117 898 7240 18
153351 4298 3207
153384 9304 3216 6352 6846 7481 4804 4965 8176 6212 2987
153488 4554 339
153508 8659 6288
153541 5778 8240
153568 4390 5083
153604 4238 3670 8484 1842 3271
153617 6164 2984
153714 3670 1387 2746
153736 2506 625 4271
153739 2667 1387
153831 7577 4785
153884 6042 7768
153980 8659 5356
153982 4928 5024
154046 5583 4042
154058 965 50 831
154089 5072 8314
154100 2822 6987 51
154148 3637 4076
154171 6973 952 6551 1119 2843
154242 4298 6933 1311
154279 7923 3263 2246
154372 1387 8959 6243
154388 7167 599 7426 188 2755 2241 1253
154391 8067 2314
154440 8724 2609
154463 7781 2881 6390 8847 6720 186 9067 1533 2827 3493 2858 8681
154586 3752 5450
154597 3061 6596
154599 7413 5519
154609 5024 3395 8882 7954 359 52 7830 906 7109
154641 125 1017 789 7609 4196
154675 4691 5245
154680 2678 2075 2670
154720 1320 4020 6170 3973 261 1018
154734 1198 4806
154830 2589 2114 6480
154881 1838 5506 4083
154933 8469 7524 8590
154939 1525 6244
155012 2827 5478 2984
155163 9182 5393
155297 6933 7313 1015
155377 51 6629
155389 8559 7577
155402 8568 3223 2350
155622 6288 4983 2636
155627 898 2258 928 549 5513
155742 8314 1029
155744 8860 8033
155746 7639 7043 520 1379 1959 3234 4806
155830 6206 6581
155838 341 1945 8568
155940 7728 3240 3138
155997 965 1148 6987
156034 5661 8791
156052 7977 280
156066 6612 8836
156096 6933 3431
156098 8789 2003
156165 1029 186 7580
156234 5245 4407
156240 8321 1456
156291 6259 3678
156328 2098 1114
156371 4928 4792
156427 7830 5738
156498 5529 5543
156557 6944 2609 8877 4105 6751 186 3790 2350
156559 1067 7406
156580 180 5376 3381 5251 4554 3973 6390 5865
156593 1842 3292 375 6933
156599 4360 8050
156614 8965 3237
156631 4754 1299 974 5682
156632 3595 1636 2836 8026 6387 7942 7481
156686 87 3602
156694 8803 2864
156718 2678 7800
156730 4691 8568
156788 1968 8582 8184 8737
156790 965 5331
156867 4806 7580
156909 1429 9120
157030 6164 4962 2114
157043 7737 4151
157165 5356 8984
157181 6706 4269
157190 1512 3602
157305 8321 1029 5047
157385 5357 186 7228
157483 7609 942 2873 9207 421 2651 6933 4792
157522 6540 528
157572 5273 5024 8050
157595 2820 3431 3207 4577
157617 1651 489
157664 6439 4858
157719 2459 2774
157743 2025 9157
157765 2289 6097
157946 3488 882
157975 5592 965
158119 1311 222
158170 221 7661
158224 3998 8744
158242 5171 4076 1311
158256 6082 2912
158308 4965 6080 4298
158389 5356 9065
158404 2384 4279
158428 4694 1378 5680 7210 952 1930
158474 2581 4983 3097
158489 471 6621
158509 5592 2463
158532 5032 1419
158538 6933 8568
158557 8606 1330
158666 7672 6692
158667 2301 1473
158677 6301 2636
158698 8321 2461 5521 2846
158844 1330 7943
158857 965 8091
158948 4891 1889
158995 9228 3389 3183 7043 164 1955
158996 2681 1416 6532 585
159008 645 3314 3547 2746
159053 8485 6204 468 3752
159069 9214 1411
159109 906 8481
159196 5119 5032 3216
159240 8632 6454
159241 4257 2171 3397 532
159246 7577 7717
159373 7351 699
159374 7737 2231
159415 917 6678 5644 8026 1324
159450 6671 7839 8780
159489 3475 1387 2294
159504 5693 4231 3852 1877 7609 4806
159526 3057 5088 5682 7356
159566 209 3398
159613 3237 906
159638 8765 890
159671 687 4196 7521
159710 6390 1547
159739 6571 4577
159789 5032 6933
159823 5513 8109 3233
159897 1930 4806
159909 8968 4801
159937 3464 8984 5074
159981 6846 1722 4691 3431 1741 8548 3778 4819 9101 8780 6205 6933
160004 2294 8902 2589
160064 3143 8548
160156 4996 2843
160245 3226 3237
160249 7742 8783 8795 9159 8091 2289 8780
160271 3519 827
160275 6336 2484 3586 4806
160304 194 105
160349 1015 7717
160579 965 3893
160597 6581 6912 4180
160610 5329 6035
160635 6113 6390
160682 4670 9072
160692 5032 7938 8635
160760 7580 4574 9304 965
160832 4741 4212
160902 4752 2914 7356 7411
160921 3973 375 5376 6540
160931 3823 5276
160966 2350 165
161031 3880 3292
161034 3989 108
161052 3475 8548
161083 1347 2691
161109 1125 6596 6197 8382
161119 5415 965 2783
161156 3429 2000
161158 2110 4793 2152
161177 1358 2159
161221 7298 5143 8139 1722
161257 8906 5116
161273 8590 4691 3233
161329 409 3097 6375
161343 8321 1383
161378 8659 707
161473 8746 4012
161517 8865 1547
161541 3358 6288
161556 3168 5121
161611 675 7742 5024
161685 6480 6198
161720 8568 5463
161764 6832 3475
161798 8795 5202
161824 6147 339 2114 1651 6923 4607 9292 1356
161825 1030 2110
161906 4788 1547
161907 9228 4792
161915 8130 7604
161931 5302 8379 3731 2984 2805
161967 3292 831 2827
162050 5644 8219 9286
162090 469 4301
162143 4072 7737
162150 1324 6678 2734
162188 8091 1018
162249 189 1267
162253 1651 5633 489
162256 4277 4691 1930 3556 2998 1650
162297 3556 1722
162300 87 6756 9292
162302 2749 2010
162316 1953 4691
162340 2195 2075
162412 2984 2350
162415 7353 9306 5118 9304 1058 3460 4180 2246
162518 3163 1371 4203
162542 952 2864 7334 5510 9160 6193 683 424 2241 8902
162575 8548 4876
162588 1681 5924 7936
162630 7920 5171
162723 5357 6171
162726 4298 4691 3897
162747 4691 5510
162770 4407 2534
162839 2727 5308
162855 4951 2350
162896 4000 2350
163054 5397 51
163135 4951 3658 222 1113 8109 1930 5022
163231 5338 9304
163316 2350 4607 6150 2791
163352 9371 3491
163362 4965 5955
163403 4670 5992
163502 4331 6362 4615
163535 188 6944
163559 7801 4691 8764
163648 8590 6825
163763 5693 8316
163899 5644 8416
164013 18 6336
164129 1074 4965
164157 6994 2294 6635
164162 5513 5593 4806 4597 2984
164175 4454 448
164270 1029 7290 9337
164340 7651 7581 4951 7481
164348 4402 2000 34
164390 7801 1608
164399 4212 4150
164415 5515 3456
164460 3561 2932 8217
164509 6336 2085
164668 2761 703 3292
164752 9157 890
164760 8109 1419 2085 5032
164764 4691 3233 5066
164837 5081 7781
164883 7824 6933 4391 1267
164931 469 6746
165006 2746 5180
165046 226 2881 5356
165057 8079 2510 3475
165142 831 4754 8265 8477
165156 1144 6164 4745
165180 9176 8585
165326 969 898
165380 2350 2761
165387 205 222 3493
165407 8179 6248 7801 3491
165418 8321 9292
165456 797 5349 3124
165507 5356 6246 2289 4806
165569 8401 6245
165664 5356 3586 4806
165665 5798 6547
165696 9228 4530 4849 1556 8477 2944 4721
165727 8853 2727
165800 5521 733
165821 3423 8984
165829 3225 420 3431
165839 2820 969 4232
165907 4554 5377 8003 2303 5 6671 733 3731 2138 2226 3436 8803 7875 761 8764 197 6847 7980 5722 5025 7577 5181 2651 2470 4217 186 560 2241 520 6240 1018 9207 6089 1872 2085 4466 8650
165961 844 8590 144 8452
166014 2969 906
166019 4354 2843 1330
166061 4395 7313 6129 8077
166070 601 2778
166095 5377 5393 7742 3077 5198
166096 1296 5144
166107 8271 5171
166123 8590 4694
166146 1968 9317 8718
166159 6662 469
166191 6048 6933 5356
166195 7523 6848 2025 6322 8548 8321
166325 3547 6375
166361 7430 3672
166412 4252 7661
166424 703 811 421 8493 1842
166443 6596 3606 7801
166497 609 221 983
166580 461 331
166581 5738 6882
166585 8191 4732
166608 2307 932 7509 7306
166770 6399 4133
166866 8131 6003
166917 205 4235 35
166965 6244 9371
167001 528 8580 6288 3313
167012 6609 8984
167048 7823 827
167061 6596 9213
167107 3924 4008 4691 3233 1916
167123 7647 76 489
167174 1037 8853
167175 5101 1324 103 186
167244 827 8321 375 7622
167248 7892 6021 7037
167282 8080 3105 1525
167283 3602 1737
167302 266 2294
167354 4806 4981
167423 2984 4694
167467 2328 2763
167516 6832 6375 8681 142 7741 5921 8321
167631 3880 6048
167661 6390 7131 3451 8681 375 7717 8050
167666 5171 4892 4986 339
167782 1637 5182 898 6692 442
167787 520 6248
167850 5356 5797 3207 6113 4788 6832 9305 6082 4806 3661 9065 3234
167865 5032 7655
167870 7735 7665 6784 4208 2991
168054 7839 3381
168235 6820 3493 3556 9244 4615
168326 339 4476
168336 4172 7624
168351 1608 7581 4866
168356 7735 2239 7306
168470 2287 1330 4691
168486 3292 7737 442
168539 9101 7285 528 4965
168547 1513 221
168563 9182 2350 8343
168643 5024 2860
168663 3102 226
168669 2858 8681
168747 928 4140
168758 9065 2984 703
168798 5548 8464
168813 7735 4939
168844 4806 9024 6714
168850 6489 8321
168973 2873 1593
168998 6147 2303
169079 6040 9049
169103 4196 9124
169112 1865 3590
169150 4615 5301 7507
169155 965 8953
169175 5738 4728
169281 647 1461
169336 7091 7253
169357 9014 7962 7581 2909
169381 3292 4779 3590 2384
169398 3143 8413
169417 8019 5198
169420 7426 6336 8953
169422 4096 8568
169423 2231 2652 2984 2459 5543 6007 9253
169454 831 6390
169527 520 6336
169529 469 6164
169539 1547 4298
169559 6933 9293
169673 9061 7073 4517 4208 3731 1570 3535
169730 3514 6408
169785 6612 3493 906
169816 2350 6987
169857 3132 7824 1953 965 6609 9061 9276
169880 4582 3207
169891 4756 3731
169945 7920 6195
170152 6146 3731 6720 6832 1895 2874
170323 8568 6807
170349 103 6996
170418 7735 1010
170473 5357 5171
170504 6751 5578 1888
170593 375 5302 1029
170621 1135 2263 7943 6078
170682 972 6375
170722 8194 4702
170735 1070 5682 1953 8681
170779 4986 4694 6480
170887 3837 7523
170916 8953 4772
170954 6198 1119
170993 9292 9118 1889 6248
171007 6933 2934
171122 612 6197
171144 1358 7609
171178 6933 8265
171196 2827 1930
171310 6313 4808 1184
171503 4554 1738 8997 8678 8637 8916
171521 4876 8548
171645 1371 222 4212
171667 1228 7299
171718 5593 6301
171793 4453 152
171806 4859 9072
171929 2839 9292
171970 7755 2045
171989 951 8274
171991 1508 1889 8668
172001 7823 465
172090 9253 186
172147 8115 2678 3381
172218 5112 9014
172229 339 1651 5633 3745 8548 1953
172232 1482 222
172288 2874 5778 6662 18 2278 5478
172297 2843 2805 4774
172331 2805 7835
172336 5202 6746 8321 8965
172337 2463 7692 9304
172414 8997 3292
172420 8663 1058 448 1473 7860 1945
172435 3216 4104
172471 1184 4806 831 5356 3277
172572 6375 8321
172588 5438 2278 703 5538 5245
172738 5738 343
172820 90 1111
172892 8452 1461
172895 7824 8902
172954 945 1738
173048 152 5357
173055 6450 5680 2592
173109 7747 926 3586
173179 7003 7430 2085 2355
173194 8637 222 945 5081 5682 7801 8681 6512 6987
173360 339 8548
173376 8541 2308
173411 7742 7577 4915
173459 6067 5086
173474 3602 1408
173523 2350 5022
173524 2562 6375
173532 5689 5032 4291
173539 3823 339
173571 4831 6629 5739 2350
173577 3304 9202 5680 4139
173622 1821 3234
173624 3893 5032
173640 5513 226
173926 3225 6459
173941 6067 833 1784
173981 5415 4806 6808 375 5202
173983 6933 4182
174087 1738 1461 5791
174164 5331 7377 643
174169 5627 2633
174231 5034 2165 9157
174242 3431 831 7883
174271 18 6609 4806
174280 6822 612 5022 3127 403 2069 3747
174341 7318 9341 2003 9120
174371 1371 2205
174388 2350 1067
174389 1651 4298
174618 5082 1032 5354
174632 2325 5025 375 1371 1514 2571 6933
174697 8314 8373 928 381
174707 5995 4861
174724 5024 375 1324
174742 8033 4008 1298
174772 9101 9253
174809 7136 9290
174892 7609 1869 8050 6240
174940 9101 1311
175017 7481 3384
175058 2110 6746
175068 523 3633 7339 6846
175081 1460 6781 6094
175210 8633 8725
175322 3272 5217 7553 6276 4937 6288 2746 1757 2864 3949 5171 2254 8493 7735 4806 8984 8355 675
175323 2350 9101 3606 1311 2881
175369 9101 1968
175387 5432 519
175396 951 2373
175415 6065 6390 959
175489 6933 8109
175520 2890 2727
175578 51 5954 9305
175614 469 8484
175627 5359 528
175900 1547 1489
175919 2376 8236 7846
175952 6609 6375
175956 8782 4792
175957 2864 520
176051 9286 2239
176054 898 7928 811
176094 638 3395
176161 8775 469
176239 8655 6170 5592 6358 1737 4888
176247 6987 6276
176490 5171 1029
176506 5357 4620
176571 5329 1115
176651 8977 9006
176680 1681 2964
176714 3782 965
176723 3314 1327
176803 95 1895 6303
176852 6129 7800
176925 4364 8236 721 2484
176941 3897 8902
176945 5180 3604 3292
177026 7830 6933
177089 4396 8042 1968
177101 5565 6746
177150 51 6569 167 9292 9033 6164 1461 3493 359 1387 8606
177193 5121 6423
177338 4986 1116
177385 8541 827
177390 7332 8321
177429 645 2379
177496 1877 7424 6288
177584 3606 7832
177591 3431 4000 733 3051 469
177605 7737 442
177622 3972 2069
177657 7801 5302
177663 5513 3292
177693 7742 2289 3678 7312 7824
177701 7298 2746 4231 1362
177703 2350 2325 9007 4066 9061
177765 1140 4691
177824 8638 7430 6409
177934 2984 7226 4469 375
177948 4554 4466 5376
177972 8775 7027
178008 221 1347
178160 3066 6122 7337
178199 8382 7830 4126 3493
178228 6629 6933
178278 56 2636
178328 4925 8634 8637
178340 8314 2350 570
178404 4806 6612 2984
178463 965 6336
178486 7425 288
178565 6331 3731
178681 3534 3284 7339 3097 2170 3558
178713 1547 1311 7043 3840
178733 4774 2678 1119 6230
178788 2350 3606 2069 3163 5022
178790 5269 7577
179039 4321 3893
179047 3493 4466
179062 5590 1242 489 2839
179142 9310 6198
179173 8922 7481 4986
179180 2350 5627
179188 6158 4691
179220 8321 5212
179266 6746 8321 7800
179333 5038 8493 8993
179346 7481 8314
179372 831 5513
179405 3787 2964
179512 1461 2289
179546 6629 767 2827
179628 3051 3143 5269 7742 2984
179654 8775 9213
179656 9306 4333 4819 2873 1262
179669 4574 8787
179705 1608 4466 1148
179724 879 4074
179776 7398 6987 313
179790 6390 1547 2459 7832
179802 4078 9305 926 381 7742 2578
179947 8321 4238 6746
180023 6767 1273
180043 3271 6390
180097 5356 6612
180195 8033 1911 3105 1645 5524
180230 6313 2350
180272 6709 1482 4633 4444 5513 3731 9201
180280 3893 5357 9253 7588 2534 5245 5356 5202 3740 6080
180347 6164 9156
180445 4856 2681 570 6746 6918
180451 7800 9072
180553 7485 5513
180564 4212 5592 6248
180586 2357 6291
180618 2350 6358 1018 6113 6987 6733 831
180630 7289 1253
180654 3431 3630 3249 52
180795 1703 1073
180887 5201 3844 4304 2294
181011 5510 1545
181053 4691 6752 799
181071 5680 1273 8321
181087 5578 4238
181106 8724 5955 2609
181160 5592 1471
181183 2401 4035
181207 469 215
181237 5177 1503 7455
181266 6635 5289
181416 8321 4577
181427 8289 991
181457 7433 5162 8518 5025 1525 6605 8585 7063 1720 5331 1026
181584 8876 375
181637 6819 653
181649 2984 6933 5269
181653 6581 6662
181817 5269 359
181864 5538 5022
181865 1482 489 6716 3645
181873 5513 1075
181901 7507 5304 7735
182038 2310 7719
182063 1277 1029
182082 1114 6313 8659 5042
182106 8669 6808
182155 2085 802 1468 7089 7240 5478
182342 2256 863 4821 6336
182368 9161 1889 5032
182394 7735 7306
182404 6720 1262
182416 928 1330
182432 7462 3792
182481 7043 811
182544 8373 1778 6109 3308
182557 5592 6987 3341 2314 2196 5513 6982
182620 3893 183
182649 827 1454
182707 8659 1074 8464 7839
182768 6807 1473
182828 1681 7624 491 4585
182831 3590 4615
182888 4801 8299 4145 8179 675 5032 1070 4202 9332 384 3137 4291 2036 6320 3419
182926 7692 5409
182977 2984 222
182996 5357 3463 991 6375
183071 6082 6007
183112 2289 6336 5521
183124 6170 2303
183235 1067 8424
183374 8849 2806
183387 3561 592
183395 4466 2386
183443 8681 7570
183463 9072 3731
183727 1877 9101
183729 1845 2720
183736 8548 5086 8965 339 7796
183745 6596 1110 6933
183850 6158 4691 7581 6341 8902
183858 2769 7639 5212 5693 2914 6390 5528 3500 7447 6987 4000
183872 9124 6671
183888 3602 1808 8373
183896 7459 9042
183901 8109 4806
184005 3731 6766
184100 4691 4701
184121 341 8777 1945 1026
184153 3752 4172 5538 9292 5119
184170 152 1326 375
184262 4891 186
184351 6147 2114 418
184374 8775 4577
184411 5438 3423
184429 2760 1716
184440 4806 8997
184495 4268 5356 6080 4808
184624 5682 375 7634
184659 1722 983 5534 4792 4663 7781 9036 6508 1454 702 1387 4722 214
184703 9240 8795
184704 1681 2571
184790 3602 375 1010
184799 9036 7839 9304 6807 1018 831 351
184911 4721 5022 6158
184923 5570 6612
184934 7298 5153 4102 405
184976 2413 7824 2350
185016 8860 3602 4607 35 280
185114 6182 2350 6117 2710
185136 3233 8795 2838 4691 3310 8654
185279 4444 906 4831 3576 8596
185313 3082 6933 2468
185389 7737 2984
185547 339 7008
185553 7801 4808 9286
185557 1461 6147
185610 7298 5055
185656 2869 3678 8477 1442 2720
185788 7801 4691
185789 8335 4010 5157
185809 6288 6336
185824 4208 2984 766 5086 6912 4577
185843 6635 6609 1277
185870 2625 6375
185882 760 2743
185971 4806 7462
185992 6399 1168
186052 9262 3679
186060 343 952
186188 4806 8413
186277 3351 921 1018 6390
186397 9292 3678 5693
186445 7 8577 4391 8803 2873 4812 6375
186459 3658 4203
186472 2137 747 4694
186527 5072 5356 4208
186601 1738 8153
186639 2678 381
186720 4965 4263
186859 2984 6671
186894 898 7397
186914 2246 2231 5313
186994 2373 5357
187064 5675 2065 1114
187091 3105 83 2607
187129 3059 2952
187190 6158 2636 1953
187208 268 717
187258 9213 5227 5302
187368 2414 1330 8413
187370 8970 4140 7474
187452 2239 8211 3292 5565 8464
187531 7839 2984
187537 3586 2678
187564 2308 8413
187727 7548 6203 4824
187757 6941 7007
187818 809 7228 1399 50
187843 7610 2881
187874 5032 7655
187947 8877 1018
187956 6689 8548 7579 7823 2310
188014 375 7430 3766 5060
188075 87 7012
188113 2107 3105 4110
188136 1624 2237
188253 1558 1582
188272 3431 6375
188310 9035 1959 3752 4372
188324 8493 5320
188405 223 5086
188481 1461 8412 7742
188486 359 188 180 5171
188493 1738 8260
188508 1277 4852
188627 5032 3590
188641 3431 3739
188650 436 9356 4381
188687 4841 2037 8714
188715 2298 6151
188716 6313 5150
188743 2843 9143
188755 2822 7728
188833 3818 4517
188891 3249 7567 5502
188900 2874 520
188917 2755 5521 1236 7943
188929 6461 4238
188937 5146 6548
188969 1371 7737 3292
189180 418 6935
189223 8464 6629 8820 4500 4614
189262 6609 2106 7339
189372 5171 7801
189380 3606 8837
189383 2459 1267 6933 7923 2984 1189 7781 2794
189399 1681 3234 5181 4803 5592 3684 2172 381 9101
189411 5143 5620 6164 7306 5495
189463 3381 6274
189467 2174 8568 917 6987
189493 9240 5 2620
189550 1931 2414 6028 3499
189573 4948 6423 3678 5356
189619 8054 879
189655 4790 8143
189681 5510 4444
189783 4806 1959 9185
189966 6375 4231
190071 3292 3760 3191 3237 975 5245
190074 6671 2805
190172 188 7253 8952 4806 1324 3216
190185 6387 8091 4806
190198 7663 3075 1615 7194 8765 9292 7943 2301
190208 3808 3105 8570 9280 8590
190263 7692 4203
190303 1651 2114
190383 1454 935
190436 2763 7622
190537 6678 4231 3254 6336 1720 5086
190571 5024 7920 9371 6524 5181 8050
190583 3893 3292 2239
190646 2743 1497 7318
190667 8877 1733
190731 7943 1844
190819 4662 8016 8321 1223
190900 6720 1608
190950 1454 682
190959 7875 761 7007
190969 8363 8548 3378 6082 6548 7768 9072 6893 8765 5900 7835
190974 3233 8283
191059 6288 5393 5508 3740
191079 8321 2459
191109 6093 4928
191117 9292 122
191143 8580 838
191212 3683 7604 4691
191284 3132 5257
191302 469 4691
191365 2873 4805
191484 9253 3138 8189 8891 6635
191526 8725 7261
191530 5791 3381
191542 4331 5565
191605 2350 155 9061
191687 5175 6414
191734 3318 2589
191752 811 7206 2881
191770 4231 1651 81 8548
191776 3752 934
191830 8724 3271
191856 442 6255
191857 6390 1356
191897 1736 5686
191935 3290 6434 4182 1113
191942 3595 6725
192074 7433 1018
192081 4290 2944 3431
192111 6375 7575
192128 8845 6933 2681
192177 4733 1102
192194 9127 1482
192196 9228 8568
192258 6935 2620
192362 2166 2775
192398 5543 381
192399 8901 4453
192414 152 8240
192503 6375 9016 1903 3929 8426
192548 1018 6288 8122
192606 7553 3102
192662 8339 369 1857
192719 5024 6746 9176 4928
192740 2155 4694 3731
192840 8605 1651
192844 2984 7063 7742
192851 7043 5415
192867 8013 1895 8854 1367
192891 5421 3396
192915 435 5335
192960 6164 3525 6082
192966 6375 7954 849 9286
193007 3475 2864 7499 8033 3232 3138
193038 8464 3233 5515
193179 8486 8584
193212 8590 8143
193262 2391 2289
193267 9326 3602 965 5896
193331 6244 9061 2019 6336
193557 2746 8902
193587 7661 6080
193666 8885 8050
193740 4476 5200 8548
193799 3429 375
193870 3849 2620
194090 3381 7742
194105 3235 5024 3271
194109 2873 6706 8335 4582 4269 2746 2152
194151 2763 7210 2710 675 4196 9007 8219
194206 7577 5181 4304
194214 7511 1114
194268 5693 4806
194291 2984 1026
194339 7959 3787 4806 6612
194502 898 7290
194604 359 2924
194651 7043 7577 7609 7526 2459 94
194663 3606 1711
194717 6609 226 448
194746 3630 51 4364 7481 4702 4554
194922 6706 3051 2350 7735 6375 4298 2328 4615
195070 1872 1318
195127 2317 6325 4517 8289 1461 8981
195201 186 866
195215 4752 3721 7523 469 716 5280 6746
195222 974 4364
195224 4806 7639
195235 4231 4691
195285 7285 4806
195336 6240 2602 6164 6288 1324
195348 7679 1238
195354 3207 4806 4965 7609
195525 7313 3258 7702
195589 9213 5356 7928 4806 8775 9101 8965 4754
195592 2485 1547
195595 3561 1035
195634 9361 7606 1898
195645 5024 6832
195677 4263 230
195678 3576 8775
195752 7801 1681 1330
195773 1554 5162 4291
195810 3493 4194 4803 2425
195827 6375 6389
195903 3057 4121
195911 2984 7027 6933
195931 3602 2289 299
195968 3893 4806 3390 3292 4260
196056 4372 7337
196079 7617 8853 9214 4223 3430 4498 2231
196093 8845 5171 2325
196155 3561 2069
196166 1733 8321
196282 3586 9101 1468
196371 4803 4808 3235 4691 1311 1733
196388 6596 8013
196418 5356 6933
196455 3678 7742
196494 8845 1276
196532 7545 2256
196648 222 5376 4691
196718 4949 7839 2652
196732 7467 1953 7272
196736 1778 6288
196960 3752 2226
196987 3576 5302 6709
197008 4068 4444 2082 3427 4660
197070 8488 7036
197170 9014 4793
197199 3893 7844
197364 6629 1330
197416 2350 965
197452 5081 1968 8718
197455 2256 7027 8937
197529 8552 6294
197534 2350 5172 5620 5213 6355 8864 1183 4119 7580 7742
197564 8560 7755 5979
197572 3630 8153 3678
197613 2964 3419
197642 5682 6164
197729 4806 3493 5331
197748 6197 5356
197770 5032 8590 2984
197871 1790 4329
197925 4554 2873 8681 4466
197926 6791 7580 539 2918 5592 1371 6303 3233 4298 4691 6933 1959 1953
197959 3678 2154 3766
197976 1262 448
198018 707 1634 2966
198056 8559 8013 2984
198089 4592 8109 7228
198095 1489 9273
198146 1826 6158
198257 2881 2984
198259 2419 5072
198308 4681 7735
198335 2003 6078 4892 8046 1582
198344 2727 8970
198383 4790 8760
198491 3602 6415 5024
198610 7823 1968
198632 2297 4790
198633 3893 5022 5032 4194
198692 5896 6746
198726 2805 1113 9101 1508 465 9213 928 3893 831 5245 3748
198747 4691 1595 1959
198796 2325 2874 448
198830 8064 7781
198846 5331 421 4554 405
198882 4800 226
198900 8507 9132
198915 8382 9182 7609
198926 4732 1945 8789 8897 2003 892
198934 7609 3395
198945 6375 3766 3068
199116 5025 528 917
199152 9213 6746 3292 2827 9338 2984 890 6113
199187 2114 2759
199200 3156 2045 4891
199305 2873 1454
199346 1356 6244 1461 415
199360 3806 3678
199374 6944 3431 2535
199429 6248 7226
199515 1508 7606 2563
199557 222 226 675
199598 375 5086 1330
199714 4655 6301 8299 5798 1454 2636
199743 7478 409
199755 4928 9306 8026
199756 2984 965 375 8581 8091
199785 808 4172 5107
199814 1649 9176 1104 6596 4231 2555 1330
199842 3292 6313
199875 2278 4928
199877 1738 2247 5510 4785
199882 5356 4691
199889 1638 137
199917 8314 3556
199948 1065 9065 3606 9024
199965 2914 5245 4203
200027 5357 1889
200084 1347 3463
200186 2045 8070
200219 7043 359
200317 381 4965
200329 4962 3602
200335 5171 8965
200364 448 8659 5032
200418 381 175 5251
200465 5356 7722 5538 8606
200496 3431 6117 9124 5682
200526 7008 1010 2756
200614 2746 8681
200817 8145 7467
200850 4962 6390 1725
200865 4364 1486
200878 2744 1328 5072 6488
201225 3576 7843
201251 4774 4592
201331 1959 2541 6933 7253 5273 7737 5972 9253 2166 831 6113
201340 3809 3292
201350 7735 6933
201381 8502 5763 4757 1035
201423 5587 831 2278 5356 6288 6313 4196 6714
201454 5849 6375
201464 3156 4681 2350
201475 1122 2294
201530 4831 6571 3559 188 7737 442 1030
201537 5086 6274
201540 6609 7577
201646 199 6401
201659 2316 6734 1544
201716 4951 935
201727 2530 7867 2303 3528 7348
201802 5086 4790
201821 256 152
201884 6046 7980
201892 9292 6746 7918
201949 6375 831 6671
201977 2085 8500 4271 831
202010 7361 8559
202065 4691 4298
202070 4349 1869
202129 520 1387
202396 6840 6050
202584 7027 4806 7875 4466
202597 94 4462 152
202660 6987 8659 1029
202670 3845 723 5167 6065 3631 5121 7609 7781 183 2727
202696 4298 416 2609 8321
202710 8984 7331
202787 6746 7274 6358 7155 3143
202831 2924 4983
202942 5245 5202 6671 965
202963 5338 7751 1148
203001 6605 3165
203120 8806 766
203127 3493 3233
203321 9065 4174
203719 4802 1722
203789 6706 6933 3633
203917 2350 3544
203931 7027 520
204101 5032 3025
204173 4691 2149 5773
204221 3602 7029
204278 6475 331 5325 5032
204305 5144 2620
204314 7977 6336 7377 9047
204441 8818 638 1461 1649
204505 1634 8659
204547 1941 1842
204624 7210 1916
204665 5056 7608 6925
204671 2350 8775 8568 9270
204742 8724 3431 4691 3395
204777 4951 5022 2571 3583 4996 8588 8671 4806
204828 489 6198 5849
204844 1649 7523 2175
204853 6955 5357
205040 4133 6021 4208
205065 6322 3400
205086 381 5373 7706
205105 8549 3233
205182 972 2363
205200 5371 965 6987
205213 6048 8191 5393 6596 3395
205245 5083 9240
205284 6460 1029
205300 6313 9065 3698 7692 4498 2863
205454 2085 4806
205509 5923 7523
205517 7523 4078
205560 7622 1651 9157 6147 931 4287
205575 8355 520 4554
205608 2913 5739
205725 4517 952
205729 8765 2982 8849 7823
205781 6612 3893
205788 4010 91
205804 1865 5224
205891 1651 4092
205909 152 7737
205912 2310 4670
205940 1877 4691
205961 1119 6595
205963 2984 381 4212 7425 226
206021 9371 8050 4126
206053 9316 2864
206060 6390 5896 1477
206109 209 2231
206187 2881 7668 2106
206293 5415 601 3216 703
206324 1148 3678 6146
206342 4745 5393
206365 489 1119
206501 5348 7661
206542 928 8681 3317
206587 4235 3739 8020 222 6746
206601 4203 7928
206679 6609 5738 4721 1889
206691 6751 2088
206712 7943 7848
206755 1944 409 3395 2678
206808 3893 3292 4965 3787
206835 1238 2231 2350 6819 3200 5592 2746 5682
206851 3871 8730 1545 6852 5158 928 7634 6390 6164 6944
206965 5693 5421 8997
206966 188 6609
207009 339 2678
207019 833 6158 6288 1279 2822 1892
207025 8113 1522
207065 2976 4390
207073 7481 2827 7781 3317
207109 2725 866
207136 7285 7425 9214 9061
207336 7290 3748
207341 5273 952
207394 6133 373
207491 5358 3235 3233 4691 7548 8548
207497 7692 6884
207540 7801 5592
207563 3486 2323 2303 5590
207764 1653 6706
207769 9292 2764 1352 4655
207929 7820 222
208069 9101 3748
208079 2069 3237 5040
208110 5331 5693
208130 2320 51
208253 5022 6709
208275 3493 957 7577
208373 2984 8581 1930
208428 8795 7609
208455 2578 4080
208458 1683 2459
208508 5136 7430
208576 5180 6832 6067
208577 3235 51 1330
208620 1029 2152 1065 2110
209049 5032 6671 3493
209075 5376 7580
209079 469 149 1407 7006 2350 3556
209095 928 1148 3381 8098 8585 9176 7801 6799 7581 1471 7742
209102 7279 2350 8953
209121 4806 4615 8588 8464
209192 8775 5627 7802
209198 3191 5174 6158 1194 4691 5376
209231 1968 4694
209235 7306 8493
209288 7590 3556 7865
209308 5680 7577
209366 1114 4806
209395 4586 1836
209416 2746 340
209420 6612 226
209448 1273 6594
209581 4076 4182
209582 6933 1184
209691 7706 5954 4774
209725 6248 611 1959
209775 5081 491
209837 3216 6303 3772 7855 3556
209838 5022 3893 8775
209856 6612 3493
209992 2088 2535 6987
209994 2110 7639 1140 4793 4951
210050 4928 152 186
210093 2036 4208 2763
210174 1262 7946 4615
210255 728 9290 6698 2003 2982 4722 6944 2678 6113
210279 268 2984
210315 5188 1842
210318 5592 2003
210354 4453 8493 5830
210413 5331 1569
210522 7865 7334
210670 1330 2350 2484
210889 2838 1500
210984 1680 7808 3684
211002 3292 6933
211054 1738 2085 6987
211066 7843 4928 8113
211099 6714 5356 3491
211178 9157 1847 3183 8236
211227 6390 4721
211270 4745 8976 3683
211314 965 50 8568
211331 2303 1461 4464 404
211375 1371 3000
211387 226 3678
211412 8444 5198
211423 256 3233
211457 520 4554
211476 6667 4983 6581 4806
211626 2979 6105
211651 4803 1930
211661 375 2301 1324 7781 1752
211684 3431 4691
211761 4803 2301 222 7933 7853 1330 4135 3312 1253 7356 1895
211805 831 1959 7832
211825 2874 222
211889 2984 6138 8292 2652 2502 1886 4691
211950 2256 3124 5376 2303
211968 3493 7609
211996 7577 799 7331
212071 2984 9214 5269 3431 2325
212123 917 2328
212175 8548 5133
212264 2040 1995 2530
212327 6170 4444 7559
212485 3390 6409 3051
212593 991 5356 9228 5738
212604 1930 375
212642 226 8798 7661
212670 6893 8875 4425 2538 2602 9187 2510
212743 2591 8324
212843 8867 6884
212879 1324 2992
212939 5141 1015
212968 8785 8637
212974 7331 4554 7946
212995 4336 8063
213005 6944 6390
213012 2037 7198
213101 2550 1073
213117 5162 2822
213145 9286 448 1650
213391 8795 611
213406 1067 4271 1547 3431 6375 375
213438 7575 5543 7182
213481 959 3143
213544 8719 3675 2934
213586 6933 8673
213644 7356 7239
213648 3207 1649 2671
213763 3740 7430 1738 7408 7735 152 8845 923 906 2401 448
213776 8274 6846
213929 375 4000
213933 4238 7027 1311
214003 8033 857 2294
214034 1468 5245
214035 7717 8115
214068 2747 2264 2045
214257 7622 7824 7768 6746
214318 4797 5778
214319 1273 5376 4854
214363 9292 4670
214413 3207 1547 6540
214449 3235 3630
214458 8965 5022
214477 638 1461
214520 5024 2376 808 6645
214527 1330 6609
214576 7131 4174
214581 880 5457
214585 4879 1953
214591 2873 4691 6248 421
214602 8500 8775 5022
214663 3429 853
214732 5510 6933
214733 5032 7267 3493
214805 5438 6485
214880 7575 8681 7702
214918 183 7027
215074 7426 265 1299
215087 8845 8718
215142 4806 4793 1547
215166 9198 2347 2350
215169 8682 8033
215360 1228 7928 2791 5119 3163 3752 359
215437 442 5032
215481 5255 7808
215498 14 4849 7183 2459
215603 1333 2984
215619 8033 6375 1842 6329
215649 8618 7178
215814 2791 8113 4694
215840 2840 5119
215908 7860 1771
215924 7839 9176
215937 1683 8294
215941 3124 2065
216088 8775 7580 4231 4615 8413 6720 237 8581 645 2350 4366
216097 9292 465
216174 4530 3107
216269 6987 8109 4691 7801
216296 2984 421
216414 3561 5793
216423 2246 3143 1461
216505 3602 831
216530 6146 2827 2984
216572 3475 1119 2746 4873 8906
216674 7144 1528 1352
216845 3678 8464
216969 3586 1512
216996 3165 2247 857
217039 7622 8765 1968 6040 2414 7647
217078 3493 9065
217081 2230 7186
217103 6605 6987
217141 9308 5171 9136
217370 2984 7580 1358
217421 4803 39 9213 540 4721
217427 3606 1446 833
217435 5478 1273 2535
217554 4345 3226 2717
217558 1643 4849
217584 5457 2376
217596 7228 6933 8321 5791 8945 6671
217624 7507 6996
217669 2805 3491 3731 723
217694 7485 7580
217697 2350 959
217727 2278 8812 2325 6933 8462
217736 2025 3534
217811 2010 8495
217871 6662 1738 7905
217882 8548 9203
217886 3271 4928 8299 1238 7735 1733 188 199 4701 808 3235 4298 6746
217961 8565 8638 5329
218006 3258 2106
218039 18 8581 745
218044 4555 5592 1330
218275 4283 9187
218345 3233 4793
218449 8682 4691
218478 4965 5032 4966
218514 6877 299
218542 7462 8413
218654 375 8050 1324 5171
218706 6629 2839
218711 7425 6554 3395
218725 932 7331
218789 5114 2301
218874 4795 8935 2322
218889 2681 4466 520 2691 3973 3823 8581
218955 2350 1930
218957 87 6303
219056 6590 404
219134 6890 2317
219141 5311 5682 3456
219198 2184 8830 8568 7672
219228 3787 8006
219399 8512 7523 2999 2555 6609 4217 4691 1608 8109 2350 226
219409 969 3321 3893
219424 5171 2373 6451
219465 4577 2791
219491 6987 761
219516 9355 177 3806
219523 2350 5356
219527 7577 5224 5302 6756 8033
219566 7000 9213
219620 2252 2511 5314
219696 5024 2226 6933
219699 1631 7036
219717 2488 116 103 4581
219733 974 4259 3910 2620 2033 7552 5427
219737 7511 9072
219913 5056 7699 3561 7786 747
220002 2173 52 7735 6888
220030 8486 1123
220047 8592 8568
220098 2350 6326 4793
220124 8137 5356 4691 9303
220143 1513 7539
220222 6738 3234
220564 421 8655
220616 8321 2822 1324 6861
220638 1273 3395 2241
220653 9082 226
220680 1067 1454 9214 22 188
220712 339 3071
220743 346 469 4078 3878 8677
220763 3138 7037 3217 3105
220797 5024 6629
220813 8851 7855
220846 6375 5680
220862 6390 4940
220904 1029 9014
220910 2984 2909 4615 5032 2881 3852 3673
221107 6605 469
221200 5478 4649 6288 236 2254 3806 6460
221205 4391 3431
221373 6987 6955
221377 2360 8337 3630 7943
221405 435 1461
221521 361 5738
221587 585 8236
221616 188 7848
221643 5024 9014 2502 5592 4212
221722 1547 2881
221723 6933 5852
221765 3493 5590
221781 4231 6158
221843 4076 8724 1478 3678
221881 5145 6671 8775
221937 7299 5202
221962 5245 952
222196 6987 6671 7742
222199 4000 7185
222261 2874 4217 1641
222329 4986 8571
222431 1608 2838
222446 4681 2984 8782 4806
222460 2633 7481 4806
222582 2918 4263
222596 6746 5513
222624 1997 7420 5056
222683 4691 375
222755 8050 2425 2746 2694
222772 442 4806
222786 6933 8109
222796 7131 381 6609
222880 2827 3680
222951 3703 6987
222968 6446 1838 4849 3583 528 8785 1018
223002 9206 2252
223005 7768 6714
223048 2984 3053
223068 3491 6248
223161 4806 5548 5024
223236 448 8965 5376 2874 5171 1941
223346 3475 3410
223361 2932 6063
223411 6336 1842 8321
223486 2839 1107 1327 3765
223562 9317 489
223645 7183 9101 2843 2298 3233
223647 6663 6933 3595 8589 7440 491
223662 5331 2301
223876 9185 4466 5171 6114
224049 1461 9072 4722
224066 375 7545 4607
224088 2511 723
224104 7692 2964 8464
224171 2984 5538
224207 7250 6551
224263 1720 8780
224268 8906 1461
224346 1277 469
224453 5355 465 9292
224471 6706 4792 1148 5025 4970
224544 9228 4808
224548 4486 5739 8355 1540 1898
224567 4806 2636
224656 4126 256
224688 8377 6933
224720 1024 6288 1891
224796 375 2746
224823 6671 1311
224878 3272 6824
224909 528 2231 2595
224933 4670 3143
224935 9023 3536
224960 7737 2609
224994 2791 4298 1967
225300 188 4745 1953 3683
225306 2166 7430 5032
225353 3292 5560 4318
225356 6777 3235
225499 5798 375 951 6336
225544 528 1738
225699 5299 4172
225723 5190 5171
225747 8485 448
225852 828 7580 7980 4691
225884 5302 4800
225913 9262 7072 1651 448 3519
225929 5592 3731
225943 2166 6080 5032 4708
225977 421 9255
225992 1497 2822
225996 5393 8659
226043 5538 2106 3234 4298 2791 9118 2350 6085 5024 3582
226055 8151 2532
226113 5371 9304
226120 7692 8485 6288 6131 3893 4390 5356
226131 8695 8493
226152 2301 4010
226173 4080 3893
226262 220 4719
226266 2023 1057
226359 2205 8477
226375 8424 6987 375
226422 5181 5738 2159 1429 4615 188 6581
226424 7959 6067
226447 5356 1612
226469 6635 1277
226478 6662 831
226497 7298 3105 2003 8568
226501 2984 6067 6064
226505 4873 5676
226512 1651 2761 5072
226591 469 6164 1081 6621
226614 3296 4876
226628 5302 1547 9036
226675 235 6671 5356 7426 3233 375 2944 4301 7943 7735 6933 9124
226714 6007 2425
226722 7897 1968 8413
226735 3544 4721 7383
226827 2347 5393
226876 2294 7742
226927 3271 6933 5202 6746
226958 6164 728 2822 6596
227033 3665 7624
227053 5032 5356 2278
227068 5 6356 7043 5738
227094 6250 6709
227116 9293 7430 4123 7899 5216
227128 9286 688 469
227218 1327 5022 4196
227275 6933 7973
227319 6067 2289 540
227383 4656 3731
227386 3207 6390 1842 4298 9185
227398 7839 528
227493 2289 8845
227596 5022 8513
227620 8581 2822 6846 4208
227698 503 375 4691 6158 634
227715 4141 7712 3540
227809 767 4721
227856 3292 2534
227900 5490 6596
227947 4538 3711
228070 8590 5778
228122 7609 1778
228135 8548 1277
228162 2805 5682
228249 3623 7008 7426 6415 7518 4059
228305 6756 6313
228320 4196 2786 5356
228445 2899 688
228468 9356 5646
228475 8488 8668
228501 8296 375
228556 2578 9159 2350
228566 4271 1114
228657 8340 4694
228662 8983 6868 8248 651
228687 7210 5513
228695 6799 2196
228766 176 3226
228786 103 2303
228803 8211 1442 8620 6609 5675 496 6055
228924 4298 4139 1029
228929 7581 4888
228933 8464 5565 8775 6080
228940 2555 3292
228970 1362 2114 2310
229046 3582 5393
229086 9156 6204
229123 1500 6678
229288 6688 1116 1029 7980 8850 3433 3803 7651 6226
229295 9187 3431 2231
229332 2174 375
229370 3475 5693
229396 7832 7742 6678 3700 9292 1547 1737 359 2984 6846
229401 3556 6248
229405 2848 3124
229499 103 4000
229595 9316 833 3563
229667 1959 5202
229801 186 6994 2742
229838 8681 6720
229865 7737 5784
229873 7580 5086 6955
229945 1253 2874
229962 395 6459 6771 6381 8310 1052 3225 8186 6756 7507 660 3507 8787 6809 5032
229975 6919 1959
229987 1953 6621
230050 6111 5325
230156 622 8091
230240 6746 222
230250 2959 331
230328 2350 8875
230375 4056 3994 3782
230404 7481 6423
230412 222 7577 8681
230461 827 9317 3519
230534 5032 3292
230584 188 7928 811
230597 2085 2321
230667 1184 3277 6849 6336
230691 898 8113
230712 3165 1029 2591
230781 2827 3752 1930 9176
230790 5209 7183
230866 2350 5956 8464 4752
230883 4231 7735
230945 5024 7920 9102 3436
231103 2350 8695
231113 2678 4287 5200
231124 2822 188 9371 7043
231134 5944 1651
231211 8089 7788 6933 7832 7456 3991 4277
231270 5578 2636
231275 8456 6621 483
231329 4697 8548 8033
231369 2289 5356
231478 1330 1738 3016
231517 906 927 4263 1547
231618 3778 4126
231704 5534 1608
231769 4000 7044
231799 2161 5356 2571 917 6390 2874 8743
231842 8548 9292 339 6883 3077
231860 418 3107
231889 3271 2067 2052 6129 965
232073 4691 5331
232095 5680 7655 1030
232126 5620 4873
232166 9050 2166 1273 2226 8013 7580 8116 4466 9206
232242 3731 645
232310 2678 1352
232347 7299 8853
232469 7481 4291
232530 6303 7824 103
232645 1595 8152
232792 4615 7737
232817 3216 9101
232877 7875 5376
232882 3678 375
232885 925 6050
232895 1720 2950 2746
232970 965 2350
233001 7511 7737 4481
233008 4056 4071
233112 6802 9024 1371
233170 273 6313 2678
233232 7946 2328
233324 2996 1651
233346 6021 5908
233353 5458 1983
233372 4196 8493
233426 5513 4000
233512 7541 665
233632 2984 5042
233758 1422 3576
233770 8091 1169
233823 4223 4681 5056 2350
233846 6846 4498 5357
233854 7577 221 3233
233936 375 4981 1545
233963 4701 5592 9331 2350
233975 2425 2231
233978 4806 226
233981 6883 3576
234005 7742 2984
234010 7272 1447
234093 7575 4607
234121 2350 5331
234176 4701 975
234193 2303 5449
234201 1953 6832 991 9101
234204 8961 3107
234223 3893 3292 7655 442
234258 52 7523 2874 2303
234361 1627 7008 8903
234377 1929 6046
234453 5457 7980 4217 5590 840
234479 5593 6746
234527 1681 3893
234532 1311 8965
234553 7138 3630
234645 8493 4196 965
234740 2484 8099
234766 5 6964 6671 7043 5921
234786 2278 9065
234805 336 6390
234829 186 3710 6621
234903 8316 3233
234928 4806 3207
235060 2304 6485
235104 4517 2328 7742
235107 5565 1635
235114 3987 2025
235131 1253 3602 9043 7131
235166 3893 3576 6861 5032 5356
235167 3893 226
235199 2303 5680
235250 991 6621
235299 3864 917
235403 1371 4801
235440 8965 6409
235485 5376 7832 2413 4996
235542 3547 1877
235552 5945 7779
235553 95 3493
235563 8363 6164
235601 866 8655 6832
235642 5738 8342
235655 7035 1267 2984 4307
235735 717 1154
235790 6612 906
235902 5171 1930
235917 9185 4966 222 2166
235943 5921 774
235953 831 2636
235970 4554 3105
235974 5171 3893
236019 6063 549 8569
236098 186 6680
236099 6933 8548
236212 6846 2984 9065 7425
236264 1454 6987 393
236313 8113 7331
236358 6933 7920
236476 5245 1311
236559 1877 5390 4891 343 7481 1681 4983 6596 574
236607 8548 1651
236791 94 7742 2846 7607 2746 9180 3683 1525 7027 1387 6810 6170 7523 5213 2226
236804 5356 6067
236866 8681 540
236881 7980 1277
236883 7037 1968 2843
236981 1615 3304
236996 2075 3105
237078 8572 2636 811 7556 2450 805 175 5838 3076 4702 2289 5141 6113 4425 2177 2463 5142 5359 3878
237153 5274 7505
237221 4345 222
237222 2881 1114 5042
237276 2350 2003
237326 931 2414 8548
237404 7012 2216
237414 3427 6164
237442 6336 5215 7668 6678 1634
237479 1842 103 6612
237488 6671 3200 4238
237582 1358 8828
237663 1356 6164 4986 1116
237673 23 8950
237674 1668 7737 1114
237686 1146 4801
237704 5425 3475 1236 1018 974
237792 1273 828
237828 8095 993 2625 5022 2698 375 87 6779 3893 3606
237881 1651 9292
237957 1311 5376 1010
238030 1454 8437
238067 5356 7801 1641 6390 8671
238169 152 7651 799
238196 1228 6195
238417 5622 3595 2652 3493
238425 5398 4592
238433 7832 1941 6554 7932 2322 5661
238621 8644 682 1446 9203 5457
238642 932 634 7982 6164
238654 5022 5565 2863
238659 4298 6720
238676 7801 4298
238733 9292 3262
238828 9349 5082
238830 7285 6596
238867 866 7801 4691
238907 8853 1492
239056 5024 2173
239079 9101 7545
239354 9101 2658 4994
239376 6195 2291
239560 3778 6355 3475
239591 1002 4915 8033
239648 359 8724
239737 2350 6996 2636
239757 5513 2370
239800 965 2589 6485 7832 969 5302 7892 9072 7577 2909
239814 1547 8671 4150 8588
239851 2503 5331
239860 3935 6390
239907 2969 866 1461
239919 359 6933
239950 7511 3844
239963 4891 7609 4577
240015 5502 2881
240032 8273 5849
240045 3493 1547 4806
240092 3606 9176 5693
240136 9035 1283 8913 2350 1204 2138 2918 2578 7855 4694 8464
240200 7249 6394
240237 8655 8637 1030 6170
240269 5592 8764 8243
240306 8725 9072
240414 1892 5738 4752
240441 4615 2350 5357 559
240530 3633 6049
240582 5136 1387 6609
240628 8795 9159
240643 928 2633
240697 2984 103
240712 3475 7548
241058 8486 8045
241059 7037 1720
241103 2698 5213 4444
241109 9113 4694 5515 3233
241114 6158 3226
241213 3949 702
241222 188 1311
241228 3823 381
241271 5068 5513
241278 6933 343
241281 3143 1330
241286 6417 8241
241290 7824 7228
241301 3493 1015
241328 5457 1116 1842 1632 1439 1461
241513 7692 5032
241607 7298 1787
241687 5181 7507 297 1371 168
241707 965 3602
241722 4212 1273 6832
241728 3177 4298 5693
241774 675 3970
241836 4466 6757 2085
241932 220 1324
241968 3194 9072
241981 9157 3143
242195 5513 6228
242206 2805 9247
242210 6897 271
242297 4271 6581
242333 6671 6313
242407 4806 6938 3234 5693
242414 9185 5171 6609
242446 7290 2761 7061 4323 831 704 2289 3451 6205
242610 5955 7577 5171 6248
242640 7430 7263
242661 2419 4979 223
242781 9304 1032
242874 5171 7545 18 1311 4208
243005 5 8099
243027 2855 4271 4407 2890 6955
243065 7735 1916 2728
243075 5683 9315 8109
243118 3778 631 3235
243120 4083 4691
243304 2984 2258 7430 6671 4649 4574 6390 1738 8724 2503 5136 6805 4891 6822 2010 6738 5644 811
243333 4655 9017 4083
243426 3752 4951
243442 5331 799
243444 6982 81
243483 4139 6248
243512 5680 4139 2681
243567 1547 2678
243626 3519 2982
243688 8469 6248 2350
243780 9208 5513
243817 1968 2838 851 1722
243900 2858 831
243987 2347 7295 7585 6454
244262 7233 3840 7634 866 1722
244267 1940 2432 6678
244342 3637 2042 8484
244410 2678 7298 3217 1997
244413 6292 7719 3559
244552 5302 6588 4444 2110 5921
244608 7742 8995 5331 7735 2370
244651 7285 7047 5824 928
244678 5022 6933
244727 375 4347
244795 6994 3395
244824 9049 4873 4008 9047 6485 4694
244897 3672 936
244937 6746 280 8321
244967 6164 5550 7737
245063 7781 4330
245068 3107 2944
245218 6170 1972
245363 4681 1238
245440 5171 3959 5181 5273 2016 4298 4615 1482 4104 3143
245490 3678 2984 6846
245497 2984 9101 8294
245502 4132 280
245516 9007 5356 6933
245532 9118 3441
245569 375 5290 6635
245575 4444 6922
245613 9065 5356
245628 5738 4408
245658 528 7485 7735 4806 1551 5024
245662 8521 7622 6758 938
245671 8590 1953 8765
245687 8321 3351
245691 7298 7569
245827 2827 4801 3237
245849 7580 2791 3645 3556 369 1295 6629 9081
245926 5032 703
245955 4463 2065 1752 7782 280
246037 1738 2822
246063 5024 7971
246067 5565 7425
246080 7917 5032
246105 2620 4192
246238 2505 6847
246286 8493 8321 2196 8764 4164 6596 7425
246319 6198 4793
246337 1253 8764
246361 1371 2110 1015 7430
246390 3475 7871
246409 2827 4176 4948 92 8950
246412 520 1148 811
246436 952 6244
246539 3670 1015
246586 8030 4891
246601 4702 6131 2984 694
246642 7485 3292
246655 6933 2371 866 5018 359 1347
246682 1422 645
246711 1330 9305
246800 835 5693
246858 2379 4796 8464
246869 6853 375 2573 1411 9251 7298 1777 1326
246878 7920 991
246879 8342 6612
246882 6982 8995 1442
246884 4104 927 3275 2010
247024 4751 906
247028 1273 6933
247083 2874 2996 6596
247114 4859 59 8236 4990 4868 6165
247127 5356 6485
247164 1889 1015 3318
247356 3217 4801 8033 4265 3475
247377 2213 6005
247447 7447 4208
247463 6727 7655 6842
247572 8485 5022
247626 6282 8379 8109 6129 3606 2350 8493
247630 833 2029
247649 8124 5072 5698 103
247677 6912 9361 9240 1058
247710 7735 3451 5086
247778 3762 8355
247785 2308 2966
247977 6987 8568
247997 4806 9057
248022 562 5590
248023 2226 226 5693 2328 8984 4407
248154 4021 890
248212 4891 4083 5115
248235 2278 3630 5727
248255 4986 7580 5516
248259 3893 7426 4263 22
248359 1720 3602 3949
248387 2984 5331
248480 5009 8153
248533 4806 3775 4691
248556 4806 4078
248590 8659 6288
248608 3479 2350
248723 7712 935 4670
248753 4691 5032
248858 1454 6313 6746 6336
248883 9270 7655 3519
248900 5543 6352
248902 448 3233
248945 7462 1473
248970 7577 2822 3602
248989 2085 4126
249031 5478 3519 1733 6065 1999
249038 2254 4035 6240
249099 8379 6933
249139 7742 3875
249223 6671 7433 4391 7526 358
249225 3630 3105
249234 6588 3752 906 8787
249315 3940 6164 5592
249316 4806 1547 2984 375 5686
249391 5331 991 9206 8659 6447 8091
249401 4182 9065 4407 2430
249431 8901 103
249442 7609 6375
249551 7577 2698 1358 9371
249755 4500 8775
249765 6678 4212
249784 5822 6164 110 7131 3602
249811 4212 5587 5592
249844 375 7131 4806 6636 3143 1748 8364
249940 2350 6987 3678 8413 6751
250061 1930 1330
250153 4453 4466
250181 5778 5331 3381 7577 4806 4554
250251 4751 108 5338 6933
250334 991 7577 5 5693
250406 6048 7481
250414 6548 5500
250473 8541 8548 2873
250482 2406 4792 8593 1836
250490 7932 8765
250496 4796 2550 5785 4411 5738 3547 9304
250512 6375 966
250524 1262 1060 1608
250537 835 5024 18 3670 5376
250553 811 8860 2289 3163
250568 7692 7609 2805 6007 833 1057 5356
250571 6933 703
250573 2350 703
250624 4466 611
250629 4615 2350 8782 1218 8091 1311 7507 2419 3395
250672 5022 8659
250693 152 5245
250700 2166 9304 7580 6629 4574 538
250746 8493 6313 4965 2984 4808
250751 7660 2678 1115 1547
250787 1371 965
250829 1733 8997
250904 3602 3207
250918 6246 1547 3102
251032 5680 5739
251145 8305 5844
251176 7651 7298
251179 226 2881 6671
251247 9072 168
251258 4615 6375
251347 2571 2278 5245
251364 8590 3233
251413 6746 2746
251454 5662 8892
251475 8724 2541
251480 926 6082 5513 4824 5162 3586
251496 1073 192
251524 5513 2350 703 4203
251534 5355 7261
251618 6671 1514 3893
251633 8724 4597 9176
251762 2350 965 1140
251794 4701 2890 8050
251804 3398 6390 6581 2984 6752
251866 3752 5022
251894 6832 4191 1953
251910 4697 4866 2633 5331 1865 5356 9133 7747 833 5538 3234 6080
251930 6198 1119 3833
251976 5739 8568
251997 5791 2484
252111 7523 4745
252139 5356 5083
252144 6846 2805
252154 702 7426
252244 1074 1911 7002
252296 833 6645 1292
252351 928 8724
252396 7408 3102
252405 2328 6313
252444 8424 3766
252481 1429 5395 4425 2231
252526 3225 4446 375 8428
252611 7781 3880
252718 7200 3893 4263
252858 5770 8187 6375 5181
252912 4294 2909
253009 2350 5578 1114
253016 8156 965 2003
253022 3233 3653
253084 1482 7206 7622 186 4271 4577 4691 1267 188
253148 2350 3314 5376
253202 2633 4466
253213 8908 7298 8993 6230
253299 1967 6779 2984 906 5843 2858 3606 9125
253356 1223 489
253418 6009 1266
253450 7583 1387 8974
253465 6217 9292
253473 3176 3590
253487 3950 5432 5738
253521 3576 5686 5438 9185 5960
253530 7377 3519
253605 3683 6569 152
253612 469 6129 2196
253658 3606 8845
253686 1868 3051 8608 359 9014
253695 7620 6288
253701 5680 7742 5590
253705 3475 6228
253750 8109 7800
253791 797 6288 9279 4618 3233 5371 8716 2423
253807 7455 1473 9317
253832 3207 5478
253874 4298 4800
253968 1358 186
254068 4812 8764
254141 2196 4408
254203 9286 6005 2085
254354 3696 2717
254359 5578 2719 448
254406 6246 8819 3602
254424 906 226
254428 928 7651
254440 6146 7261
254533 5083 7285 5356
254553 6933 226
254583 3893 491 8785
254584 8314 7801
254591 6375 4691 103 2591
254606 4279 6933 375 595
254621 4806 3576
254661 7430 6313
254741 4391 3583
254833 3105 2003
254883 7580 7899 3207
254901 3177 7507
254910 3273 225
254951 7575 7109
254977 7747 6662 4366 9185
255012 6390 4806
255104 7847 3544 6933 7299
255195 3946 2550 152
255203 222 5356 6846 2984 4806
255240 6396 3235 3226 7824
255255 5331 6390 7717
255329 152 4702
255460 4796 1681
255465 2067 7505 5022 8775 3556 7163
255481 491 5515
255483 2571 2881
255519 7430 3234
255603 7760 3395 7519 1277
255641 1029 5114
255664 6030 906
255708 7581 965
255715 4691 7425
255739 263 7396
256084 802 7742 8316
256164 4298 6635 7144 9150 4691
256267 8718 827
256275 7661 3678
256279 9036 5356 3163 7539 7742 180 1442 7430
256406 359 4446
256452 1581 4323
256468 2278 4486
256549 6375 9316
256571 5136 5738 898
256576 6438 1387
256613 4637 470 1387
256633 3111 9304
256664 3678 9017 2294
256667 8637 831
256779 415 2906 2003
256799 8265 5171 6375 9133 6288
256806 1131 3880
256851 359 9101 5739 6612
256907 6170 4354 6248 3271 1018 3381 2505 7505 54 2110 7526
257039 8972 1378
257043 5843 7481 2350 5671
257060 3711 6933 4812
257069 4806 2855
257108 4691 3431
257172 5510 6671
257201 7808 2303
257335 4806 4793 3234 6720 991
257379 4806 1140 6671
257422 4702 3586 7865 8637
257431 928 1842
257446 6381 2256
257508 906 6246 1114
257612 3893 8775
257670 5356 8638 5245
257690 5086 6629 7485 8094
257813 8580 359 4831 8635 4891
257823 8115 8592 4928 2805 6336
257826 7920 1248
257831 373 7246 6720
257915 6288 6279
257949 2984 3561
257980 2085 7577 2874
257981 2874 6288
258006 8961 7163 2791
258014 8853 6842
258039 2727 4373
258079 4898 8103 489 7823 585 7608 7194 1477 9049
258095 1410 2555 4681
258213 8382 702
258290 5217 6914
258296 2350 3051
258358 5356 2459 8865
258391 5397 2085
258392 469 8568
258400 6065 226 4140 50
258440 2239 866
258488 3778 1018
258506 1832 1174
258568 4704 2303
258709 5592 7688
258735 5709 5449 766 6671 474 4098 175 6832
258740 3547 9290
258771 2636 6846
258861 7575 8568 7298 1680 3105 2003
258884 2350 7027 2620 288
258964 7747 1442
259003 5738 1547
259012 4691 6898 2303
259040 4298 6738
259047 1593 5376
259101 4196 2309 4391 8109
259110 3454 5356
259261 3639 1845
259264 6015 8775
259309 2003 1461
259359 2746 375
259371 991 3207
259391 339 9157 6629
259484 2484 4806 8590
259546 5224 7545 4196 256 6809
259551 932 2542
259591 5251 7732 2412 375 1930 222
259853 7661 1533 2749 1968 1454 8629
259875 8780 4808 8782 9213
259937 5356 7299
259943 3431 4691
260032 5100 1471 1722 1030
260057 2455 2681
260140 8724 733 5024 5986
260222 1148 5560 2459
260243 3633 3233 2173
260246 235 6082 2239
260280 5843 4891 4126 4132
260330 4694 6514
260356 9159 8464 4615
260371 3547 1312 188 7362 2231 7586 5232
260477 3752 5393 2350 703
260560 4965 2984
260574 758 5032 2581 9293
260586 2356 8484
260665 1343 3381 5682 6164 3431
260814 2275 1345 5590 6720
260825 4752 6555
260837 4215 4681
260954 4271 2636
260991 5171 898
261028 1508 5280 7043
261094 2609 6235 1218 6306
261102 1903 928
261201 2869 2506
261213 3893 6846
261235 7609 3111 1387 7824
261304 6134 8456
261332 1738 8194
261450 75 1029 4191
261535 2425 6288 7848
261561 7875 6447 8973
261658 7288 676
261674 321 7331 1030
261694 3678 7577 6375
261944 8681 5331
261987 1889 8785
261996 8443 2843 2607 7298
262015 7832 3493 5171 5022 2984
262038 4574 1681 6581
262064 3237 5032 6409 4263 4966 6612
262135 4650 1116
262153 7980 9371
262174 9024 5136 5517 459 3479 1547 8156
262232 283 6319 4444 8644 6143
262263 3493 1148 1353 9156 4866 9082
262411 6313 2376
262431 7747 9109
262481 2078 6170
262493 4820 8380 827
262561 4827 4806
262585 1842 2227 4806
262624 2822 6164
262626 375 3493
262640 7231 2172
262690 1114 3292
262908 6985 256
263016 5086 1454
263093 3678 3561 2350 8477
263100 2315 3107 4655
263150 7680 4538
263214 2414 1968 3823
263215 5359 7645
263257 2952 6671
263271 1889 7311
263287 3086 6933
263307 7397 469 3423 952 6375 4391 3234 1811 1898 4615 6714
263313 6313 3880 6944 8659 2205 927 3175 645 2278 406 1115 5838 8775 5565 5356
263329 4986 2216
263350 4116 5686 189
263365 8091 2085
263420 4076 5478
263424 890 6129 1296
263576 4873 2822
263636 2289 8314 9304
263721 6248 469
263756 6756 8413 7800
263758 8488 7331
263768 4928 999
263770 1653 3623
263773 5086 8461
263784 453 2540 2170
263828 3842 8568
263845 8795 3431
263870 8795 5224 2538
263890 5217 8050 8525
264073 6245 7920 2324 1827 766
264079 152 8240 4806
264082 5680 952
264112 3120 8081
264130 5510 8464 5086 2350 1273 4615 6217 3207
264168 611 3787 6612 5538 8787 8430
264170 2350 5224
264187 4873 7622
264272 3493 6291 2571 5356
264285 6706 6375 5306
264303 1498 7737
264313 5675 5357 4139 4891 1337
264412 2003 965 8659
264446 528 6609 3778 3493 5510
264566 7430 6558
264579 3973 4279 5103
264582 6944 1273
264607 4691 1651
264612 3216 1953
264630 6378 8087 4235 3077 2301 3519
264655 4712 3851
264748 7577 421 3670
264794 1119 1461 2000 377
264795 2057 339
264821 6944 1330 8464 528 891 7967 1371 2944 3051
264823 2620 2289 4298
264834 4181 7781
264850 2873 6612
264862 6581 1202
265025 831 8377
265085 188 1311 6609
265105 9061 120
265138 2712 8500
265159 1378 6933 7781
265231 5119 8785
265240 6448 1330
265246 4752 1324 1049
265261 8659 9176 3576 5032
265353 9334 3398
265413 3493 3381 5213 5127 8996 4554 9214
265419 8464 103 1116
265478 2918 974
265589 2839 585
265665 3893 2278
265704 5143 188
265727 3602 6067 8714 8845 7481 3207
265746 5302 3602 2636 3493 8240 7481
265807 7481 7577
265825 3555 6581 2890 4291 4444
265882 8273 9036
265893 4486 6282 8937 3711 4691 4802
265903 226 6288
265914 185 4793
265921 7920 1656
265936 7654 1968
265954 3292 442
266009 1473 1445
266024 52 6671 1065
266057 8501 2350
266120 4217 2085
266135 7298 2025
266171 2581 7507 4331 6063 8314 359
266177 183 7545
266299 9207 4407
266341 1953 2197 3935 7668
266342 3143 3556 5356 9050 3209 7979
266371 2914 2308
266382 3451 1347
266457 8473 8606
266480 4444 421
266588 268 3292 3290 4808 2984
266659 703 5997
266780 898 4180
266794 7210 3107
266798 3586 8050
266807 1649 4691
266854 2254 5299
266865 6678 7430
266874 5024 3576 7426 2168 3177 2308 2085
266888 831 7253
266897 1362 2414
266925 5502 2303
266926 4691 6612 4806
267045 6603 2812 7801 6417 2115 3226 6706 8091 7800 8821 215 1029
267070 1655 2726 1845
267098 3622 7865
267138 4806 5162 5119 2350 8314
267160 1018 6390 2930 8559
267166 1570 682 7157
267167 6746 3105
267390 469 7505 2350 8634
267418 4492 6635
267496 8671 7661 4298 5081 9176 5216 4615 5269 6767 3982
267641 7800 7580
267646 2984 9185
267664 8641 7651
267693 5356 5032 4965
267704 103 2350 3556
267737 1496 511
267800 1083 8026 220 5086 6987 2347 4951 1547 265 4801 9237 1204 733 2231 4182
267813 7577 1496
267838 4721 2984
267890 4806 2944
267963 8464 4752
268096 5376 3493
268105 7523 1653
268189 3380 2114
268211 7719 2414
268232 339 2414
268294 1222 3752
268297 5513 5727
268401 4691 103
268595 2503 3818 3168 1625 4135 7609
268710 2589 7846
268744 6684 4986 918 4872
268786 5022 5538
268811 2535 2746
268823 1787 2932
268839 8050 3105 974 266 110 4931 8296 4806 2484 4722 8033 7581 5923 375 5449 2678 7298 7377 2039 5723 1489
268840 1953 4517 3272
268848 7089 6635 1029
268858 6605 4364
268882 4592 7577
268894 7577 4806 3586
268932 890 7800 143 3226
268976 489 4364
269045 6938 421 6248 2427 2805 5329
269050 7430 9185 1513
269170 1945 3556
269228 226 2827
269307 1638 7609
269317 8103 489
269340 1115 743 7835
269487 4965 5083 7737
269551 3586 2881
269693 6933 6288
269746 6173 7126
269902 4806 4238 5356 645 3602
269954 3148 6933
270048 643 687
270081 1722 7253 2615 7117 5024 247 7577 8925 1684 8541 1176 6635 5269
270100 5513 3576
270129 1634 1020 7178 5521 2818
270278 702 5627
270341 1419 538
270407 4208 6628
270496 7331 4217
270521 6512 2728
270608 4264 5056 7835 7298
270662 4691 4133 4806
270702 375 152 1930
270726 8033 2717 5207
270830 8449 6832
270854 8967 8580 3547
270902 2538 2744 6933
270915 1930 3982
270934 1253 2533
270976 6438 1916
271012 4816 5513
271013 6758 8765
271121 2984 9213 375 7251 222 2350 855 8659 87
271131 3234 1889
271160 9118 9065
271241 4554 4305 8902
271252 8321 8464 5738
271287 1558 5541 7342 4691 1503 6480 5376 8413 339 2542 8521 528
271478 3893 7396
271669 2376 6158
271716 8830 4208
271772 409 5495
271781 5645 1468 6840 5778
271788 4302 6878 8016 103 7466 2550
271858 5032 3051
271860 1070 1010 6490 375 5143 4691
271870 8548 4876
271945 7832 8131 5686 4126 4841 719
272001 8548 5243
272015 7534 1631 7147 1547
272018 1299 6134
272331 375 3226 3602 6596
272348 1514 3051 5202
272420 8606 906
272430 3271 2196
272466 6746 8511
272469 831 1930
272556 2119 2155
272580 1073 8590
272620 1547 3495 4774 2843 5393
272639 6612 7420 5356
272700 7509 761 1029
272791 3869 1468 8590
272820 7692 4615 5356 5040 2555
272885 1114 5919
272898 6912 189 3216 5921
272906 1473 8883
273036 3709 1387
273040 5 7043
273054 833 2350 7073
273068 8950 3493
273161 1273 7228 7962
273203 8559 1826
273240 5269 4806
273271 928 811
273295 4807 6138
273313 6849 8758
273331 2751 2874
273352 1111 2988 8860 1545
273379 5056 1447
273505 686 7098 7788 2873 8443 3312 2620
273533 375 8568 51
273546 3556 1471 8321 8606 4793
273639 5171 3897
273717 7361 7923
273790 890 489
273791 6706 1324 917
273849 2414 8413
273877 7426 2918
273975 5376 81 870 2890 991
274125 7936 6067 3234
274197 3606 4806 5245 9170
274213 4554 6158 7430
274330 7943 8464 3752 965 6423 2350 855
274352 1054 7608 9008 1461 6746 9065 7377 2376 5110 2315
274407 7425 2914 8333 7061
274462 4579 1940 8131 8765
274464 4691 3226
274491 9292 2414
274502 6164 8116
274583 7853 3326
274686 188 2984 5497
274710 9335 8592
274712 9304 800
274744 717 5308
274762 8993 3678
274779 1277 4235
274781 6581 1049 442 2242
274822 3935 5072
274847 2082 8728
274871 7024 4042
274991 7717 5739 589
275008 3556 8355
275020 8541 5112
275021 8548 6301
275040 2921 1379
275052 7609 2984 2791 346
275123 7267 645 5738 9065 1114
275217 3395 6612 6375
275240 7261 7481 2003
275276 5543 8427 1955
275318 339 3071 1651 8480
275320 6222 7839 3602
275327 2414 8737 6170 9292
275344 3949 3490 8757 3207
275445 6246 8859 2984 2289 8681 8637
275518 8807 6567
275838 2555 4650
275883 7377 8033
275908 866 6777 8109 3590
276013 2881 3698 7126
276024 1461 5024
276034 8549 1508 2984 4888
276139 6987 7228 6244 7839 3233
276143 2946 1018
276331 9290 980 2607
276485 4298 1010 1371 359
276540 520 5438 8502
276557 1489 5449
276664 1489 6696 3226 188
276711 2984 1547 2571
276794 4452 7760
276801 4691 928 4615 5032
276874 5513 3132 2607 520
276907 8299 3087
276998 4196 974 5908 2347 1547 188
277107 7481 1114 5118 4298 8559
277151 7824 7298 1968 2350
277223 8081 637
277251 377 3910 7466 3165
277380 528 2541 3292 8521 9253 6944
277437 3604 6933 2670 5081 2412 5147
277488 9150 5744
277497 8590 5457
277630 6668 7950
277645 3586 1324
277819 5025 8443 6846
277841 6609 4691
277895 3782 2325 2119 957
277956 8548 2303
278018 1148 2085
278056 5676 5619
278148 6987 1454 1482 6134 6009
278184 6198 1154
278425 222 6432 7634
278454 3493 6113
278497 4736 6609
278511 9253 7634 6846 6612 8484 8965 7577 5797 7545 4806
278514 6082 6480 8321
278579 4354 6277
278589 4298 4423
278600 3678 8294
278723 6609 4466
278791 8321 418 3704 1119
278863 2720 5201 226 8115 1656
278891 9304 6842
278905 2838 4263 6822 3154 5770
278924 7430 4779 9180
278949 4950 1198
278988 2000 2838
278999 1547 2642 2314
279012 8854 6336
279058 2571 6671
279307 1243 448 4126
279336 339 3823
279383 5224 3604 1312 1842
279384 403 8493 2041 9304
279456 2636 811
279666 5680 2678
279675 4345 3226
279903 7865 6063
280031 6113 2239 3292 3893 3237
280051 6846 5119 4965
280059 1773 5545
280132 5118 866
280161 6635 2303 9286 1387 4691
280172 4203 6756 3893
280193 898 6114
280206 9072 8321 4694 8130
280277 8219 3970
280288 1253 3165 8590
280313 2874 5686
280333 8593 4298
280523 3561 2999 3381 4702 2984
280672 188 3604
280715 8916 2350 6150
280725 5682 6164
280757 6063 4872
280785 1273 8033
280814 6847 256
280817 2822 5202
280998 2350 7847
281011 5356 3547 7737 3087
281013 7523 4554 6423
281104 9354 2298 2039
281226 7604 1953
281260 1653 7331 2874 7253
281312 8830 965 6370
281354 4774 4928
281383 5 7577
281414 50 3670 4691 3169
281440 8782 4554 375
281649 8462 841
281841 7717 5478 2623 2571 5600
281883 3576 5515
282010 6480 8195
282030 9248 3292
282035 8559 1035
282046 7742 7865 3973
282069 1029 924 7575 638
282094 8103 7768 2589
282099 2827 2678
282112 2025 6629
282176 5675 2555
282207 2984 5356
282291 3260 8654
282318 3606 6955 3604 3292 3893 4263 8775 8342 2231 2541 8659
282319 3018 9259 8695
282373 6367 7768
282407 8570 51
282427 6375 8033
282468 6912 8885
282486 4466 8314
282499 1784 2246
282555 5516 4139
282565 8606 5356
282663 6460 8944 8464
282688 1651 489 5355
282751 7862 8059
282834 2308 5844
282869 448 87 1140 9214 9304 6080 4806 645
282878 8321 5680
283026 835 288 1387 560 7830
283036 7920 694 8006
283116 1953 1968 2949
283135 5224 5830 4214
283289 1408 3781 4806 5693
283299 2069 831 5331 4806 50 4498 2350 6933 7634
283306 4694 2256 1828
283315 7735 2746 2050 3666
283326 7577 921
283463 3547 5356 6388
283496 186 4407 6840 8853
283501 3893 3234
283505 8321 5921 5331 7747 7801 280 6706 2636 8240 7523 3271
283521 8724 3606 3233 580
283536 2760 8399
283537 1273 2751
283585 189 7800 3107
283637 6288 1189
283710 3678 8321 6746 4298 3292
283850 3586 2969
283873 7801 5086
283896 7801 5708
283932 9338 9213 7609 7061 1930 8842
283958 5121 7043 3290 8860
284019 1371 4444 6390
284076 7127 5022 8775
284078 6746 8541
284188 1387 9047
284301 2503 221 559
284427 906 5586
284514 928 8115
284579 2231 7306
284645 3423 6170
284664 7971 6085
284702 6987 9061
284707 3292 2652
284864 5136 152
284866 2864 3623 8033 1387 1029 5590
284892 5 8828 6955
284901 8634 339
284916 3637 3556
284972 8875 3252
285000 8775 9213 4762 6933 8821 6540 381
285032 8716 1710 7742
285146 8321 4298
285159 405 5899 688
285183 3213 2314 9286 2930 965
285229 2864 2003
285283 3384 2678
285311 5510 8036 2984 4615 3670 1842
285346 4430 5376 2984 797
285349 4800 2791 6807
285423 6798 4607
285453 1273 6375 2776
285475 745 2984 3606 8581 126 5022
285643 5224 1018 7577
285662 6605 5331
285716 8043 6485
285728 2376 1825 4554
285747 8775 189 8493 7623 6211 4408 7754 6268 4975
285759 5 1722
285853 3311 1482 3497 5109
285864 4552 7622
285879 7163 6358 2977
285943 1070 1778 2459
285953 1073 7580
285967 3163 1514 2847
285968 1751 1172
286037 2226 2231
286044 7131 2873
286076 7298 2294
286088 1358 7426 5171 4408
286251 5393 6037 5415 6313
286360 2651 816 4000
286387 5393 8714 4272 6933
286409 3893 906 5022
286423 588 5738
286513 1680 9228
286593 1547 9072
286594 1845 8188
286597 2407 5245
286682 6982 7735 2530 4691 1868
286702 1738 6720
286745 6832 7943 5381 6121 9286 8845
286890 8659 1738
286920 6485 1301 214
287084 3395 7299
287107 6375 1410
287168 7468 1073 3833
287169 4607 3787
287174 3845 7228
287301 8484 3568 5513
287360 7943 7580 1778 6832 222
287415 5136 7453
287450 1049 3292
287464 3431 2805
287478 8314 1347
287804 761 4140 4102 645 7377
287845 288 6205 3589
287930 6390 4577
287948 7580 2301
287960 716 2085 520 1324 1872 564 469
287977 421 9101
288105 3233 4517
288116 8568 489
288149 2301 4691 7823
288150 831 2881
288162 8050 2984
288264 4793 632 8682 9213
288369 2618 490
288377 5521 4806
288392 6146 3973
288405 906 766
288461 4554 3234
288472 6390 1311 5032
288495 2350 1114
288539 8548 2114
288542 2934 3698
288566 8702 2166 991 4407 3216 3893
288585 9316 3272 1387
288592 3556 3441 6596
288615 5513 2088 5391 2555
288635 7674 6164
288643 2854 6933 1416
288674 2874 5778
288706 1953 5086
288849 3852 766
288948 7017 5693 5810
289011 3272 6621
289102 650 3148 7609 3556
289133 1106 5654
289135 965 7337 4808 6186 6612 8945 2350
289242 7737 7923 141
289563 3075 2535 8665
289566 5921 4208
289641 6671 6288 1752 1547 5331
289837 7462 5458
289891 2350 5169 3678 3874
289911 5119 3752 8569
289927 6735 7735
289946 638 3512
290073 3143 6189
290144 4140 2278 8724
290229 827 215 3340
290335 1842 4793
290340 7702 2843
290385 2246 7109 2226 1973 4223 6771
290436 5709 9165
290505 5791 2249
290518 6635 7943 5560
290555 2350 1292 9
290580 375 5171
290642 4182 8321 6746
290660 4323 9280
290683 5245 8669 8854
290698 8635 7737
290710 2620 7425
290732 1811 3711
290742 442 5245 2078 4305
290753 2075 9072
290760 9290 2555
290784 1371 1688 3906 4083 8953 4806 1842 3880 7426 8592 2992 4615
290785 3745 6390
290846 6147 4694
290885 4752 8716 3678
290938 5921 3663
291004 375 728 4232 8882
291038 8321 779
291053 7446 5024
291090 1471 8382
291255 1722 7183 6390
291275 7781 3852
291291 8379 5738 8724
291292 645 6933
291344 4298 7507
291390 375 6666
291507 6987 8635
291597 4834 8262 2438
291646 375 5458
292011 4689 4444 5199
292073 175 4132
292160 5136 2609 9286 1442 8113
292171 3602 3762
292179 1681 8464
292185 8109 5216 3678
292266 4722 3556 2873
292377 6822 4396 5121
292442 2881 8321
292511 6248 8585
292536 5356 8240
292625 8638 3234
292664 4466 1608 2964
292682 8955 448 9101 3586
292729 7523 935 4650 1656
292787 7832 2633 3423
292850 3475 8493 6720 5521 8765
292878 6288 6581 1371
292910 8902 203 2403
292978 6128 421
293016 802 5478 3233
293054 6230 4694
293059 1024 5510 4691
293062 9024 2459 375 6933 2791 152
293108 5921 7027
293163 8821 6987 8907 430
293164 1651 8541
293190 2874 4785
293204 6310 5747
293216 152 375
293226 2571 2289 3163
293306 2984 7832
293529 4000 5478 6248
293555 5360 2794
293568 831 1018 3959 6746 5231 3678 5393 4164 288 2350 442 3513
293578 5810 8590 2984
293585 3332 4127
293596 6133 2170
293607 9177 8464
293619 8321 2227 1630
293626 4228 6375 928 3 2325 1533
293642 91 4217
293807 1184 2636
293849 6609 620 5376 9214
293884 5245 3604
293895 3493 6985
293958 1681 50 5513 831
293972 471 2843
294002 4208 1021
294032 2340 7655
294046 2984 4960
294210 6706 5543
294257 7869 6113
294285 9228 2350
294318 9101 792 2984
294496 2691 2681 3443
294534 7396 3292
294544 7577 2258 4466 7331 4806 2571 421
294581 4235 632
294585 5086 5738 9061 9017
294670 4196 1634
294736 6113 2827 6933 8659 6138
294746 3237 2954
294886 356 7183
294899 3207 3351 7577 1273 8902 7300 6375 5127 6277 2511 543 4212 4554 6720 6447 991
295049 4996 1114 2984 448 3235 8593
295131 4607 9024 3156 1273 6387
295250 73 4820 2836
295352 7800 8765 4650
295460 7361 7575
295669 8818 9292
295683 5424 7223 8179 8541
295727 4837 6588 2822 728
295807 6375 3071 4480
295822 2023 1442
295823 3511 5302 6117
295861 3327 1720 5468 6425
295876 4691 1174
295894 9214 1547
295906 3087 8105 3752
295939 8087 6165
295959 183 3514
296045 5818 8568
296093 1968 7298
296103 8659 6065
296110 7917 855 226 7625 2351
296195 3321 2881 5356 6955 580
296210 8785 1312 5032 8847
296241 3107 5200
296243 6569 5356
296263 6719 7946 7351 2838 3694
296363 7679 2316 694
296394 375 5506
296399 8321 1115 3493 3700 152
296420 4806 952 703 186
296460 4802 5705 4691
296491 4272 5529
296531 4099 2400 1134 1347 3233 1468 1358
296546 841 222 890
296555 6461 1132 2625
296596 3547 8310 4574
296687 2872 2984
296798 4555 3880 2571
296859 6720 378
296863 4691 3233
297043 442 186 528
297079 7716 4691 8098
297101 7622 6596
297366 2025 489 4986
297414 375 1842
297529 3893 2541
297539 3431 1148 5592 7507
297573 7936 8650
297595 5592 1410
297613 9176 5970
297700 3292 6671 2578 1454 4607 375
297851 9081 2984 375
297914 2984 7747
298012 4135 4618 8321
298025 927 906
298046 1547 7832 5517
298107 8091 4293
298119 1547 7692
298139 8464 8635
298145 5115 1953 5513
298229 7786 965
298241 1035 1634 375
298242 2226 78
298255 3602 1877 520
298259 1626 2984 831 6113 6336
298391 2241 1198
298498 8541 8976 7968
298519 8828 5372 8701 6616 2984 1610 4843 2303 5024
298685 3849 4691 528
298721 6048 9213 5171
298730 4806 2328 8845 2984 3431 5162 6136
298744 5205 7298 7800
298776 3731 2890
298795 6832 5693 2294 5376 18
298809 3354 7298 5682 6733 3073 1119
298912 2376 2303 330 4876 1461
298941 1821 6912
299042 4271 7609
299043 339 2552
299127 8113 3431 22 149 5050 8581 1778
299138 5515 226
299229 8080 7867 3431
299302 7272 188
299315 8033 3258
299361 8116 2303
299416 6691 6693 7950 7298
299484 2289 6341
299598 966 5393
299627 5280 4345
299691 1029 927 6884
299697 6044 7523 520 5680 1574
299733 6609 188
299773 6944 5738 8849
299830 1114 7335
299831 8718 1570 2000
300134 4795 6868 4080
300221 1941 5224
300293 6671 6808
300470 8777 3143
300663 6211 3292
300743 4806 3277
300769 8033 1842 8590 1725
300787 2231 4939
300913 5995 2984 3168 1074
301111 3547 8724 421 5693 4691 3840
301168 9334 6288
301175 1684 4864 1752 8995 6933 7519 6281
301192 3292 3576
301249 3665 9371 1683 6671 2061 4096 1442 87 8760
301290 3760 1474 7548 6093 2315 9316
301350 1073 935 1324
301509 2984 2294 5510
301559 7839 3949
301686 2864 7160
301756 3685 2873
301939 2934 2924
301947 4396 5592
301967 6065 1035 1582 2466 9270 2625 4762 3593
302018 2419 6728 2350
302044 2314 9109
302086 6399 1738 1026 50
302112 5744 8300 205 2350 6336 7481
302160 7043 9306
302327 802 928 375 2881
302372 7024 6846 4298
302420 375 7481
302555 3431 5738
302601 2003 7735 4133
302619 6605 4208
302649 2257 7581
302670 8568 9082 6671 7408
302671 6666 4453
302687 7163 6248
302740 5356 3698 6955
302746 4876 6198
302838 5048 7737
302945 4939 3335 4000
303018 2984 2864
303036 6431 5529
303183 6612 2518 4615 5171
303302 188 4132
303565 6065 8588 952 7692
303710 1945 9132
303733 4453 3234 2734 5171 9118 4722 9306 8795
303752 8549 195 812 2843 1948 6318
303757 8006 1144
303759 7781 3237 4806 5376 1125 4615 2874 1010 4691 8464 8399 6067 469
303785 5171 5738 5224 5024 3959 2984 5108
303934 7687 8629
303954 4806 5086 898
303973 928 8965 1959
304001 1330 528
304011 7575 8033
304046 226 5
304113 7539 9117
304192 528 8606
304214 1448 6751
304267 2846 8024
304306 4425 268
304368 8413 5241
304420 9124 7735
304509 4223 1267
304553 5852 2838
304577 6933 6375 6884
304580 5302 6128
304586 965 1581 7426
304652 1581 1114
304666 1778 6288
304692 2827 7570 831 1889
304832 6005 7830 6375
304873 6082 8953 7046 7801
304879 4841 5708
304890 5009 4174
304920 8493 5770
304973 5348 7425
305049 4806 3824 1125 8659 3893 8300 8775 7832 2350 4577 6375 375 7580 1733 4699 9213
305084 6685 5086
305096 5513 2794
305178 5 5171
305195 928 5136 2984
305196 2843 4800 9118
305224 7227 6635
305239 2278 3292 5675
305281 6888 7920
305292 6973 7008 9234 4517 217
305299 3207 8464 4691 728 7832 2419
305334 1832 6666 6129 6375 9081
305358 2502 7485
305373 4466 2812
305481 2241 7298 2825
305486 1154 5246 2578 7824 2003
305541 1326 6933 3665
305552 2049 8355
305601 8081 2350
305612 965 5565 9303
305641 5538 6067
305724 1888 9292
305765 7832 4408 2196 4752 6678 7430 5086
305805 3384 3748
305834 1067 7824 9050
305886 8950 898 9124
305926 2746 1917 5376 8355 8637 1408 9081 5212 5280
305965 2213 8675
306012 3684 6447 2414
306041 8611 3582 5791 7742 6030
306049 3431 8033 7812 5967
306211 8091 1681
306244 5294 2984
306355 9317 215 931
306497 4919 1634 7742 2620
306642 6738 5302 5331
306673 1778 421
306839 1547 5024
306894 2122 375 2205 6390 2636
306948 2307 1159
306960 5171 5478
306990 5824 1248 4152
307201 8637 288 7839 3602 8845 4806
307243 1547 8877 5393
307329 6987 8321
307334 8432 9150 1765
307428 2317 4231 3547 6814 8493 595 5926
307444 5356 375 2231
307570 8003 3381
307578 3292 186 230 5357 5744 2328
307590 6933 5359 5543 5376 3731 6375
307597 1131 3190
307603 5543 5949 6164
307742 4706 6846 9120 6635
307777 3556 2618
307792 2607 3652
307859 432 5032
307865 4607 8860 1547
308126 222 2890 831 2881
308155 5972 965 4261 7490 4652 3470 5359 2350
308232 6158 2110 799 5693 2085 103
308239 2550 8464
308271 8902 6431 4691
308297 7844 8493 3087
308423 1253 7499 4899 3381 4554 6888 520 8637
308435 1114 4891
308484 7928 8972
308504 5478 3787
308562 520 1383 5778 7290 728 4722 4554 4217 7481 3475 5331 3165 1347 2231 3381 4806 1456 6067
308573 1608 9286 4691 1159 4413 222 5693 4806
308600 1277 826 5478 8321 6178
308698 8342 1681
308749 3431 4217
308871 7577 6933 6832
308917 2173 6248
308927 5738 4407 5245
308955 375 2843
309012 2241 7577 5143 4231 2289
309122 6700 8665 359
309151 339 4881 6164 3427 6358 8050
309299 1778 560 7735 6678 8738 3436
309315 7688 1608
309342 8590 5171
309458 3678 5513
309474 1018 6375
309525 2303 8548
309533 1757 2718
309603 8659 4615 9101 7544 2881 5739
309610 8590 3556 2805 9306 8379
309627 3670 7035
309708 6090 7577 3207 3292
309714 4806 9033
309788 965 5331 4615
309792 8590 1277
309817 5590 5331 1773
310022 8020 8030 7581 4466
310030 906 3561 7481 3143 2484 5693
310036 2102 6987 2350
310042 4456 1026 5086 957 2746 3586
310051 6668 6944 9072
310151 2984 8590
310188 9290 3194
310301 152 186
310433 186 8070
310588 4298 6375 8860 6944
310664 4298 1273
310779 3271 5896
310796 4972 6260
310812 3271 898
310823 4555 2984 5357
310939 2805 4806
310957 8548 5056
311048 1114 462 7832
311052 1857 917
311160 1018 6690
311200 8493 5123 4466
311224 5171 6671
311238 8516 8812 2354
311296 2166 9101 3606
311301 4000 3678 8081 1565
311315 6987 6994
311339 3271 2720 6581 2822 3547 2769 1889
311485 4793 4279
311529 4059 4271
311533 841 890
311563 6779 2350 5468 2294
311649 8654 5521
311662 1770 4806
311685 4132 3806
311692 9049 5633
311726 2301 4876 4276
311730 7155 7577 8549 8764 6720
311831 4691 1010
311848 6720 8544
311892 7835 1073 3194
311957 6738 6164
311963 2964 8730 5411 2678
311983 55 6410 7077 1554 2903 5034 8131
311995 2728 1570 7228 203
312092 5592 4793 3431
312099 3290 7396 6756
312132 5302 6375
312141 8681 2890
312192 2984 5331
312262 3163 4453
312530 8972 3893
312553 6313 4831
312554 4271 9101 1324 359
312562 3292 5356
312610 1651 4892 7043
312663 8493 3120 7655
312670 4130 7210
312754 3893 7580 8713
312764 1140 6804
312836 4296 4371 2303
312854 3194 8775
312941 890 5992
312972 9253 188
313023 835 3493
313109 939 2535
313145 1419 2934
313153 7331 5199
313190 5449 8452 656 2620
313197 6720 4806 7318 6113
313226 4252 5083 6671
313234 8191 8190 1363 6309
313301 1296 965
313397 2050 2636 4691 2119 6671 3678
313399 528 8885 3216
313410 50 8424 2256 6336 1953 7063 226
313454 7980 2678
313499 8548 1651 2301
313589 4928 2350 1018 2734
313615 5118 5521 4331
313683 4691 188
313728 3697 471
313748 702 4831
313789 2310 1324
313951 5560 3890 7867 7607 6933
313971 1630 3143
314011 442 6933
314076 4615 8030 8443
314090 7518 7409 3541
314102 8954 1140 5561 188
314103 3556 1186
314125 87 9304 1371
314160 5002 7182 8590
314177 4066 3602 9165
314254 917 9240 7692 7511
314266 2984 3431
314324 1364 1514
314371 6540 1892 1953
314373 6694 969 1119
314404 4720 3216 6671
314415 7523 9174 8321 3194 2678
314471 7299 6671
314501 8588 9065
314530 3850 1858
314664 76 4375 5357 927
314666 339 426
314714 868 1194 9176
314722 3678 4305 6244 2678 5331 8937
314760 1020 3148 4042 3488 3899 6832 7580
314820 1828 2620 831 3183 2827 2289
314938 5032 1029
314943 226 6244
315048 2636 6671 3752
315052 7452 7609 1310
315253 1277 7980 2838 5217
315339 2110 8321 7577
315342 8413 8095
315410 5212 4238
315425 5356 906 9213 8107 8775
315427 1114 6671 3216
315465 5072 6933 8659
315499 6609 3547
315505 8548 744
315586 1725 7647
315639 6288 7735
315645 8609 7581 1653
315695 4670 2984
315727 7580 5331 8321 8637
315747 1026 6390
315810 3381 421 3670 3949
315813 8775 5356
315858 999 9007
315864 7223 6443 7580 5849
315880 7577 4407
315917 1836 3893
315943 8321 4691
316014 4796 8932
316080 2025 4343
316085 3602 9
316247 2067 7830 4298
316267 5127 7318
316276 4806 393 1379 4691 7110 421
316389 8806 6581 4444 5521
316395 2376 8321 1326 1030
316403 7298 5136
316416 5356 4806
316495 6481 1968 8200
316591 7511 7334 3233 375 2239
316623 1651 6147 2114 9292
316627 4253 8303
316644 5351 7406 8932
316821 3431 2350 3441 1733
316849 9292 7580
316850 8548 7727 2414 4287
317064 1649 2857
317078 2310 5 2301
317092 4806 2984
317168 4120 4083 2819
317184 6933 1968
317207 2376 2838
317245 8541 4876 4287 7699 5205
317326 51 743 2459 5169 469
317332 8590 3586 4806 4173
317394 1461 7946 7580
317416 752 6263
317519 8033 2303
317597 2411 6198
317751 4042 2039
317802 9306 3317
317803 6933 3752
317961 8548 9261
317968 4928 2025
317998 469 8217
318065 2681 188
318068 928 4615
318088 566 4655
318138 3271 5693 1842
318147 5521 622 8050 3491
318168 3801 4078 3602
318363 149 4262
318398 3237 4555
318470 4806 3602 1836
318529 4806 7332 3493 3143 6852 7351 6944 1144 1968
318549 8139 2376
318636 7306 6554
318646 7012 4868
318652 1670 4466
318669 3731 4231 7656
318724 3709 2085 1720
318896 2484 2988
318985 9061 7396
318998 2805 3493
319164 4872 7426 4691 9228 1955
319168 4806 6044 2633 5356 7692 8972
319172 3893 8794
319210 2350 4238
319289 6837 1442 1419
319331 5199 8211
319414 2571 7928 1634 9213
319428 226 645
319473 87 3893 2571
319538 1273 1778 491 381
319565 2734 4298
319573 1461 6766 5941 1119 1870 826 471 5457
319617 3051 965
319637 3586 927 6044
319644 2373 8925
319654 188 2625
319659 705 4795
319666 3493 375
319700 8737 3073
319731 2648 7959 3165 6678 6933 1722 520 5680 2085 3381 9279
319900 6114 8050
319906 9024 675
320076 8033 217
320077 6609 3235
320083 4279 3207
320106 1778 4152
320107 339 8321
320126 704 3678 8659
320156 1115 1482
320245 1651 5393 2838 8548 9257
320260 4802 1653 5191
320286 1930 831
320374 7954 343 643 6005 188
320383 3255 6158 4139
320438 6933 7735 122
320620 8795 2678
320651 9101 2651
320732 7298 5590 5770
320741 3508 965
320794 3105 8033 2727
320811 6113 5024 1311 8724 8240 3491 5171 4996 5430 375
320814 5705 6928
320818 1758 1450 3420 731 6728 1073
320847 7998 1371 4444 3696
320936 5170 4466 3218 8443
320962 2827 2678
320965 4806 5331
321183 8548 8541 1651
321210 6933 4820
321268 7157 1651
321307 1049 8565 3102 4792
321381 2914 3384 831
321481 1722 3891
321608 2373 3271 9118
321611 6390 2984
321890 5086 2319 7735 3698 2964
322019 2728 7260
322037 489 5854 2310 4670 1968
322076 5048 5032
322088 1930 2651
322091 6671 6690
322094 4099 7003
322335 1473 8548
322471 4140 403
322523 4345 6925
322657 6128 7942 4951 9371
322681 5356 4469 7609 2827 4615 3556 3175 3398 8950 2881 7110
322706 4182 7449
322712 3586 7609
322732 3949 5331 3491
322793 777 7485
322814 1115 3493
322819 2533 1356 7764
322924 6996 634
322976 9339 3891
322984 3066 5356
322994 3852 6933
323039 4574 6933 7869 8659 952
323041 3556 6746
323082 491 7781 611 8699 223
323196 226 7781
323214 965 6933
323232 6485 2746 375 6375
323255 6746 339
323282 1311 7801 6336 6248
323366 1324 35 6003 5136 7396 6375 2636 343
323427 6944 1857
323507 5843 1461
323520 3119 9228 359
323549 1454 1125 1460
323579 9317 1826 890
323593 5032 2934
323630 7331 2459 1026 7819 2984 7577 375 9101 33
323643 6028 6933 268
323657 5356 9082
323810 2350 6933
323821 6417 2479 4986 3505 4806 1953 6672
323845 7361 5516
323853 2881 6720 3658 5100
323900 8548 30 339
324010 8568 1088
324055 4486 4806 4793
324059 1533 5376
324335 6260 8993 1345
324472 8179 5086
324488 1030 8590 5458
324553 2050 1498
324604 7499 4691 4126
324695 9101 8122 9240 4615 2881
324709 9214 6445
324718 1836 6423
324737 4208 4577 2755
324796 6063 3666
324832 7313 7692
324835 1454 3895
324841 2695 8022 3391 4272
324869 2975 8714 7337
324908 235 6080
325023 5681 6861
325039 5376 7634
325128 4615 7131 6067 7397 2619 7832
325154 2794 5357
325170 8724 866
325189 6846 2984
325234 5502 4876 40 188 7480 8548 2949 4892
325328 3778 3354 2952 3314
325399 8548 339
325408 938 2820 7980 5830 5590 8016 2616 3304 4126 580 9101 8033 4234 4806 5686 4615 5447 7577 8632 2138 9182 5181 5438 1277 3186 8382 4940 4139 2419
325467 186 448 7511
325518 8713 7737
325545 6987 6024
325563 4078 5689
325617 1223 6832 4774
325620 1503 8548
325678 5954 7015
325723 18 3381
325731 7553 142 7036
325771 3586 6138 3732
325799 6336 6996 5391 6987
325802 1273 4615
325889 4141 7634
325892 2984 2314 9214 5331
325942 7577 5032
325945 2805 4691
325964 1842 2746
325974 2874 5117 1651 457 9236 9292
326021 6706 1366 4928 6447 4228 2247 5181 7655 8932 3726 9304 3445 9292 3556 6996 2294 5608 4875 2550 2878 4349 6542
326109 3271 2000 8860
326137 965 2727
326268 4691 8764 2841
326298 6288 87 9320 4951 2463 2984 952 5393
326511 7413 5024
326526 1889 3226 7639 6170 1030
326551 4691 6912 188 5024
326584 8651 3564
326590 6629 3298 6303
326638 5086 7298
326732 6198 8095 6390
326770 2231 6671 8681 703 1930
326825 1778 1018 4298 343
326876 2085 3292
326882 9014 2003 8568
326888 7865 8885
326938 3429 1330 3630
326955 3105 2742
326959 1533 6671
326993 1371 6113
327021 703 2964 3075 8775 5042 6612 8785 3893 448 2122 2827 2350
327196 7298 1330 8464
327288 8845 3864 7068 4336 3493
327322 8321 3678
327344 9050 2822
327399 7379 7735 5024 2652 4701
327443 1029 5592 8944
327459 5 8343 9182
327532 5778 9163
327597 4408 9292
327607 9082 1968 1035
327789 1869 4162
327867 5728 7010
327870 6933 849
327887 8559 1828 2256 7481 3446
327915 3556 8033
327925 4891 1547
327926 5349 3317
327933 8333 8724 3493 8659 2984 5022 5042
327975 6288 6375 8156 6248
327991 183 2620
328010 3307 6288
328017 8262 6784 3419
328043 4592 2881
328374 83 6629 3051 4988
328492 1842 4691
328524 3395 5245 8972
328555 9371 6825
328682 9216 7917
328781 375 2881
328791 7072 2812
328795 8091 3602
328832 2881 6003
328835 1681 1311 188 2984 5356
328871 7045 4554 6088 2651 1205 1914 4702 6884 319 6352 3271 378 8974 5770 6089 2321 3528 3203 2085 7665
328878 9278 7865
328910 5356 6671
328967 6571 8568
328970 690 8107 4650 8590 2328
329017 2125 1631
329046 8548 162 4139
329055 5682 3165
329076 9276 222 9047 7298 1870 4978
329134 3731 2085 8637 2052
329151 7735 5866
329154 3381 761
329185 1030 5024
329289 957 930
329297 493 6933
329344 1461 1651
329405 3576 5356
329422 5022 3292
329432 3370 4691
329445 4806 6164 917
329492 3586 5356
329556 2085 8623
329572 226 5438
329573 489 1419
329610 4160 8033
329783 4691 8944 4034
329788 4615 9214 5162
329833 4830 8953 7702
329837 1778 2350 8875 6933 3187 1773 222 2984
329848 816 1945 6890
329886 8952 9214 5817 3271 7481 7801 1311
329932 9040 3576
329942 4806 6846
330070 9101 2858 3586
330121 7661 2401 6671
330197 931 1311
330282 6408 7788
330287 2301 1845 5995
330295 1366 6746 3207 3602 8033
330365 1919 4898 4911
330448 490 2710
330462 51 4793 4772 2540 7639 375 6313 6933
330490 5356 448
330500 5172 7449 917
330505 2058 5022
330583 4806 4722
330596 7499 8321 7581 9290 5510
330664 2609 7942 5032
330793 9213 6671 5119 934 3893 8965 1514 1267 421 3237
330794 2110 6832 3586 8655
330825 2463 1024 6484 2541 9014 528 9095 4139 8787 4163 6097
330826 1959 2984 3547
330839 7043 3576
330848 7332 2651 7629
330859 6609 1030
330880 9286 205 6160
330884 4663 6814
330914 6678 8274 1608 8637 5086 2864 4574 6933
330928 2097 5022
331008 1277 6164 2932 6987
331029 6164 5022
331078 965 2314
331143 7609 2246
331249 2484 4083 9176
331263 3970 396 1223 9213 8681 5081
331301 3818 3493 991 9101 763 2432 7290 5331 1337 4767 7754 1001 2043 928
331397 4145 7742 8876
331451 1442 4721 3670 5644
331468 339 3077
331495 256 1131
331572 2619 4271
331583 8103 2550 339
331594 1461 5302 6671 831
331726 8493 8273
331806 1426 2350 226
331849 6313 5024
331961 1410 3292 1110 7832
331990 5331 3493 6612
332097 3102 9253 1857
332135 226 7781 8659
332189 1547 7740
332306 4751 5022
332339 4876 5633
332356 373 6164 1891 4302 5114 7855 4800 3314 3311 5680 2303 6066
332513 2852 842
332545 4456 6375 2751
332547 5627 9306
332554 4238 1569 1778
332578 2984 3216 8590 9082 9024
332606 1032 4083 9213
332630 593 3270
332649 7414 7091
332688 2984 4948 375
332839 1724 3604 811 6063
332858 3107 8915 1461
332859 4217 5331 6248 7580 1471 5592 4806 2484 6832 3862 222 7801
332953 7413 7523
332962 2775 4691
332964 1461 3290
332979 5335 5032 4407
333029 7577 3165 8355 6063 4466 6390
333100 4298 8724
333213 3731 2625
333342 7285 6313
333443 1705 3635
333501 8675 4235
333532 359 520 8638 3576 8637 991 2571 2652 5438
333586 7072 2000 2414 1651
333588 7812 4722
333601 6551 1968
333616 8637 6375 312
333632 1581 1330
333665 4892 2025
333692 6987 4140
333827 9270 3633
333838 6246 4875 3711 1326 4951
333897 6066 3073
333905 6080 7274 624 6007 359 8500 1994 3493 3752 945 9124
333946 3075 7781 7299
333974 3653 4678
333983 3864 4849
334031 8795 9286 5592
334064 7228 6629
334067 2562 3893
334070 5509 1015 3165
334110 9065 1114
334219 1164 7481
334246 4444 7043 9371 4408
334335 6609 8590
334380 694 4785 2231 2984
334423 5171 3395 3292 9065
334492 4271 4871 4796 8795 5302 2822
334566 9014 8537
334584 3493 8902
334725 6390 375 3292
334738 6955 8485
334781 4203 3493 9065
334783 3972 3678
334803 2226 6751
334820 1330 2347 6313 4196
334825 2678 7886 5024
334838 4806 4425 8382
334883 3930 4182
334908 3602 375
334933 7298 8675
334966 5676 6375
335000 7735 921
335021 9228 3441 1916
335029 7770 7228
335033 8803 8016 2295
335056 4113 928
335070 3143 5843 1299 965 3816 384 6065
335142 702 7843
335153 3586 4806
335166 7478 6392
335169 3602 5024
335179 4298 7899
335195 3684 4466
335218 4274 6933
335256 620 1842 3678 3233 3893 8934 9065 6933 4691
335342 7717 6820 8606 8040
335358 7580 7430 6609
335399 7298 3105 1273 3431 8091 6678 1857
335439 8803 6596
335463 1545 6777 3143 6595
335484 4272 3233 5143 2057
335492 6581 7923
335502 8777 4928
335527 6164 7865
335672 6113 831
335771 8925 528
335785 2881 4806 5171
335802 7027 1554
335807 3534 3602 851
335812 9356 8511
335823 9047 1651 5634
335895 3778 8548
335932 6186 343
336018 4808 4212
336042 2110 1930 6746 7523
336084 827 6548
336091 8665 3097 5022
336150 469 4298 8725 8681
336162 9213 4298 3143
336226 8355 4806
336454 4298 4910 1953 5941 1273
336546 5513 5393 7210 3105
336590 2315 6093 6629
336591 6635 1790
336643 6009 3534
336665 3163 5022
336769 7580 6236 4820 3639 570 3319 7228 7178 5793 1908 9072
337004 8568 4868 3556 3292
337042 3778 767
337057 7425 9206
337088 152 5171 2350 7426 4113
337093 1651 2414
337097 5900 4670 6147
337157 3475 8242 2449 9292 869 375 469 4694
337166 7318 921 2166
337214 4806 5356 5738
337262 1868 702 2619 5644
337311 1649 2630
337314 5003 1093
337318 5357 2550
337321 2881 766 2278 1262 6390
337407 5457 6303 545 205
337436 3893 6847 5356 7717 8659 5438
337437 1968 4291 7511
337598 5560 1822
337640 8568 6624
337674 7254 3463 2040
337793 6324 2300
337808 3431 5449
337813 9372 5592
337817 3623 5356 6846 7970 8042 9292
337853 3200 2350
337959 3440 6352 6990 6720 1656 359 1994 5852
337963 4965 2541
337970 8637 1379
337979 5169 585 7823 4986
338050 3544 6692
338060 7661 8845
338109 2984 2085
338116 1461 3431
338254 9156 6183
338263 8633 5056 8548
338333 6306 6356
338377 7735 5430
338403 3604 3493
338430 3226 1461 7971 3283
338501 1277 7577
338505 6554 8548
338677 3678 5644 3475
338695 1371 1898 8654
338711 3602 6170 8659
338801 6170 2110
338834 2350 4996
338859 1240 1361 5090 4290
338866 7995 223
339015 6933 2085
339035 945 2164 6733 6158 7917 6248 4691 2571 1029
339119 3284 3633 3107
339209 2205 1405
339220 2984 5738 5356
339388 6996 1705
339473 3207 1547 4139
339530 8559 8593 849 2874 7481
339648 851 9072
339704 375 833
339790 381 8179 6048 8724
339901 8338 79
339948 8424 1914 2551
339950 8321 6355
339952 4615 8321
340011 4271 5891
340013 2289 4806
340059 4806 5331 5025 6484 4135
340083 6609 9292 0
340110 7604 223
340161 8050 2652
340177 5852 467 3721 5510
340248 3490 4618
340280 3630 6740 469 4691
340290 8500 8333 6244 520
340334 469 7581
340347 4691 4466 9351 68 6996 2874 5306 6609 5461 1218 1778
340351 8714 3493 268 2836 675 6375 8637 7544 2043
340422 8485 7465 8606 6933 361 5119
340430 2900 9371
340457 2049 8997
340469 186 866
340535 5331 3207
340553 3893 2914 2001 1930 2258 2256 8217 5162 448 288 18 9094
340610 6933 3883
340643 8659 8777
340658 6082 1026 3493 3308 4806 6964 6390 4803
340706 3105 8921
340742 2166 9101 448
340769 8265 6933 2350 9286 5565
340816 595 3431 9095
340835 5565 448
340854 5627 4806
340943 9072 1720
340989 9040 3105 1413
340998 5376 1311
341084 9262 339
341100 375 6912
341146 2727 2964 7432
341302 8775 3602 5515
341378 7609 5024
341379 1720 1387
341380 4062 3472 390
341456 448 3893
341476 3845 7620
341479 7679 6302 4452
341488 7742 4806
341519 3493 6987
341676 161 8637
341698 1580 126 2110 7577 745
341720 8477 3431 1547
341733 8211 1117
341738 5376 2636
341781 3554 3037 6635 2111
341819 7335 4722
341862 2992 7284 5245
341883 6048 7742
341937 6288 4923
341978 2484 8843 7498 7481
342040 5513 6987 2843 9176 4873 3105 6535 8486
342065 3165 8120 3033 7788 6520
342075 6390 1217
342102 1447 8548
342118 8795 4689 702 7043
342176 595 4554 3311 3395
342208 3312 3973
342268 236 7406
342388 2591 270
342438 3731 469
342443 18 1140 3949 5376
342483 2984 9118 4208
342498 6375 3752 7928 8493 7430 1454 1371 6288 3143
342603 5136 8579
342625 4293 6423 932 2636 4835 188 6170 2368 4806 1083 1194
342662 4965 4615
342753 4217 611
342892 223 5592
342914 4074 6275 3935
342927 8785 2350 2314 9306
342953 5738 2984
342957 965 7742
342998 2247 4191 7735
343012 5510 4691
343055 2812 6590
343086 7737 5675 3893 5022 491 2231 18 189 5032 2555 800 472 5822
343170 4983 5738 2226
343268 7781 469
343281 2964 8883
343306 7768 6944
343319 6336 2633 1953
343320 1473 6581
343344 2379 1442 3292 2459 5510 1547 5645 2838 5592 9113
343363 898 8155
343457 2502 9185
343489 4554 2873
343500 1570 8444
343508 8321 5 5633 8681 7043
343520 4517 855
343600 8961 4691 188
343623 7337 1636
343674 2749 9286 7609 560 2984 4683 4915 5181
343692 3296 4835
343723 7742 7718
343768 5844 9037
343835 3678 5521 4347
343861 6612 6264 9228 969 831 8775 6113 9065 5538
343992 863 222
344005 6164 8906 1651 2216 8548 9203
344014 2387 2039 7318 5024 7298 5590
344211 7272 9304
344348 6127 8544 7713
344467 1018 1930 6433 5171 5245
344556 5356 2166
344614 9304 2822
344618 1461 4042 2376 7577
344627 3787 1114 7737
344655 7193 2414 8725
344728 9157 5633
344787 1968 6733
344795 2984 4555 3491
344852 9157 8541
344888 2085 3670
344921 1029 5590
344942 7318 2742 2085
345134 9185 3431
345155 1498 3258
345232 1371 3292 5415
345234 7942 7453 4990 5022
345252 3582 8606
345489 9253 4965
345523 5255 696 6322
345533 7267 5438
345554 7581 1154
345613 5449 3509
345671 7112 1114
345720 4951 8559
345728 5329 6117
345822 831 4137
345824 4652 5331
345852 375 2985
345937 6313 442
345976 8590 8960 7846
346005 3292 7737
346012 7425 923 7253 2633
346021 2289 2984 4790
346061 7920 8050
346159 6933 4555 917 5119
346200 1384 9176 6044 4655 4498
346234 2932 2838 5034
346305 7313 2350
346339 5502 528
346345 9049 7959
346421 9032 831
346433 2289 5376 2071 3488 6485 1738 6571 5162 3949
346466 7655 1636
346617 2350 8152
346675 6164 8329
346774 4476 5255
346775 4572 1114
346837 922 5356 7577
346843 6581 7655
346849 6612 4806 9213
346889 2555 898 952 4806 7735
346960 5565 4939
346962 8853 1243 2166
347048 6709 7035
347060 2678 972 4694
347078 8659 8775
347117 4271 4806
347122 2310 471 3256
347225 8165 1439
347257 7550 8462
347292 8179 8303 421 909 6671 1547 4555 5224 9118
347301 6987 6024 469 4298
347508 5086 927
347512 6200 3731 2651
347535 4517 5999
347598 6719 1026
347631 2805 5212
347679 3234 5025
347696 6336 1184
347708 6067 8724 4831 2872
347749 3602 8091 831
347792 2864 8606
347827 7942 8464 2050 5119 1312
347834 4015 470
347857 4891 3234 3436 6013 2550 6671 168
347908 5357 8316
348003 1953 8842 2173
348015 4976 222 2746
348017 6205 1262
348038 2927 4554
348190 2652 645
348202 1029 6878
348218 8590 2984
348244 2984 7839
348339 2571 6279 9213 4135 2805 5081 288
348395 3292 5082 2278
348396 7425 5292
348412 645 6751
348421 4126 1461
348494 6277 2984 5513 2805 6933 644 6822 9082 2794 5357
348508 5593 5356 2503 3576
348629 6968 7063 5245
348702 8178 1945 2461 9292 6085 6390 6895 3127 8993 3121 4364 6313 6916 4694 1780 5022 4633 7800
348777 6987 2350
348811 6694 5032 8970 5699 188 2347 906 952 1397
348820 4806 2984 7328 5738
348864 2678 4135
348929 2534 2881 5415
348967 1593 1029
348997 3547 2310
349008 8240 4126
349085 1029 5628 5590
349125 2350 9065
349134 4951 6733 3431
349181 1966 2128
349197 6955 8965
349200 7622 4263
349203 5738 2984
349231 6101 207 2166 7285 1114 5022 442
349246 1262 1116
349259 8845 8462
349342 6987 9
349390 8493 3752 1636 8209
349391 965 6987
349459 7319 4456
349473 1333 8947
349503 1114 1681
349529 2718 5302 152
349600 5269 4722
349694 3880 6666
349729 4751 3658 359
349798 7604 1083
349830 2984 3451 9176
349844 5306 2304 7396
349910 928 6065 1869 3602 2571 9176
349926 4801 1681 186
349978 5693 6291 7742
350082 7651 7575 645 8400
350084 3271 3547
350100 8750 8548 2025
350157 2686 5086
350218 1882 7923
350220 9023 418
350225 6336 9023
350293 6288 1666
350401 1554 898
350527 2308 8019
350586 5680 5710
350608 5376 3493
350693 4802 6007
350732 7741 2822
350775 6596 3897
350839 2239 2231
350861 4469 4806
350893 9176 375
351150 1273 4196 9228
351168 1700 3935 4806 6720 6652
351179 226 1165 965
351218 1330 359
351340 1412 1267
351354 7156 831
351358 186 7043 9040
351589 4691 1029 8321
351617 1651 7523 9292
351641 6706 4269
351650 1371 3731
351759 1882 2032 8968
351774 8637 3165
351776 4978 9101
351839 8500 4806
351891 3626 9302 3041
351901 8724 620 4806
351941 9101 1371
351996 1448 7920 6431
352014 2414 5114
352056 865 8777 3143
352062 9101 6671
352131 8915 2746 4057
352141 5633 4694
352218 766 4687 5568
352229 2503 3184 5356 965 6050 1953
352272 5513 1581
352316 8968 3576 4631
352334 5356 6610
352449 1930 4800 5331
352512 6235 2231
352513 1213 1330
352527 5458 8265
352541 5408 469
352545 4951 9213 3423
352616 8380 3143
352643 8945 1277 6288 5515
352812 4407 8084
352813 66 2040
352933 8484 4407
353075 3163 7959
353131 8724 5024
353181 223 3000 3959 7646 1267
353192 1110 3143 9253 6612
353341 938 585
353411 2812 8033
353423 8619 2411 3691
353578 6248 3590
353629 2874 4928
353666 3233 186
353818 359 8464
353863 9306 375
353872 9316 7298 2040
354025 6933 5478 3165
354052 7742 2538
354150 3115 5680
354162 4453 5449 3256 103
354195 5356 2984
354249 3304 5062 3311
354255 6746 3271
354256 4360 6994
354260 8845 3908
354285 7580 3233 9187
354297 4891 2652 3292 1312 519
354386 4876 7377 3663
354488 375 1474 10
354502 6595 3556 8568
354590 2350 4881
354607 87 7577 8775
354623 9316 1387 1277 5118
354667 2350 214
354699 7781 2832
354723 2350 6288
354724 1018 2007 8559 926 2417 4298
354839 3351 500 4678
354871 490 8113 7839
355180 5738 1217
355262 9286 2350
355277 6375 3304 1437 5154 5705 2746 1178 1324 4191 6987 4298
355295 4208 965 3630 7742
355306 2636 2311
355357 8240 6158 4955
355448 448 5560
355459 6044 1042
355460 3778 6996 4099
355466 6609 4691
355530 2350 3292
355599 8130 8321
355616 2984 152
355695 3279 7666 1887 5048 1324 5024 1892 2350
355868 3893 831 6733
355911 5619 6355
355958 9338 2874 4212 9118 7742
356013 6595 2231
356101 8853 442
356160 3602 8724
356347 7928 5022
356372 2303 3304 1461 4989 6375 1029 1277 5294
356395 1356 6596 7109
356412 8151 926
356422 220 1324
356433 7435 8777 4444 733 5517 3143
356437 4792 6671
356456 3025 7027 6375 5216 1953 1725
356494 4868 4670 4694 935
356495 3519 7390
356526 8845 3454
356610 3059 2705 5682 7863
356643 375 2350 3665 6390 5 6113 3678
356831 6944 3163 1015
356839 6671 4217 4806 2992
356856 9067 8845
356893 1028 7719
356899 2350 2080 8937 4298 6461
356918 6830 5560 7943 8024
356960 5022 7661 1888 7764
356972 3633 1128
356974 2227 4554 7735 8724
356979 313 2506 9228
356988 1330 9286 6609 4674 2755
357117 7737 3752
357149 3833 2589 3928 8493
357158 1959 2890
357210 6733 3946
357229 1805 8179
357257 1426 5578 4298
357328 4466 6063 4951
357429 7634 3292 5373
357477 5696 3458 375
357631 3233 1638
357707 959 2984
357805 6423 393
357896 5356 6784 9124 87 898 2854 3556 2350 7779 6288
357983 4183 906 728
358017 8961 2791
358059 1720 8321
358142 2609 6955 5162
358246 2812 5590
358257 2350 6313 7467
358258 421 222
358312 2278 6846
358331 8632 3381
358360 1468 991
358376 6933 2760 7735
358454 635 4272 9159 6904 2278 8323 3887 9128 6117
358572 4931 1411 4142 288
358630 7290 8757
358671 2399 339 8412
358673 2025 2550 6671
358712 6375 6933
358740 2035 5675 7112
358752 7087 6609
358814 4806 5245
358886 6933 6067
358968 5612 1273 7454 4139 5114
358981 2231 6080 906
359072 421 7481
359076 2278 5356
359161 8853 6840
359179 3493 5521 2350 2752 1738
359194 6982 8321 3216
359295 1535 103 7609 6694
359322 3576 615
359491 7581 3235 6987 8568
359602 4196 4812 6933 7800 5513
359637 2756 7739 6652 5086
359792 3783 8718
359883 7577 5739
359890 7284 926 2746 6733 4271 3561 2350 7633 703 7335
359926 1311 5202 2746 2314
359930 4797 1119
359947 2571 831 2045 2698 3893 5032
359967 5245 1132 2939
360015 3893 906 645 5415 3292 6037 3752 5032 5083 5022
360046 6451 339
360072 4806 1114
360115 7938 4691 4231 8744
360142 9047 5331
360170 1029 9178 2414 8548
360249 7754 811 6609 7121
360301 465 7651
360318 6933 1330
360343 1959 2746
360369 5529 4238
360486 9292 1968
360487 1454 9072 1615
360514 2000 6480 889 4876 8548
360546 6605 2678
360610 957 2636
360695 2984 5025
360715 8321 9033
360730 7328 6529 593 87
360754 9214 3772 5022 1846 9208 965 5002 2069 8680 1172 7505 8568
360758 3488 1273
360812 9228 7299
360834 2578 5693 9237 4691 6331 5590 2231 7035
360853 2350 5792
360952 8803 1273 1461
360984 7426 8637 1442
361064 8961 9068
361085 2283 3272 8441
361193 6635 8143
361198 1387 9230
361221 2881 3751
361340 4702 4486 5143 490 8860 7553 7314
361342 6485 1547
361405 6206 448
361456 5782 8165 6671 4691 5331
361506 1125 1489
361545 7609 694
361555 4404 1898
361581 6240 375 152
361609 6331 4298 5682
361753 1471 8314 7165 3778 1508 2642 4691 7651 6158 375 4212
361869 3665 5593
361883 8033 4290
361932 5202 7781 5086 5245 6336
362038 1324 5024 7760 4000
362231 6198 339
362248 4820 5500 6933 1330
362282 786 3290 4806
362287 448 2749 906
362299 8637 3076
362337 1940 5680
362370 6288 6840
362443 6987 3772
362527 8089 4217
362632 7577 6375 343 5896 6596 1273
362637 4486 2698
362648 421 4806
362700 7007 5682 6145
362743 176 7923
362754 4035 2822 1738 3602 8681 728
362776 3292 6313
362781 5538 5022
362821 4187 1558 8548
362853 6709 1273
362937 4466 7674
362948 1419 4076 898 6933 3814 3891 375 2401 6985 1608 5359 538
362975 4425 5188
363053 991 952
363111 2414 7622 9317
363130 6114 155 8363
363178 2984 226
363181 6594 7509 5171
363193 3441 4135 1324
363216 5739 2873 9292
363249 4694 3700
363253 6720 4806
363298 6147 2788
363307 4681 2350
363362 3547 827
363373 4615 2633 2791
363374 2251 5519
363420 6809 1327
363427 8507 5350
363476 675 1968 2788 3540 5998 4910 906
363509 188 2254
363523 3292 7523
363525 6224 3292 1889 3025
363582 8659 6248 7801 3670 5693 906
363609 6388 831
363653 5086 2350
363657 6720 7408
363663 5022 4444
363671 5177 6067
363798 2350 1540 8845
363920 1529 3468
364020 9155 4928 3880 2350 7832 3760
364119 7480 6094
364187 2681 4466
364218 7519 4577
364230 1680 7312 6117 5215 2289 6933
364387 421 9118
364393 6322 1387 1714
364406 378 4231 560 6693
364424 7027 4793 5224
364442 6862 226
364469 5661 1273 1018
364473 469 3233
364483 2414 4364 974
364499 4298 6987 965
364555 6390 1273 4691 5171
364559 4806 3511
364565 9057 3470
364574 2874 5207
364622 9150 7481 1679
364667 5224 1475 375 8266 4793
364846 3445 2303
364860 1877 4727 5376 2746
364885 4691 7377 5705
364896 6375 3234
364967 361 5565
365015 5478 226
365048 8548 1558
365063 6137 7390 8101 1598
365105 5 2437 3111
365166 6158 2350 6595 3105 6877 8464 8091
365191 1115 8853 1529
365205 6364 5830 6609
365325 6652 7267
365349 6375 9253
365382 2168 465
365402 879 1941
365498 4118 7466
365506 1889 1845 359 1805 3493
365539 1547 1345 3678
365555 4126 3271
365562 2310 215
365690 857 3226
365691 8636 1994 3163 6375
365709 7202 7418
365712 2984 2636
365742 7545 3176
365754 7298 2003 8033
365758 2636 375
365774 5356 3576
365795 5690 1916 3556
365844 6933 4615 5693 6082
365895 6596 2855
365920 6375 1367
365993 8584 3351
366026 110 3102
366047 2278 3678
366075 1273 3431 1383
366097 3431 2727
366292 9284 3540
366295 222 656
366347 8681 3447
366380 6933 489
366453 2308 5056
366498 5255 2969
366516 4774 6746 5171 4369 6944
366596 3292 3893
366656 2193 3410
366691 4792 8681 1930 5521 5843
366755 448 2984
366759 1877 8590
366774 5081 9290
366790 5171 4277 6671
366795 6933 965 5510
366798 906 8775
366839 6933 9007 8333
366897 6933 5356
366903 5619 2303 8033
366937 1498 7411 9292
366948 5022 1634 8775 8107
367035 7801 6933 6123
367090 2571 222 4691 7539
367137 6884 9198 2749 4722 4983
367229 7425 3973
367404 8945 928
367415 1790 6036
367424 324 7481
367435 6248 4806
367488 8321 6596 6746
367529 7043 3165 8321 9124
367564 935 3548
367635 6110 8606
367777 5086 2003
367853 6671 4691 6375
367907 9024 5331
367983 2678 682
368113 1358 3427
368129 8549 8795 5738
368209 1941 1111 5300
368232 5032 8665
368243 8702 7655 5356
368253 699 7072 4876
368274 3292 4722 7832
368275 7800 8993
368320 794 381 1030
368332 87 5438 1945 1471 5843 7577 4971 9150 866 5306 3163 8634
368357 2627 8632 3730
368369 1489 2414
368409 5018 3752
368434 6203 6671 7550
368453 7165 2746
368496 6643 3105
368516 3606 3168
368518 2678 6094 5675
368526 6609 2085
368596 1968 51 5849
368603 469 2305
368643 833 7482 1930 1482
368717 3602 1148
368905 81 8548
368964 7300 2946
368966 6933 5449
369003 1015 7426
369056 6933 3663
369122 3271 7651
369223 9292 6313
369229 2916 1345 4774
369246 2350 1333
369259 4691 2163 8775
369266 5167 5457
369440 2350 2827
369453 8424 4554 3381 1505
369497 2085 1018
369502 7808 3431 3678 6158
369741 2990 7824 5404 3209
369753 8350 2609
369758 2125 9176
369766 6356 3431
369780 469 6548
369873 4691 6671
370000 2598 1344
370004 1680 7869
370026 9124 550
370029 6091 3684 7360
370055 2984 188
370062 5171 898 3880 6944 1722 155 2290 9118 3752 1253
370108 6830 8845 6244 8568
370145 222 1968 3233 9278
370173 3431 7298
370297 2805 1113 2350 3930 4841 5738 7735 3061
370315 4801 4002
370346 3234 8493
370377 6291 5693
370388 4677 1508
370391 5543 7442
370402 4691 6923
370421 1649 7015
370442 7481 5376 7430 4622
370459 1838 6009
370490 2533 3823 3381 1950
370537 5171 4691 4904
370635 4054 8890
370678 8730 8089 3745
370793 9270 3207
370816 3292 2855 6671
370824 3328 9304
370883 1312 1196 9304
370980 3074 2873 475 8437
371027 7380 4150
371047 539 1029
371059 1132 4868 3585
371060 5773 1035 7570
371080 7577 1217 256 6609 186 5224
371141 2969 6375
371194 2538 7692 2304
371256 2350 6832
371302 2350 2609
371351 3272 7581
371383 9337 7735
371391 2836 3053 8775 8355
371574 2571 7577 6158 4639 811
371577 6158 8443 469
371596 2303 3731 2550 1656 6581
371724 6198 8413
371755 3854 7760 6375 7186
371805 4983 5083
372159 5032 3237 1419
372193 152 1311
372313 4577 9024 7580 965 5949 928 7425
372364 5171 7331
372411 6807 2350
372452 6609 7043 4139
372468 2511 1148
372540 9304 7781 3698 268
372569 1651 489
372580 4697 6612
372647 2111 1277
372721 220 7781 6709
372746 3534 192
372760 539 2812
372793 5017 4615 5376 5449 7645 4841 1778 3630 5428 4792 2156 375 1442
372895 8091 7045
372971 3829 8485
373031 7451 3105
373051 6933 700 2328 570 2873
373069 4150 6447 4554
373140 5083 3893 1132 9105
373145 5001 3845
373194 811 7781 8659
373201 1654 9292
373367 2927 5107
373402 2864 1461
373481 6248 520 4212
373559 8965 4272
373649 8373 6605
373655 1330 122
373666 1866 7377
373807 714 3602 5545
373814 528 6725 1058 6007 3290
373864 8816 1273
373990 3946 2400
373991 2050 2984 2069 1330
374012 7742 3854 343 2835 4915
374020 1715 8915
374077 1330 5022
374078 3111 7808 2864 2681 6635 9120 5191 2289 7157 8584
374109 6200 1371 3731 6375
374122 2432 5515 3778 5331 7634 6303
374133 3136 4347
374152 6145 4797 831 952
374176 1119 7411
374183 226 4697
374207 3606 6581
374303 6987 2984 2827
374358 1035 1941 3237 1625 7183 6313 4354
374375 612 7507
374439 6387 4466 3766
374472 5510 4592
374529 2401 5376
374562 2409 4398 3425
374596 7361 183
374618 7892 6164 7544 1636
374689 1811 4444
374732 685 3105 1385 1135 2678 4298
374774 8020 4756 3272
374868 3233 6987
374909 6933 1844
374912 3233 3544 4970
374915 4970 3381 6635
374958 7617 3491
374996 3233 1733 6612 4263
375120 6313 5081
375217 5024 4691 2681 7575
375245 5171 7832 7634
375316 8294 9371 4411 7728 3748
375334 1651 4876
375353 7511 7920 4801 7737 762 8565 3441 8775 2231 5022 7430 2001
375358 188 6720
375418 8818 5074 643 5502 7377 1029 5619 3778 8548 7651 2678
375490 5024 2984
375568 1371 7737
375733 7426 2065
375747 8590 632
375804 4790 1049 2463 3891
375811 2534 4064 1330 5024 917
375826 5376 965
375882 152 6944 1454 906
375886 6629 2301
375909 2166 3321 3264 5356
375917 9159 1111 612
375968 4554 221 278
375984 138 2347
376013 7832 1330
376023 1330 528
376095 1277 1029
376119 8464 5356 1330
376312 3493 1565
376325 2535 1916
376357 3949 8314
376369 8548 6147
376397 8300 375
376444 4691 7272
376449 4915 7742
376474 9185 2984
376477 8013 403
376484 2636 2984
376512 1738 2691
376601 421 2289 4554
376616 6581 3292 188
376633 1570 3226
376663 4691 835
376727 7801 5738 5302 4305
376784 378 520
376805 4650 7298 2025 1569 6164 1144 2746
376827 4837 8877
376880 343 965 6596 3602 294
376950 4806 1528 4803 9176 6390
376991 4298 7163 8780 2873
376992 2043 8525 2571 799 1845 5376 3606 7770 5171 3909 469 4554
377016 8525 3731
377024 2303 5590
377025 4681 550
377043 5682 188 4444 2984 9240 359 3561 1324 5269
377065 4139 4102
377181 1311 222
377205 4196 5072 7299 811 1266 4276 39 5998 3223 3753
377222 2578 6390 375 3163
377241 5331 2984
377261 560 421 483 869
377309 1968 2763
377317 6987 1018 7043
377352 2291 4096
377436 4574 6910
377568 2874 8637
377581 7781 448
377613 740 339
377753 1081 1020 3152
377837 6288 2106 6065
377841 8775 5356
377990 7430 6375 5171 7959
377992 2751 6752 177
378019 3105 827
378036 7518 7312 5217 595
378155 3493 4506
378183 3233 5280
378344 7755 8804 520
378383 3556 359
378445 2075 3304
378454 4968 3057 1454 8548
378503 5393 6624
378568 8724 1722 1412 8875 9143 5738
378576 5747 2717
378661 6390 3451
378781 5923 3057
378788 4152 9124 2506 5866 2984
378844 4806 6067 8091
378893 375 2805 8538
378908 3678 2314
378941 2984 8875
379017 8724 7735 8744 678
379045 4585 4000
379115 188 957 8944
379197 1828 1968
379201 2173 831
379224 491 6569
379225 1277 4722
379230 7920 5141
379232 8764 7432 6764 841 4021 6832
379300 6404 991
379329 639 3711 8859 9228 6036 1035 1292 9125 5302 4174
379353 7183 2400 6884 375 2984
379399 1461 6198
379436 4093 2881 9065
379443 5376 5693
379469 4466 5680 2085
379482 1187 3310 2787 2710 2712 8730
379505 5438 3949 7128 7747
379524 5738 2226 2873
379563 1700 7043
379619 2000 1871
379714 6671 6164 6288 3075 6933 2350 5682 1887 186 5356
379721 1738 2984
379741 5849 5035 375 2996 2484
379744 6066 1617 8984 7567 8317
379755 87 4890
379757 1886 4577 5181 3431 8464 2258 52 2720
379776 3065 4500 6164
379849 7742 2423 8549 7679 3110 4812 7175 3519
379873 2678 8548 415
380027 2350 6113
380040 5182 6980
380091 6288 9208 6912 6993 4000 4633
380116 6746 4928
380118 1733 5822
380188 6688 2003 1277 1461
380301 7622 6751
380351 3893 2003 8568 1128 7800 2984 5393 2474 7068 5995 5565 7947
380372 890 8606 7480
380391 7122 4231
380543 4951 6933 2944
380549 186 2350
380584 5557 8637 2106 6360
380611 3893 1514
380615 3272 5376
380660 4691 4806
380732 8314 437 7655 6861 5072 459 6933 3969 6581 583 9103 2246 2761 7631 5302
380741 1029 9305 4160
380743 3602 6443
380783 7639 1889
380860 4150 3750
380882 4139 4691
381093 2289 2984
381124 2589 8521 8765 8932 7622
381138 4042 226 3897 5136 4722 3868
381152 3427 4858
381176 375 1058 857
381180 9053 222 4104
381251 8765 4515 5633 4345 339
381282 3431 2350
381284 4694 7706
381293 423 2032
381323 866 2350 6671 8671
381422 3226 2746
381425 5538 5086 3556 5738 2890 8179 2246
381434 6569 3143 2590
381439 3973 5513
381446 3296 3233
381504 827 3914 489
381521 8559 3271 6129
381566 5675 3678
381571 5049 194
381647 258 1266
381667 5699 5022 6933
381671 4694 2838 292 4650 1119
381693 3233 8775 2069 3606 1311 226 1253 855
381722 3217 7359 2805 2996
381726 2625 3731 4444 1358
381777 8024 1216
381804 2125 5393
381835 965 4806
381904 226 6288
381913 4721 4806
381994 8548 4898
382019 827 339
382025 3292 2239
382078 18 2231
382135 833 8080
382242 1891 7741
382262 359 4444 906 6671 6944 1029
382333 6501 934
382381 8590 8241
382404 5118 6544
382431 5356 9214
382534 5521 4694 8761 2350 8593
382554 7622 5992
382582 4801 8775 4806 6671
382666 4466 6720 7968
382841 3893 2555
382896 3491 2294
383031 5790 2678
383043 92 6767 1945 2873 3602 4298
383081 3783 1324
383143 4694 4141
383146 3271 469
383198 965 4196 1733
383204 6847 5327
383244 4287 2308
383282 8681 2984
383295 6696 6548 152
383374 6861 1330
383387 211 4402
383407 6336 5397
383428 7319 6933 226
383439 375 8303
383445 2794 2241 7228
383448 3076 1941 5699
383518 1371 4891 6912 4102
383523 8477 3893 8965 5083
383565 2625 4396
383627 4235 5136
383655 2550 3678 6390
383668 6288 6158 3556 6933 6987
383681 1482 2984 2057
383686 1125 5376 3200 4135 4722 3556
383723 2746 5671
383769 811 9176
383843 1371 1547 4391 7183 1953 8469
383880 7680 4853
383918 6671 3630 7430 5032 5356
383956 6113 3472
383978 2835 3935 6114 6358 8775 6832
383991 2370 2167 1882
384002 9036 831
384010 6367 1010 4439
384095 2168 2503 7362 8300 2505 8777 3908 2744 4948 4810 3878 5003 8659 8144 2350 6558 4813 4032 6436 1177 4666 4293 3606
384128 4135 3257
384167 1634 5083 3576
384235 2298 567 3378
384262 6547 18
384292 8300 469 188
384358 6671 226 375 2984
384491 5357 4118 6480 5032 2289
384590 831 528 9061
384634 6433 6987 3226
384671 8681 4745 7131
384702 3935 3602 826 3475 3233
384703 5324 1953
384708 7800 3778
384765 8970 4231 4283
384769 6562 4801
384801 4444 6313 5822
384815 2578 268
384833 8724 2484
384855 3797 545 5200 2984 3950 8057
384881 5693 1842
384958 4701 9309 8219 7860 743 7550
384997 2571 2350
385084 3226 8486 6358 7481 8847 8655
385090 3292 4965
385201 1461 5590
385216 4056 7580
385243 4539 8775
385280 188 6933
385369 3173 3285
385548 6288 5356
385566 2376 6706
385576 6678 1959
385595 7383 3112
385617 4376 1266 6807
385629 2746 6807
385666 7485 1953 4691
385688 1953 2550
385723 421 4806
385793 6824 2864 3065 1387 8242 3475
385807 9185 4572 1243
385889 8668 520
385961 3576 4697 5675 2350
385979 4444 5119 5032 6007 1243
386059 6248 4727 2085
386091 4294 3475
386093 7481 4891
386107 5510 2350
386140 7253 831
386185 1489 2678
386289 7481 5302
386315 7920 6662
386334 9157 6147
386501 6248 6832
386563 6066 5590
386604 9228 6924 6671 8853 7781 9213
386636 491 3087
386658 9213 522
386685 7425 831
386697 6671 9253
386734 5356 8671
386750 2328 3333 2836 5119 7612
386868 6480 465
386905 396 4298 6113 4806 3292 3431
386918 7580 4496
386942 7830 5302
386977 2325 928 2984 7550 1738
386995 1778 5693 5367 5590
387022 6071 3319
387095 4264 811
387262 3778 4333 5057 2667 8680
387288 2827 6313 6113
387316 2791 1491
387407 6375 6596
387445 3893 6906 182 1080 2168
387450 7577 126
387463 1387 6884 5449
387517 1547 7027
387591 2468 6933 3441
387679 7580 2667
387693 5698 7835 1488
387868 2248 4891
387932 2252 5335 1547 421 3163 6390
387969 5510 8637 8091
387994 3547 6609 9292
388039 5024 1324 5791 5171
388113 9371 6671 1387 951 5 5245 4806
388161 1973 1371 448
388182 7742 8314
388218 3670 375 4806 2984
388230 3431 9118
388236 1486 6164 7485 965 6666
388263 7639 4249 831
388320 5040 2309 3544
388425 5457 3111
388426 2858 540
388449 6933 2992
388455 2373 8464 6696
388579 6933 8321 758
388590 9371 339 2065 8136
388647 1865 4721 375
388728 1711 1681 6581
388755 1778 757
388760 2350 619 8568 2881
388795 6671 5356 3216 3549 1058 2984
388830 1029 5490 1273 6375 188
388839 2678 6822 1871 1919 3475 2932
388850 3897 7285 6944
388856 6142 6798
389086 6537 6933
389103 2003 87 6933 1845
389116 6336 7490
389141 2310 5633
389235 5457 5024 6758
389265 2450 8568
389269 763 2882 6671
389330 2379 8101
389338 3670 1720
389356 2350 8103 5583
389373 3893 6671
389441 313 4124
389476 8464 4691
389606 1419 9292 6313
389742 6158 4430 8580 6375 835
389780 4104 6313 2081
389797 7735 5693
389881 6114 7943
389928 8585 5376 7425
389948 6678 4694
389980 5592 2239 3590
389987 3292 8080
389995 952 831 3678 2944 3423 6846
390017 1733 3143
390019 6200 3102
390033 6085 5548 7031 50 7942
390036 6933 3576
390216 2729 5356
390286 375 4806 5331
390370 1412 9237 226
390399 6037 5147
390437 4407 6264 3604 4806
390453 2881 7630
390500 3237 1324 5083
390554 6933 3163
390622 7609 7735
390638 3893 9292
390644 4577 1981 5086 8219
390663 5224 5302
390706 969 2975
390758 7980 5680
390825 3431 6438 6375 7027
390852 9072 6933
390869 6244 4866
390936 2258 2325 234 3849
390937 3493 9253
390965 2035 6186 3233 8493 5356 2774 6063 8443 991 2984 5024 5280 4691 189 6738
391004 1242 418 8274 5424
391024 6114 4951
391147 4994 5171
391187 2227 5935 2636 5393 7839 490 6092 356 2984 8877 2822
391190 6662 5083 5478 6594 3893
391245 5738 3493
391379 5415 2609
391531 965 6987
391546 4976 972
391574 2541 8013 4806
391701 4212 5337
391734 437 3982
391741 3271 6746
391774 3143 8548
391799 9101 5497 9065
391803 4212 1623
391815 6158 520
391833 2003 6327 7800 1489
391843 833 1312 3292
391873 3493 4407
391874 2975 8582
391877 688 221 7341 5590 416 2864
391878 8725 1651 2414
391960 2196 5510
392017 3107 7169
392040 2463 3035
392079 7474 343 3143 4042 2720
392080 5335 7018 6933
392208 3351 2974
392271 4217 6709 5224 7801
392296 6964 5627
392345 4691 5143
392446 5359 1148
392494 9038 6390
392592 9036 8580
392637 7573 7199 2419 3272
392647 8845 3578
392657 2984 811
392690 6933 7800
392824 8972 6842
392866 8906 2678
392907 1243 6933
392960 199 1503
392973 348 4966
393091 7413 4691
393103 3685 4444
393153 6641 405 1383
393155 6933 4790 3893
393222 1347 4615 4554 6158 5376
393230 2984 8464
393252 3156 8638
393289 2751 4554
393388 9197 6264
393400 835 1508
393408 7823 4868 585 1968 9049
393419 7800 4722 2350 7920 4701
393443 9292 226 8464
393465 7580 6693 5919
393567 8464 4253
393763 8795 5955 1275 5024 4691
393850 2855 4000 6906
393873 4083 4792 3275
393992 7183 7634 831 1177
394006 2609 2698
394008 3216 5086 7430 2106 3477 465
394027 4757 4354
394034 226 9237 831 6113
394156 8775 7923
394229 4806 6822 3630 194
394272 3321 9101 5280 1114 4806 1930
394329 808 3670 2931 5421 8762
394381 4965 6080
394386 2252 3429 724 8452 6675
394393 6808 4866
394441 1114 8764 6375
394472 6288 3163
394483 4402 1311 5969 8978
394516 7314 4336 1059
394519 2308 3534 4876 5633
394534 4790 5356
394749 6621 2681
394874 9270 5789
394883 5393 2984
394891 469 5003 5141
395015 2437 4694
395020 4615 7899 2350 5889 9305
395038 9140 4276 1547
395170 2205 2914
395171 5331 6390
395223 5331 4701 6840
395247 6996 1953 6994 6746
395342 6485 7535
395436 5633 3441
395495 1654 2310
395552 2334 9173 9294
395603 9304 2861
395637 7647 6751
395662 7839 3893 3582
395765 8528 952
395772 6933 3606
395834 5679 6933
395920 7430 5086
396029 1371 6720 7737
396055 2231 8333 5356 4806 8024 6288 6138 4263 7617 8840 7481
396121 5680 1199 1029 6635 1277
396171 1968 4972
396201 1790 1768 3207 779
396213 8413 831
396256 2984 226 268
396427 3207 186
396434 932 1842
396471 4466 4806
396487 675 2571
396498 3440 7824 6007
396564 511 6198
396593 748 1963
396678 5376 3488 6375 375 7523 6408 1547
396683 5356 2555
396700 9047 7579
396814 3493 3419
396862 5738 3420
396995 6044 5086 3292 6671 4965
397062 9014 1508 7489
397080 6878 682
397247 3271 5649
397282 7580 8730
397306 952 6336
397415 3233 8859 1073 2607 8265
397498 152 6706
397566 4785 5686
397638 820 7178
397687 1654 226
397688 6423 2636
397690 3893 4691
397798 6375 2969
397806 2984 1015
397834 324 9040
397846 381 7063
397854 7577 4793 5921
397861 2168 1324
397884 906 3935
397889 6313 7121
397930 4517 188 2301
397956 359 4453
397961 1608 4271 3216 2296 6944
397967 7300 7523
397998 8465 5331
398049 8292 5356
398133 226 3949
398164 3642 144 6518 3233 5592 8861 8997
398180 3216 3576
398204 2652 3381
398251 5042 4951
398277 4939 2727
398299 3061 9292
398305 6538 6210
398423 2085 381
398425 7577 1114
398436 359 1228
398473 831 4801 5359 7206
398494 6612 2231 5162
398507 6390 6067
398524 1277 1073
398536 9228 6021 4806
398567 7920 8780 5024 2984
398606 928 5896 5024 8179
398636 6077 5386 1722 469 5024
398762 3234 917
398810 5538 6067
398847 1782 489 1461 441
398907 4702 5083 2350 550 8847 4554 8194 4793
399001 8568 6303
399013 8568 5090 6693 1489 9072
399018 1345 7272
399081 5202 952
399091 8141 4345
399136 6596 3292 6164 5585
399236 1722 5926
399324 580 4388
399436 6288 8568 2231
399524 1468 7735
399592 3547 2045
399624 4150 4133
399639 2586 6746
399703 1223 7507 1811
399724 8314 3878
399736 2111 1387
399747 831 703 2231
399774 645 7800
399808 2984 5838 5302
399834 1983 5703
399862 2110 5816
399868 4806 220
399915 7624 4200
399943 2278 6612
400091 3061 9065
400098 2350 381
400159 8329 3562 1358 3491 4821
400185 222 2357
400293 4271 702 4697
400313 8548 5024
400316 3582 2984 965
400359 1454 6009
400466 2294 1273
400532 3880 2914 2691
400605 1828 5849
400625 249 1889 4042 8795 2304
400663 2045 7372 226 5678 4806 2037 448
400673 6080 8485
400767 5171 1189 4444
400785 2350 5510 5024
400817 8127 3475 7425 7481 2874 2620
400844 6493 226
401006 7298 8659
401030 226 2231
401055 4325 8791 8464 2196 2400 7609
401070 222 2746
401072 7800 7351
401160 4517 1790 8637
401165 6165 2791
401212 6313 4874
401248 103 8488 3233
401322 3678 1358
401324 1189 1380 7485
401378 6671 6933
401505 7735 9124
401527 222 5438 2231 4691 7609
401572 18 9228
401587 8633 296
401678 7015 5431 808
401707 6540 3778
401846 2812 8548
401916 6807 561
401964 2976 2205
401987 7312 5550 8724
402020 375 7298
402052 1058 8329
402110 8568 8011 4135
402131 5592 5682
402189 1953 7839 8413 3049 8198 3226
402217 8265 6164 469 2838 2052 1442 4806 7735 6824 2159 9214
402314 1442 7928
402390 4506 4691
402395 3395 5693
402428 8703 339
402493 5699 4726 1196
402507 381 3661 6951 3678 8915 375 343 5024 8803 3491 4722 8091 2289 9292 8145 1475 6390 5799 5291
402535 7885 9318 9176
402583 7171 2303
402694 1161 5032 2872 3292 5728 9304 2881
402825 3234 1668
402850 8500 94 4462 2550 1454 4800 1184 3752 3809 2984 1312 1889 8085
402862 3447 1857
402886 8558 7903
402958 6832 5628
402960 1778 469 5517
402982 2069 6955 9214
403050 8725 3059
403056 7685 6733 6987
403146 9237 3292 3678
403191 7523 2984
403213 3893 8965 1131
403244 7835 827
403248 1273 9072
403385 7467 9101 2571
403471 7608 3292
403545 282 1324
403553 6007 87
403606 4615 4208
403651 8739 5180
403665 3028 5143 8138
403697 4395 1634 39
403708 5945 8875
403802 6752 1889
403839 7819 6484 7008 1489
403914 3752 1184 5997 3271 5022 9065 8775 5119 9101 7634 2278 448
403927 1651 3370
403957 7735 7651
404013 6063 7982 489 4806
404015 1818 9101 2984
404129 8633 8725
404294 4691 3557 4042
404323 8606 3493
404342 5356 4785 9124 4615 8945
404437 1738 534 1959
404444 8033 5705
404546 1387 584
404601 6678 5024 5357 7253
404686 3606 3298 8989 661 3112 3589 448 2910 1814 6228 4555 2398 4443 3989 3602 6553
404769 1311 6683 442 8589 833
404793 3673 7073
404811 9317 7768
404817 6671 3602
404864 5830 8885
404871 8432 4140
405014 6375 8156 7298
405015 9371 5830 5108
405042 6933 359 2085 3630
405067 5449 9176
405144 5376 8262 375
405166 8965 4113
405202 4336 7839 9228
405234 3893 8962 261
405254 2244 5356 6113
405330 993 4510 6390 5302 8379 5141 8559 8484 9159 1634 5083 5003 1083
405340 5377 8043 3107
405355 3663 5086
405370 1185 7920
405426 654 188
405490 4808 3066
405498 3721 1968
405578 375 5393 110
405619 5789 453
405639 965 7182
405654 7210 6313
405706 5376 7466
405711 3102 1273
405715 8211 1631 1075 952
405777 4217 6130
405803 7692 7805
405816 8024 974 5513 528
405912 2241 8581 5025 6336 7430 1547
405923 4182 8775 3292 8965 5408 8569 226 7928 3148 2350 2239 1477
405925 8803 6158
405932 7808 1547
406015 5438 7285 4806 7481 6375 917
406072 1547 2350
406080 2350 9176
406143 1719 2746 3207 2314
406229 2039 2678
406235 7577 702
406237 831 2873 9213
406267 9101 465 3256 4806 4691 7253 4928 3670 3484 4298 1217
406302 5022 3292 3576
406334 1651 5746
406419 1889 8739 615 909 3314
406441 2043 7023 3431
406471 7973 4762 550
406505 6596 5789
406550 5739 612 175
406618 8671 6720
406624 7742 7615
406660 3968 188 9371
406697 6375 4806
406718 5086 5356
406772 4271 4691
406801 5376 3670
406864 6310 381
406953 683 2633
406972 4675 5171 6609 5376
406989 1248 7735
407071 2996 4774
407158 4597 6666 6433
407159 5 4793 1015 1262
407167 1911 4151
407168 5086 2050
407211 3234 3973 8355 7865
407261 3633 1128 4790
407286 7539 3765
407294 2571 448
407350 6987 6085 414
407413 974 4276 3175 2678
407464 7992 6024
407553 3108 1474
407659 4691 8944 415
407689 1309 1841
407879 5329 3590 6390 3740 1018
407962 8548 8834
408052 855 7430
408158 7007 3233 2303
408209 255 6460
408232 3547 442
408359 5590 4141
408364 8524 3727 5949 6554
408372 6064 2450 6671 4721 8775 5356 4841
408386 1625 2678 5478 2746 6198 375
408448 4462 5921
408568 4790 4774
408644 3381 520 1787 2294
408733 8681 4806 6390
408805 3233 226
408807 827 8548
408892 5171 5357
408944 7581 469 2843
409007 851 935 890
409034 2984 1059
409042 2196 2984
409073 4808 8791
409077 1253 3271
409104 6621 2376
409106 5331 9159
409212 6390 9213 1547 2984 4806 4577 2484 906 2609 8321
409230 2419 2864
409251 4554 3435
409280 7959 8568 2746
409285 6170 4217 6609
409398 5027 2678
409404 3605 1482
409489 5521 1636 9181
409498 8724 9214 375
409579 2775 4446
409590 1953 863 3431 4083
409625 6158 9329 4213
409716 1018 7507
409728 177 1968
409784 489 4986 7823
409813 2589 152 4466
409842 6777 5513
409847 3177 3226 6987
409868 1919 3994
409984 2362 1778
410015 2376 7329 2294
410061 222 9082 6701
410072 8659 1114
410184 6968 1330
410220 6612 7780 2256
410269 7020 6186
410430 957 6906 991
410480 5200 7043 469
410508 4754 3281 5356
410549 841 3311 6375 965 3678 1811 5025
410579 1842 7577
410582 8845 2052 4691
410587 7706 81 2843 1277
410618 3431 2666 4691
410650 8033 1593 1653
410670 2984 812
410675 5025 5497
410686 8413 3105
410692 3216 9303
410756 5513 831
410773 6336 9371
410883 5022 6113
410976 6609 835 4722 1125 359 8240 6706 4271 4135
410989 2984 6292
411000 9002 2350
411007 4336 152
411202 7824 3436
411213 448 4615 6671 5515 5022
411328 1486 5497 645
411416 7411 6629
411478 6498 7302
411544 8590 7577
411562 2249 8830 448
411603 5032 4790 2964
411680 1238 7174 6303
411684 5356 2826
411727 5171 4691
411779 4868 585
411848 5180 2350 2347 375
411850 3244 1651 6651
411867 8739 2652
411954 918 5612
412037 4296 6609
412065 5032 8965
412119 5167 1639
412125 2812 4287
412126 7192 4511
412258 8024 6529
412349 827 4694
412367 3852 8714
412389 7523 359 3981
412425 4272 4083
412465 2303 2104 4042 2419
412492 6195 1128
412507 8681 7276
412509 9049 3534
412532 5497 5356 703 5438
412536 7832 9213
412695 9049 6588
412715 8718 3369
412748 7800 3753 6042 9262
412782 6884 5513 8464 2081 6246
412807 186 8775
412834 8803 5227 1383 1790
412843 2984 375
412847 7577 8355
412853 3897 3889
412854 2350 2239
412922 6248 8764
412935 3469 1651
412964 561 4767 5921 6609 4691
412966 8464 8477 5632
412968 8236 4859 6457
412978 3292 5202 1959
412986 6955 7580 8022
413003 417 2734 2085 2419
413069 5119 6933 7832 1889
413082 1842 2746
413135 3066 9156
413306 2636 2459 5565
413471 4126 4212
413500 3623 3633
413519 2890 9057
413525 6447 857
413537 6088 5255 983
413541 3493 5245
413641 5024 5171
413703 9176 1733 467 7511 8421 2350
413911 1119 9292
413943 5513 7848 3163
413944 6594 7003 3097 3678 8638
413948 5086 421 3556
413957 2879 5280
414016 6425 6746
414017 3652 1340
414040 8578 217
414122 6832 1265 5224 969
414177 1514 7457
414209 1049 3431
414291 8765 7622
414326 833 2651
414505 8321 6085
414552 716 1930
414563 5590 1461
414631 4615 2350 8782
414648 8464 4500
414710 421 1010 6605 6912 7198 965
414755 4691 5331
414758 5604 4263
414763 8654 3893
414775 2503 520
414822 9124 5086 6113 8314 3556 2984 2636 1547 5513 9338 831 898
414864 906 3271 375 8775
414909 5789 5705 4752
414979 6960 4312 4806 2855 7481 4841 6165 9270 6117 6933 8965 6671 5565
414982 7735 4691
414995 375 1733 254 6733
415026 2211 5253
415051 469 1273
415061 9176 2746
415106 6933 3561
415143 235 1312
415227 528 8580
415246 5478 7747
415312 7899 5738
415520 489 1752
415644 5393 4891 6313
415709 7481 9120 7742 3626
415719 4271 7885 1547
415735 51 1968
415805 2314 8446
415828 381 8541
415895 7808 1277 1461
416156 6164 2812 3226
416258 442 7692 2254
416328 5921 5356 6671 8559 7959
416365 2734 4928
416400 3511 5513 634
416563 4271 8316 2984 7692 2239 8314 2609 6671 7959 3175 3972 6846 4283 7481
416570 2350 6127 528 6612
416762 4752 3431
416960 3946 8314
416963 2168 7406
416991 3419 3973
417017 5162 2350
417030 5171 1017
417031 7728 5513 702 3880 3787 2836
417037 4801 2805
417049 1790 1733 393 6846 8059
417115 2984 3338 3105
417126 5056 1489
417132 1558 5705
417276 9165 205 1722
417308 4396 1725 9306
417309 5680 5025
417359 339 2256
417383 4928 6746 4059 5513
417426 9176 1029
417427 375 4699
417492 5328 8380 8888
417494 4940 6313 1514
417559 9305 6063
417602 7827 9125 5249
417622 8849 8541 890
417677 2166 5565
417695 2761 966
417714 6933 6375 6355
417719 5302 5645
417817 3827 7012 7764 7455
417915 8033 9290 2843 6375
417969 6548 5200 6198
418003 811 5819 4795
418083 1074 8669
418270 4785 6240
418299 7267 5269
418307 1030 7732 1653
418325 7298 5791 1125 8993 4694
418327 4217 1387 8003
418382 1347 7959 2166
418386 8934 8854
418392 5217 2303
418400 4271 3556 4263
418418 5035 2314 3 2678
418420 8780 7577 1653
418652 7523 1461 3670
418745 407 6938
418780 2037 4374
418794 6288 7735
418812 5162 7824 8299
418887 4928 4691 7290 2226 2670 2541 3271 8795 3491
418925 4466 1273
418935 2717 611
419046 4722 9081 4298
419127 2085 6609 2984
419208 6548 2875
419268 3143 5895
419360 8548 2114 339
419382 6987 6165
419388 8929 4196 3165 3307
419418 5086 5212
419425 4319 4691 5224 3384 1738 1720 8636 5675 448 4806
419479 6935 8424
419483 3595 7830 6996 6009 3891
419492 188 5245 5538
419514 54 1953 5705
419527 6447 7577
419540 6846 2678 4873 5747 2843 3678 1968 7800 3319 194 9273 7298
419570 226 8249
419587 5376 1273 4691 2040 8590 857
419732 6170 5141
419735 2534 5356 9065
419742 2414 2310
419783 4756 3272 8661
419817 5356 5083 4806 5032 1114 22
419845 7580 7548 8045
419853 8413 1651
419927 2932 2835
419928 2085 6738
420050 6808 8590 6751
420057 2746 1608
420095 1857 3556 6313 7534 1125
420107 372 5086
420110 811 4272
420154 222 1460
420160 3025 6006 3292
420255 8580 8033 132
420275 7480 3935
420320 2589 7824
420323 1651 8548 808 9203
420398 1968 3797 3547
420425 8262 3351
420472 5136 2301 7860 2425
420517 3583 4264 194 3862
420532 6007 4853
420592 8932 4231
420671 4368 6504 4407 1681
420699 4238 6375 703 6063
420742 4083 4803 1508 6284
420793 1116 3512
420805 1461 1035
420915 5578 5086
421003 4407 2166 4792
421007 6475 6610 365 7004
421026 339 4670 841 1461 6480 8725 1651
421077 5024 6164
421160 4298 6408
421246 7622 4694
421262 2822 3143
421302 7165 6288
421360 1889 2625 6581 1018 3731 7839 1482 6085 1941 4096
421366 6390 6840
421406 4722 6612 6113
421420 520 2328
421422 4126 8548 1030
421442 828 1593
421454 5356 5032 831
421487 7742 8373
421505 2996 3105
421531 9065 7481
421532 6720 8795
421572 9101 1505
421637 7577 469
421647 3893 5538
421762 8785 3576
421780 5478 7581
421885 1010 3233
421918 3949 8842 6248
421966 7577 6082 9228
421979 1930 5538
422050 4806 3602 5331
422102 1471 6671
422186 516 3968
422246 2387 8321 5024 4577 381
422281 3576 5356 6646 8775 279
422297 5202 186
422328 7580 1029
422407 5329 9371 51
422554 928 4806
422660 6313 9150 4996 8724 716 2636 9286 52 2571 4701 3561 139 5438
422754 6840 3207
422767 5022 8775 5393
422796 7982 2636 4279
422824 6951 421
422926 6628 6609 4691 7641
422988 797 3902
422995 8488 6288 6111
423017 9305 3595 4466
423055 4951 6624 6767 6336 8782 5393
423103 6706 2376 3762
423114 5633 6198
423164 2247 7655
423249 7570 6390 9176 7452
423328 906 3040 3237
423369 3292 4806
423427 3563 2852
423501 2984 2170
423523 974 5033 7298
423527 1461 4345
423538 8464 7044 4866 226 2172 3678 1330
423591 6390 7043
423604 9228 6186 226 8775
423641 2760 6288
423680 3752 8775
423724 9290 694
423808 5171 2650 188 7545 8593 728
423827 2650 209
423897 5513 3183
423965 2872 1484
423972 3946 1930 7928
424045 5356 4056 5003 1029
424116 965 4813
424139 3107 3875
424153 5224 5302 5022 1018 1631
424299 5550 7824
424345 5032 818
424379 7781 9101
424404 5227 4843
424477 5578 4191
424491 1034 2822 7010
424495 6581 448
424503 6846 2805 3493
424550 3440 5224 6938
424679 5513 965
424724 5376 3630
424745 2357 451
424769 7206 2636 831
424828 8836 3806
425037 2414 8548 6159
425039 3559 4691
425089 3787 8775
425136 3889 8718
425173 6336 6609
425180 2720 5056 4752 1892
425261 1238 4113
425404 3893 519
425441 6129 2370
425462 2166 2541 2874 7481
425551 3119 4801 50
425583 448 7651
425738 3143 932 5550 7344
425762 6395 1159
425828 628 7959
425845 377 8089 1649
425846 7950 2003
425878 6596 5590
425907 7980 2159
425954 188 4691 1778 7652 5502 4633 7485 6375 831 6609 2636
425993 9101 4940 3321 4366 906
426021 5245 3852 4430
426100 5457 2025
426106 1738 2858
426130 3090 4263
426150 2294 7742
426246 7788 3000
426312 4290 6067 2535
426316 4345 2984
426360 6845 8600
426372 3493 5302
426382 9047 1720
426412 7027 6892 9286 6288
426431 7751 5086 6385 4801
426473 983 8033
426559 4806 5331 7165
426575 5171 7171 2874
426577 214 2678 5158
426650 1811 6217 6164
426667 7928 8464 928
426749 3670 5162
426774 4345 1953 1720 8443
426838 7577 6390
426846 8895 6113
426873 8329 1010
427007 8443 6082
427022 1073 5529 1877
427099 6048 4615
427158 8945 375 3862
427186 6113 6987 3102 2463 6453
427197 4298 7609
427263 2085 8477 4691
427264 4983 87
427282 6037 8659
427359 2990 2003 34
427398 3216 5565
427459 2984 4271 5302 9016
427471 5086 489 7754 3447 2589
427616 4800 8541 4962
427756 4592 3561 6520 9290
427912 611 442 3292
427969 3304 1277 8637 469 1148
428017 5578 5478
428144 7622 4859 6809 6367
428184 3207 7077 4466 1456 2857
428203 8273 2663
428304 5171 2984
428318 8500 8152
428332 3419 6609
428381 6485 831 6596 5171
428387 3176 3893 5162 6955 5180 4182 969 1514 7608 5032
428509 7801 5171 445
428519 2964 5515
428563 1651 7935
428581 4831 5738 3772
428668 5357 6288
428672 5257 217 1119
428693 4702 811
428721 5331 5032
428734 4806 7959
428833 7824 384
428854 1533 7043 3143 833
428871 5329 4820
428932 1651 339 4500 8548 7622
428935 2110 4989 7798 3906 9341
429053 186 1371 7311
429080 5399 2746
429082 4263 6390 5245
429131 6377 2779 8452
429236 8033 2350
429360 753 6635
429381 1842 1035
429390 923 1114
429517 3101 5340 2295
429587 5578 7956
429690 2069 8714 3290 2541 8070 375 1733 528 4721
429696 341 6413 4180 1482
429721 7399 7609 2506 3586
429757 4806 2726
429896 6982 539
429940 126 7481
430061 469 3893 4615 6700 9228
430128 2289 3234 2984
430136 1201 9213 1333
430159 8775 5649
430330 8541 5205
430332 5770 4849
430524 6206 5202 9101
430556 4986 1383 2681 8486 8321
430570 7228 9250
430696 4806 827 5200 5056
430776 4774 2746
430859 8033 3381
430925 8354 8187
430941 972 2069
430973 7318 3120
431079 4310 5172
431131 4217 8795
431215 2258 2620 6537 1330 5495 375
431216 6641 5717 4411 833
431221 7800 1114
431313 188 4796 2350 6596 4891 898 549 4453 6138 226 3292
431342 802 6609 2196
431379 287 4796
431425 4466 6605 92
431493 1967 5224 2760
431520 6933 799
431547 4059 4662
431572 7617 8314
431591 1364 7692
431593 1265 1914 3097 5502
431611 5821 6313
431635 221 4554
431641 3272 3431 1253
431696 2350 4615
431766 8655 188 8321 2746
431885 343 6375 4298
432001 5393 223
432045 3148 6327
432079 8103 6605
432225 2114 8557 8548 1073 3860
432298 1454 5510 188 6313 1125
432321 3493 1018
432361 1547 6005 5171 613
432390 8464 2845 220 5359 6085 3059 1473 8211
432558 50 488
432569 9306 2984
432588 7800 8568
432642 7650 6063 7129 4689 7580 8321 1200 223 8274 4083 5644
432679 7206 3051 1330 2239
432686 1049 4808 7610
432730 857 3207 6447 930 3684
432800 8603 6133
432838 3531 4876 8746
432866 9176 222 7425 4312
432966 6367 5633
432996 5022 200
433150 3511 5738
433186 7425 9176 6390
433339 6671 226 2571
433408 5738 6423 2984
433463 6538 4344 6933 9173
433483 1387 7017
433685 490 4802
433718 762 5042
433723 3805 3328 8110
433732 5376 3653
433752 1787 7027
433759 7319 9014 4444 7519
433775 5393 3292
433851 6612 2173
433883 1015 2463 952 7839 3233
433888 8816 8113
433899 1311 811 6612 5357 7801 8500
433921 87 7241
433927 2110 7027
433992 5680 4928
434019 2587 906
434117 4345 5592
434157 7331 6745
434180 3493 4212
434197 2350 4083
434220 8363 4806
434317 889 4264
434332 2239 8050
434402 3890 1722
434487 9057 4453 5245
434523 5171 5478
434576 8775 3576 8659
434591 1494 2432 3440 3059 528 7971
434610 2271 5702
434673 2350 9143
434705 7971 5024 2636
434833 4287 1636
434839 7298 363
434886 1945 1059
434956 6547 1442
434987 991 9253
435076 8548 1968
435088 3381 1930
435149 6390 2098
435242 6113 5331
435250 103 1140 1547 3067 6892
435253 4074 2001
435286 186 188
435368 5212 6336 8156
435431 288 831
435548 2757 4364 7646 2000 6480
435563 4135 3271 3670 6248
435675 3233 4444 5356 3576
435695 3395 3694 469
435699 8500 448
435709 2152 2984 8130
435735 2952 7210 6224
435811 2400 3711 442
435866 1773 4869 2325
435909 3111 8820
436067 6480 1073
436077 1508 831 7801
436131 4996 8091
436321 359 4965 6080 3880 7928 645 6553 927 565
436385 831 2110 7027 2085
436426 957 448
436465 831 8702
436559 5171 4722 928
436572 6987 5693
436601 7800 1968
436631 8984 5245
436713 4701 2350 448
436767 7523 7980 965 7007 8156 469
436798 7106 8843 1699 6596 1790
436843 1460 8212
436868 1029 1889
436947 3234 5078
436968 5331 6569
437004 4910 341
437012 375 226
437030 5118 5356 7737 6048
437104 6987 5009
437260 5883 6356
437415 5693 2459 8321
437421 8321 8464
437597 359 866
437619 656 7183
437646 7824 3623 6824
437648 1738 5025
437649 8993 6327 8953 3398 6065
437785 800 5356
437792 8321 2376 418
437862 3602 6246 4728
437885 5678 833
437893 8867 2984
437935 8828 5471 3906 2052
438008 2881 9065 81
438041 8464 4801 9244
438098 3630 1847
438153 2511 3105
438201 1722 2138
438231 2862 4921 168 1614 3152
438282 5245 3547 188
438357 2540 5280
438382 1722 5592
438408 2812 3893
438450 2578 4597
438556 7865 866 7383 7454
438611 8115 831
438632 717 5118 882 4439 5171
438706 3310 6629
438725 6375 6170 886
438789 4793 4444
438862 5356 2984
438886 5529 5331
438938 6288 7430
438992 5202 5738
439076 951 4126
439089 1030 2085
439097 1138 676 7305 6312 9033 6898 421 5024 8632 1547
439117 392 1328
439131 7425 5171
439175 6857 2350
439208 3105 8464
439211 799 5280 7824 4391 5895 6764
439283 1651 8548
439328 2075 6435
439444 4779 3731 3255 2698 2130 4444
439456 2471 2069 2636 375 3782 1733 6612 2881 7634 3292 4263 3216 4652 2168
439460 2984 5356
439479 1320 1547 702 7456
439550 449 2663
439558 5521 1070
439612 7300 6847
439889 7732 8321 811 3053 7899
439906 9118 1842
439964 6117 1107
440027 6799 9251 3586
440207 6313 8775 5393
440257 1953 5022
440344 2890 2873 8593 2984
440355 3547 8099
440415 1681 831 3493
440462 3576 4517
440492 2289 1476 5578
440722 3395 6678
440744 6009 8273
440831 7954 4042 6824
440877 1358 4965
440907 4509 8885
440919 8548 3000 1778 1838 5682 556
440928 4790 5329
441008 6367 1968 5620
441034 4574 2347
441092 3762 7468 6635
441101 928 5356
441150 3556 1333
441159 7672 8997 831 5513
441163 375 2350 6933 465 9317 453
441201 7523 4078 9176
441255 1277 4126
441294 4615 1930 8091 7131 8632
441305 5053 1026 5587
441337 51 2052
441338 4702 5693
441356 6313 5393
441368 2984 8024
441420 489 2197 2984 8590
441448 5457 4889 1320
441453 7839 1083
441463 1049 5515
441476 3207 8853 6933 4721 361
441487 6671 6067 5245
441554 6933 2085 5376 6375 5682 5147
441557 6080 5171
441558 5356 2586 6846 6390
441559 421 3381 4806 7742
441572 6720 945
441635 3381 8634 5738 7581 7117
441713 6746 7377
441865 5171 5162
441954 1397 5273
441957 7661 8984
442019 2691 5349 4277 4996 966
442076 5510 7380 3623
442079 9061 6336
442094 5359 1198
442256 3272 6671
442323 7228 8109 3191 1148 6944 6609
442346 5680 1030 1653 8033 8321
442354 6933 4702
442364 7379 9240
442434 8659 2633 8681 6138 6114
442443 2379 8681 7361 7928 5644
442452 2534 8775 1959 2278 5022 645
442508 1114 6671 694
442591 6186 561 1738
442651 3233 4691 6824 6217 3314 7411 4581
442674 5356 8024 375 3678 2350
442754 3940 4533
442796 6898 6706 7609 1029 7980 3556
442812 1067 2710 8845 3556
442925 3441 375 6129 6313 6390
442972 2484 3740 3143 8681
443030 3469 7706 6164
443129 6329 5169
443132 5202 3678
443185 6063 1722 1164 6964 5807 5686 263
443212 188 7609 6015
443351 7764 2301
443374 4996 3576
443420 3187 1018
443522 2890 87
443526 3612 8764
443573 6390 2350 3552
443594 6706 469
443597 226 6629 2350 6423 7523
443672 2793 8314
443679 7043 2484
443686 9101 7507
443734 1903 6142 3290 4615 7742 7832
443843 5739 4574
443886 5633 6241
443968 2328 183
443980 4721 8379
444015 6612 6609
444063 2805 8785
444095 1608 9185 5024 5376 4793 3381 7742
444154 3753 4708
444209 1497 2742 108
444221 1010 849
444308 6313 9082
444339 762 7800 1593
444383 1489 2067 469 1777 2607 3711 5329 6602 5693 39
444392 6390 9306 7630
444408 5086 4811 7692 9292 5675 5302
444462 5022 8775 2791
444494 1533 1117 5356 7781
444545 3194 1759
444585 6668 2860 2106 8321
444634 1842 3209 8568
444664 5502 6987 7796
444682 5529 8464
444765 1345 2544 2651 7923 7481
444814 2775 5521
444821 6093 1461 489 1356
444846 4279 6982
444888 1681 3176
444897 9371 6459 4000 7920 6581
444903 7848 343
445016 2173 5463
445039 194 2351
445120 6671 4691 359
445127 6800 1930 7306
445229 6240 7550 2226
445233 1720 8217 3875
445381 2350 3602
445501 6832 488 3292
445502 1842 1253
445556 4345 3271 6277 1842 2278
445577 7399 7047 3381
445676 107 2873 8264 4691 4891 3748 1842
445716 5112 5066
445731 5693 3586 4806
445777 6621 5629 3194 7580 1431 9253 6706
445782 3644 2746
445960 9316 1029
445962 7801 5686
445986 2069 4752
446041 3606 5145
446120 7830 7507 4792 4831
446189 8484 1528 6746 2984 1930 1051 9213 2636 2484 8026 4803 7928
446198 3893 5329
446211 3561 3234 324 18
446226 6933 1018
446311 1653 3321
446320 844 5119 2045
446324 3767 8637 7610
446332 2278 5216
446376 2984 6313
446415 8635 1498
446431 7928 3893 549 3290 811
446469 8724 359
446587 7267 3893
446756 7430 3845 2510 7801 1248
446758 6933 2350
446780 3073 8765
446785 4294 7735
446820 8719 6584
446942 7162 4607
446980 3711 5666
447063 3314 4554
447118 1461 9072 1363
447154 448 7027 5171
447162 5773 6423
447211 8321 2763
447241 6671 4407 359
447255 2578 1243 3237
447259 6009 8993
447317 1311 5778
447397 2350 4757
447448 1889 1413
447450 4983 7544
447461 4502 5250
447574 928 5497 7936
447651 3105 9033
447720 6117 7848
447814 5592 4139
447860 3880 9159
447868 8730 5246 4627
447923 6846 9 6021
447941 3143 1058 7411
447956 2078 2550 4707
448144 6375 1683 3897
448155 2843 2873
448199 5814 6040
448224 2350 1727 4271
448284 3602 644
448304 8033 3778
448310 2356 5521 2459 3290 4971 263
448340 6596 78 4298 6569
448438 6164 2111 1324
448501 8462 3556 3138 4691 3544 4797 1722 7411 2580
448520 4806 288
448534 6375 4554
448600 8321 6248 6336 5592
448620 2164 7639
448671 8637 9165
448747 4806 9065
448762 6291 7604 1454
448856 5224 7027 3670 5693
448860 4816 2414
448862 4407 226
448943 2734 8091 3602
448964 2607 7824
449011 747 1568
449095 5921 7331 2085 4217 6720
449170 6539 186 8724
449202 1029 7980
449238 2971 2698 5415 9267 2934
449291 7577 4217
449293 5578 906
449336 3630 7824
449408 3216 1035
449441 3163 538
449449 8548 2881
449602 4891 5083 421 6671
449696 5764 1857 1791
449741 7198 3787
449798 1968 906 3183 7923
449862 3233 7228
449880 6164 1356
449909 5972 375
449932 4983 3871
449973 6288 6555 2289 6065
450047 2425 5245 3233
450080 2241 7735
450226 6336 6048
450232 5331 9118
450270 6248 8484
450346 6465 1845 6847
450350 8321 83 2843 8273 6987 1636 2909 6224 6877
450396 6581 4806
450406 1119 6375
450437 5565 2819
450452 4691 4965 3893
450482 3743 9124
450487 8524 3233
450512 3423 1959
450521 8521 4859
450526 5953 8326
450577 5510 4691 5119
450617 3852 2278 4208 1449 1026 186 155 9024
450650 7298 1522 7581
450689 5393 5675
450730 1018 421
450783 7306 2254
450784 5335 6933
450818 2746 6322 5376 4806
450819 1010 6933
450889 2110 2085
450897 5900 5356
450900 18 6671
450913 2350 7830
450940 6596 1371
450941 7397 4677
450946 2231 226
451028 1914 1324
451030 3292 4263
451067 5024 4296
451098 831 2827 4161
451182 8777 7523
451202 2289 6933
451214 9072 6982 6629 3556 7580 6944 1500 51
451240 694 628
451277 7298 8789
451295 4803 5819 8802
451330 2578 3590
451381 6987 6425
451392 8355 3618
451399 4772 5357
451488 8724 5032 927
451504 3849 4305 528
451547 4691 4796
451693 226 9024
451706 488 2678
451714 5072 1266 6933 1392 3136 4986
451760 3576 3678
451776 2873 9176
451806 3909 7210
451833 3226 8464 4691
451919 667 5538 3731
451947 6706 8321 5680
451955 5356 2350
451984 9077 421 2350 4042 7507 3670
452034 3693 3226 469
452069 6596 966
452196 375 6067
452209 8724 3766 966 4792
452238 6706 188
452317 8089 9176
452446 2827 3893 5331 2691 5356 226 4806
452475 7717 9338 5393
452543 1889 6612 1311 222 952
452559 3512 8033
452582 991 2984
452611 935 1327
452662 7839 6924 6277
452667 6248 928 8580
452712 4083 8464 7775 5430 2227 5738 4806 7035 9061 5331 2746 5391 7425
452744 7366 3602 1930 3226
452750 5682 7581
452787 5838 8589
452807 5590 7446
452842 6609 8122 6605
452858 3678 7742 6609 4691 595
452896 9150 280
452903 2510 3561
452950 5376 3029 6609 2289 6996 469 2435 6671
453054 2459 428 9338 4806 4174 8024
453095 5543 6933 4607 1015
453103 280 3666
453116 4939 8789
453141 4793 2984 7943 3602 5896 9124
453194 6933 1545
453271 1030 1953
453274 6322 1719
453313 991 3102
453379 313 448
453403 7299 5896 5357
453426 7716 1100 5249 6485
453480 7072 4806
453511 2350 1730 469
453518 8500 8559 9213 991 3678
453540 762 3233 188 8091 6987 110 9150 6044 5181 3852 2678 3451
453546 5682 811 87
453565 7774 8984
453606 1461 2678
453659 1872 560 8292
453676 7511 2278 7936
453783 3272 7250
453795 2775 247
453848 9101 186
453893 1650 2085
453952 3731 8050 4444
453956 6501 95
453969 2278 8777
454094 1114 4298
454167 3630 4806
454213 6375 152
454227 866 5557 1242
454237 5478 2810
454251 6912 8413 2681
454405 6706 5693 7027
454414 6847 7526 1018
454425 359 2425
454445 2678 2111
454551 3935 2944 1182 3102 1311
454626 7430 4262
454645 8321 2085 4702 7535
454662 8775 1930 3893
454711 4792 7505 407 6933 1914 8240 717
454755 1651 8548
454823 7027 2746
454908 1733 226 1426
454947 6164 2226 8965
454994 1608 188
454995 2088 186 6609 4891
455041 8877 9291
455106 4231 375 3431 2854 9304 3440 3678 8892
455145 1035 7855
455497 4806 8802 6138
455527 6164 5086 7609
455592 4128 2969
455594 2746 7622
455620 928 8484 5356
455677 6375 4208
455692 7298 2678
455713 8548 2589
455773 5143 5926 661 8698 3924 1930 393
455775 1240 2166
455853 2144 2620
455953 2350 5302
456064 6138 4441
456114 5022 3823
456148 9061 2350
456217 1680 6375
456255 2000 2805 1461 2982 1119
456300 6044 8240 5376
456342 5086 8179
456375 828 5849
456398 5024 5171
456430 6720 3493 7331
456526 528 917
456616 8329 5086
456643 6629 8765 9047
456985 1719 1842 4618 4722 2066
457005 6170 3226 1311
457006 7481 5356 152 2301 8091
457096 3630 8122
457125 4345 1253
457227 2578 5216
457232 8775 2231
457235 6146 5590 991 9109
457237 1296 3678
457255 6938 3143
457308 7938 7865 1593
457328 831 4444
457388 1473 1216
457389 5682 370 8321
457419 5086 3678
457452 4721 6933 3893 5331 1330 2168 9198 5995
457492 5245 2278 8484 1547
457522 3105 6134
457553 2050 898 3431
457555 7043 5031
457570 3561 1148 6746
457577 2085 5356
457585 634 8845
457647 8568 4208
457681 4283 8172
457688 7781 1957
457721 6809 7545
457772 3602 2636 375 8091
457773 9317 5458
457794 2001 6170
457802 1114 927
457812 2678 7542
457858 1911 1461
457870 7228 2294 1324
457883 4354 288 375
457899 6758 2016 5438
458001 6303 5680
458116 2484 1552 7523
458194 9216 831
458222 3491 3630 5331 6569 7505 4231
458344 7623 6431 5578
458407 8321 7920 7609 4691
458521 6288 381 2511 2350 300
458596 3678 4806
458616 2328 7580
458660 7328 7331 4126 1002
458720 6987 2746 3878 801
458790 6671 8775
458828 1387 3233
458843 2746 2019
458882 8512 1114
458971 2984 6733
459197 31 5449
459205 2085 3493 6746
459214 8299 8568
459304 6636 2756
459370 3281 5180
459377 9178 4694
459407 5517 2746
459452 3107 2254
459453 375 9213
459460 1253 4941 465
459511 3431 7742
459520 6375 343 6757 1273
459557 2289 2734 8944
459596 8211 5356
459631 2254 4615 7735 5086
459683 5791 6635
459705 2000 5328 3534
459773 3235 4530 5698 2791 4790
459825 3678 8785
459837 3939 7482
459893 3556 6987 965 2301
459913 4806 180
459954 6994 7702 6756
459968 1253 7462 4797
460000 2843 7706
460001 3184 8373
460004 6170 2691 1018 952
460102 8765 9257
460105 5086 2890 3237 906 7408 5022 3493
460111 648 3290
460337 3207 6605 6182
460440 9253 2984
460483 643 4581
460487 2988 7425 7481
460492 3431 6933
460601 8953 4056 3678
460621 1345 7742
460633 5515 7801
460638 8853 7534 879 2873 2231 7337 4808 6064 2881 5245
460672 7801 5513
460679 8590 2000
460718 3249 6067 1783
460719 6390 459
460752 5086 1148
460775 2651 8217
460788 2984 906
460790 4083 2065
460896 4294 5376
460929 3731 5356
460935 7800 6198
461009 8443 2993 5560 7788 4290
461135 1656 7760 2636
461141 467 5782 5899 2080 5024 6164 8635 4462
461146 8413 1454
461216 9120 7297
461283 504 3173
461293 6361 7523 7279 8199 6164
461304 2314 6288 7480
461334 2873 3292
461377 8965 6671 7869 4607 1953
461435 7411 1722
461637 6714 5171 6612
461652 6709 3678
461685 3949 268 375 6432
461790 185 92
461803 3852 4318 3893 2761 448
461841 7832 4271 5171 694 152
461855 5086 9101 5202 9368
461954 6356 8996
462086 3381 3102
462101 1738 469 945 4298 3431 9118 2304
462142 2984 7920
462170 7430 2636
462176 4425 7430
462262 7768 8413
462283 1500 8632 2609 2400 8724 4928
462408 5171 2636 1525 6113 3271
462495 1018 8681
462514 8780 8511 8091 5475
462515 766 4790
462643 1930 1842
462660 8724 6581 738 4983 3436 4615
462673 7523 857
462677 186 188
462705 6832 1811
462728 2878 2307
462766 4928 4722
462803 3803 979 8582
462867 2550 1311 8901 800 375 1018 9165
462890 4298 1287 7539
462898 5552 2822
462913 8875 2213
462923 991 3604 9213
462943 6590 5633
462944 8262 5376
462956 898 2045
462963 4928 4607 4360 6709 4444 7781 2625
462978 3670 1943
463021 2246 6861
463057 459 3275 6521
463092 3066 8706
463095 2873 6987
463392 7661 1371
463400 4336 811 2350
463482 339 2328
463558 1114 3602
463596 1017 3731 8993
463714 1238 6609
463751 2425 833 1358
463782 222 5245
463848 3845 4950
463887 4965 9101
464197 3405 7298 9237 6892
464245 9228 2944
464291 334 6722 6595
464350 645 703
464456 5302 5515 8569 1722
464624 5302 7959
464749 7781 6842 601 7839 9253 1086 1311 6721
464832 2350 3111
464882 4517 3576
464890 4876 6746
464894 8321 7178
464976 2873 8449 4466
465031 6248 3576 7801
465067 4681 965 3395 550 7923
465074 421 9099 8953 255 634 1870 7481 5744
465145 9023 6609
465195 6375 7581 1273
465200 4996 4806
465251 7352 8013 6944
465312 7832 5653
465415 5356 188
465468 7298 1202
465495 7223 4868 6548
465583 2652 4793
465587 8584 1725
465661 1387 1131
465762 7773 6746 6129 4126
465816 800 7737
465851 375 1387
465868 8718 5515
465943 4364 3678 2681 1968 6940
465980 8765 2300
466003 9213 8780
466170 1482 1299
466218 898 4615 5032 9240 9304
466263 6309 3292
466267 7694 4231
466344 375 704 6548
466380 1738 3493
466511 1514 8294
466556 9253 186
466564 991 343 928
466575 4694 3107 1636
466583 5081 4876 2310 2308 9317 890 5633 8548 7622
466604 2984 3586
466646 906 3893
466679 3493 3556
466819 5081 9253 2984 87
466848 2143 359 2166 965 3800 7545 2155 6581 1921 6181 4722
466880 2278 6048
466969 4975 6595 8314 2239
466997 687 1319
467104 6390 7704
467118 7290 1842 2977 5693
467133 8477 491 9339
467182 5425 8860
467214 5744 448
467252 8413 4517
467335 9101 6198 4806 1389 5740 1670
467410 6987 3897
467446 4345 5280
467470 3381 917 9286 3678 8724
467508 9213 7324
467528 9251 9101
467534 645 4444
467571 965 7737
467661 917 7507
467767 1311 5171
467893 5302 2231 7839 2226 6842 2510 6336
467905 5119 6352 4408
467908 738 689 8996 8901 7920 7735 7228
468035 6609 7824
468076 6170 1311
468077 2822 2827
468141 3606 4040
468316 2294 5705
468375 3602 689 375
468394 2984 3210
468596 6244 2314
468713 5560 8668 2173
468791 4691 3488
468792 2857 6390 2984
468807 3194 2414
468839 7667 7866 6987
468863 2503 3216 5348 4691
468906 3576 1015 6671 186 5604 8944 2350
468909 5022 4876 7072
468933 7580 1608 4691 8399
469010 5538 2756 8965
469016 3556 2550
469112 3879 7865 8973 3475 3678
469169 963 188
469227 2984 5921 7587
469245 4298 8737 5592
469433 8775 7519
469554 6288 7839 2740
469592 22 2541
469712 448 3107
469787 4808 2541
469821 3216 491 361
469868 5376 3818
469884 8555 6595
469908 6288 7426 7275 615
469923 4530 997 8059 6664 1445 2333 2322 7700 7793 3614 5325
469929 4691 5356
469958 339 6147
469981 4271 1959
470083 6609 7577 7331
470087 4866 8568 4821 7228 9061 6244
470102 3893 4268 7253
470254 9228 831 3586
470327 7606 1330 87
470383 7920 2736
470494 9072 8033 6164
470600 8954 4671 7523
470622 2984 3107 1387
470658 7609 2226
470671 6706 8902 2746
470780 2110 4238
470921 5101 2764
471070 9371 7580
471130 703 4965
471265 1593 7716
471307 4951 2805 7580 1889
471462 2752 3187
471467 3740 7824
471506 7781 6186
471557 2984 811 375
471590 6777 3067
471637 5024 2678
471692 562 8321 6635
471742 9228 7532
471798 4756 857
471813 4626 4074
471857 2607 377 5680
471865 7396 4633 9021 6003 4263 6581
471904 702 4486 5302 1868
471958 6933 6612
472036 7462 2057
472084 2350 5510
472104 3112 9118 8865
472125 7523 1719 3071
472134 4217 2844
472249 6313 4806
472354 8321 6746 6588
472361 375 965
472366 3087 3447 6666
472367 4083 5212 2350 7735
472368 4691 1311
472524 189 7306
472539 5565 8775 8659
472547 1330 3556
472762 1754 7027 3606 6065 5753 3271
472776 5798 3214 8033 7860 928
472796 8464 9253 8677
472797 4792 6375
472811 6387 1114 2163
472900 1953 3493
472930 7624 6085
472964 9049 7351
473104 5121 7735
473107 125 2307
473112 8568 375
473206 6244 1554
473233 1666 4837 6733 8659
473249 2874 6612
473299 7742 1347 5515
473317 5072 5478
473321 7430 5497
473334 9306 702 9371 5852 3904 6390 2291 2314 6544
473335 1651 9337
473408 3381 5171 3670
473427 3663 7764
473442 8775 8485
473505 3292 5032
473520 6635 103 2111 6836
473539 5081 3561
473570 8820 359 4722
473607 545 375 8191
473639 4208 7509
473786 2350 5032 7430
473811 4691 2303
473908 2003 9315
473917 8091 6654 2459 6288 4607 6933
473926 3245 2984
474068 3514 7577
474115 3431 7668
474164 9082 6085
474263 421 3165
474338 6390 7661
474355 2037 6394
474417 983 2303 1358
474507 7524 917
474514 1387 1408
474547 6427 3431
474584 7823 4670 4287 7622 2711 4216
474604 3292 7781 8775 1889
474740 6264 5245
474741 6720 3233 87
474747 1035 539
474855 3797 1968
474859 4691 2571 3893
474907 6164 1945 2775 2652 4615 188
475051 3233 3297
475212 5171 1547
475237 3271 7523
475274 2246 3431 4471 7580 9143 3514 9124 7300 5490 5302 5430 7735 6158 9304 5109 8724 143 7575 3165 6130 560 2085
475350 5032 8552
475382 81 8456 3849 7735 8953
475408 186 448 8671
475422 7425 8024 7228
475444 5581 3063
475450 2874 6447
475489 1189 6666
475505 6671 8659
475515 226 2350
475521 3973 4752
475550 2140 3808 6204
475576 8639 1514
475623 5557 1029
475648 5738 1363
475689 4694 4691 5136 341 5024
475723 5042 831
475759 2571 965 4691
475908 2258 3935
475961 3163 6933 2379
476084 5020 1828 4167
476196 2534 5356
476213 6067 152 6671 9065 1114
476243 7480 2308
476286 9014 2858 2932
476298 636 8724
476404 2371 7674
476474 4633 7624
476500 2241 6158
476582 7610 700 2075 469 2296 3431
476624 7823 6147
476643 1651 1968
476778 6121 6825 5644
476788 2164 5162 9228
476837 4298 3381
476944 800 4232
476951 2463 1347 2289 4733
477013 1133 4722 9251
477016 7980 5778
477063 8724 2316 4096
477116 6629 6313 7539
477296 6447 2226
477317 3237 3163 2057
477353 7950 7298
477466 2678 3935 8787 5081
477480 3602 3493
477574 1903 5675 186 8819 6714 5245 7928 1959 703 5032 5202
477586 3653 4279
477598 2236 6082 972 8314
477606 1132 2278 5356 5565
477669 4793 7300
477743 4244 4042 3176 2413 5585
477762 2328 6447 676 5999 6609
477765 2328 407
477857 4985 592 906 6158
477870 5331 3234
477904 9317 6746
477918 4298 7832
478007 4876 979
478008 969 8493
478059 2734 3271 469
478151 3419 226 7313
478190 6569 2484
478214 5356 4808 375
478249 8295 8265
478265 5224 8805 8321 6113
478268 5849 4774
478275 1684 2003
478308 3590 9304
478323 3663 5086 3073
478335 5302 6485
478355 582 6198 1842 1959 1529
478357 2884 3194 81 1722 3631
478478 1892 2303 6158
478531 375 1088
478544 2325 1311
478593 6313 8568
478598 226 4615
478647 1932 909 4366 2984 5171 39 3177
478701 1461 5791
478704 2980 5550
478780 3544 6390 3586
478814 7063 7163
478836 8655 2350
478845 2376 8136
478856 491 703
478909 3561 2984
478922 5032 1930
478935 2000 214
479010 8464 5331
479077 87 6933 3143 6313
479199 1953 6065
479213 1253 1222 4803 1778
479220 7692 183 1688
479238 8541 5770 4691
479277 8888 1448 6244 4864
479286 7323 7634
479307 5055 638
479367 5024 8443 4133 1029
479392 7885 2541
479427 3556 1680 7206 528
479437 51 8730
479530 6326 6671 1115
479535 5592 6651
479550 6596 8860
479569 6390 1720 8568
479652 9188 8680 1461 4873 2746
479703 5024 7622
479725 421 5025 4466 520 2314
479744 4854 2820 4408
479754 9317 2414 8726
479790 8730 1489
479887 339 5693
479952 1657 1114 3698 5565
479966 6390 766
480009 6248 4607
480022 3880 4721
480050 4793 8113
480156 359 3781 1114 4072 2810
480216 9316 8033 8242
480229 3893 3292
480232 3989 2694
480243 3271 222
480327 4806 7290
480338 8103 3519
480377 7598 865 6413
480437 4538 6635
480507 6432 51
480517 1646 2069
480520 4820 2873
480616 4806 1311
480702 1891 4802
480768 6671 2934 3292
480906 4940 6595 538
480937 854 4825
480951 3446 8548
481047 4772 3893 1961 126
481065 4407 5738 3233
481070 6733 1842
481081 4806 9101
481094 952 1330 3893
481131 3844 8081 8464
481303 7027 2511 3949
481323 6758 5633
481325 1974 7834
481389 7609 5273
481399 1347 2719 1930 4263 6889
481479 2057 9049 3880 6714 4868 8236
481515 3493 375 767 5298 7963 5661 2636
481517 5896 3271
481535 4876 1460 7027 7712 3534
481603 4203 3576 2278 5438
481620 8413 6984
481641 5001 462
481648 6636 9101 2881
481651 6042 3540 7699 3561
481685 4248 6671 4806
481722 1930 1533
481731 2226 3423
481743 4090 2444
481779 5001 3949
482040 6138 491
482088 1275 2791
482096 3561 3893 7839 1114 4721
482098 108 906 2236
482105 327 4774 925 1997 7298 6941
482117 5181 8658
482123 5056 5457
482142 6504 6985 5119
482147 1471 3940
482160 5791 1719 4701
482177 5 8091
482211 4293 2437
482307 4554 2303
482373 1018 5084
482404 2003 1836
482444 1503 2414
482568 570 3234 694
482590 7980 1520
482646 2678 2376
482652 8765 4650
482663 2843 9024 9047
482671 3441 7128 5024
482686 2274 7956 4701
482693 9061 4631
482695 213 3199
482748 6645 866
482767 8619 6846
482816 4996 1631 1754
482821 5376 3670 421 4691 18
482897 3292 6653
482985 6746 2598 5356 7163 5
482995 8294 5245 6067
483030 8967 7341
483040 9292 890 3519 6414 2414 8273 8680 5458
483052 6355 7788 8289
483053 7712 8103
483077 4093 3252
483176 4013 983
483241 3678 4466
483253 6089 2033 7801
483311 8484 490
483345 2805 8568 4691 6987 6892 5478
483362 2984 2810
483418 2984 3893
483423 4903 7411 1722
483513 4554 3778
483523 757 226
483553 3590 2881 6817 4990
483591 6170 4217
483732 8099 1715 5086
483775 3994 6671
483776 2350 906
483785 8744 2636
483793 346 3447 1968
483817 4121 5200
483894 9306 8559 8845
483939 1547 4577 4486
484039 2414 1525 5449 638
484054 2678 1387 4806
484140 6313 1959
484174 4691 8464 375
484201 4444 898
484211 8493 2213 8538
484271 6629 7298 5393 2025
484287 2805 3493 1670 1650
484386 3766 7803 3778
484422 282 2171
484452 1344 4922
484472 1148 2633 7223
484517 5022 6733
484568 4408 2625
484618 8464 4691
484640 6709 1470
484680 7577 2085
484885 6746 1653
484917 2110 8321
484931 2370 3678 7176 3493 7550 6933
484948 5086 4614 6714 6082 7920 2350
484985 6832 8033
485068 2173 3656 9213 3604 2042 1898 6264 1311 8937 1959 6662 9293 95 619 3075
485079 5024 8321
485125 5086 133
485175 8681 6114 7968 3862
485189 8906 6165 7545 7481
485200 8775 6131
485231 1113 2534
485234 5513 9159
485302 7869 6067
485310 921 1941
485312 4806 6198
485324 6063 8443 8262
485475 811 375 965 8091 3451 1930
485493 6790 3602
485535 6117 8488 4271
485555 7735 7580 4792
485685 2231 4785 3207
485699 8883 6390 2068
485726 2166 5926 1324
485756 7781 3893
485767 9337 1387 1570 2314
485777 6114 5693 2197
485812 7144 6987 7178
485882 699 5411
485891 7298 375
485948 2350 4697 5415
486000 5083 3893 2278 4966 917 359
486044 1238 8464
486067 4801 8853 6459
486103 4752 1821 448 4271 7577
486136 8113 4149
486156 8978 6113
486194 2303 7946
486206 6117 1953
486207 2734 8477 8780
486217 5032 2350
486305 6944 1892
486350 3395 3440 1058
486410 4801 2231
486415 1184 3568
486421 5349 1137
486553 6387 5644 3586 3468
486632 5329 3556
486633 2350 831
486746 2984 288
486770 1959 222
486782 1371 6301
486784 7425 2984
486857 5331 7272
486895 4806 3678
486923 2350 4196 7742
486972 4196 4873
487010 645 8965 969 1514
487018 3731 7704 483
487125 8203 7354 7932 6177 9200
487130 4577 8172 4792
487164 7853 3207
487211 268 5438
487320 4965 4806 152
487331 6581 4633
487415 352 873
487440 6612 7770 2258 375 5245
487467 723 1636
487570 4113 6142 2033 965 3207 7639 2633 802 5356 2984 7396 5280 7290 1533 5 9024
487625 8321 5590
487639 807 1593
487646 2746 5515
487657 2301 8413
487728 2873 952
487743 4951 4407
487765 2414 2678 375 8236
487825 5060 4597 8321 6127 2050 6246 4615
487830 4298 8795
487857 5025 619 8026 9007 7481 3351 1720
487991 1489 359
488035 6396 1029
488118 3292 2881 8581 2984 7481 927 3893
488152 9292 3556
488183 6200 1489
488185 4812 2347
488203 5932 9213 1903 6805
488252 7272 3351
488255 4486 6358 5376 3213
488262 7318 1965
488358 2846 8568
488376 5022 2827
488377 5083 87
488533 8590 9292
488567 393 326 1454
488589 8783 2881
488612 6408 2376 5830 638
488614 8321 2511 9176 4802 3165
488637 1681 7248 2984 4806 5245
488641 2039 7298 2075 1489
488706 4133 827 8765 1651
488900 3892 2976
488963 6246 2984
488981 4271 3423
489103 7742 7413 2602
489232 2873 4456
489251 1318 5376
489261 4444 3731 3602 1164
489335 1311 6164 5682
489424 7582 1583
489457 214 50 1680
489561 2805 6186 8559
489568 4767 8413 22 7655 8493
489590 8321 5529 3556 2691 7339
489597 6846 2069 6933 1634
489618 8849 8184 214
489635 6987 5763
489710 2350 2984
489766 3987 8283
489893 4655 1416 8349 7800 160 2039
489898 9082 3852
489959 6093 4650 7466 2678
489985 1058 4126 5338 2085 4408 6375 188 6706 7551
489986 4194 2226 2459 3427 2455 6410
490015 5510 1738 2873
490056 4876 8765
490122 1941 1311
490132 3163 833
490232 5024 5590 188 5680
490248 375 1836
490256 7735 2350
490397 4697 2964 3292 1941
490402 700 6933
490427 2510 6662
490548 1029 2303
490583 2984 222
490635 6224 7433
490657 6501 5356 8063
490679 87 2636 9050
490695 5147 1505 200
490742 2678 8925 6832
490750 8013 1595
490818 4466 4554
490827 7131 5081 375
490865 2350 1679 183 3891 2863 8026 8953 4263
490885 3752 5438
490902 2873 5619 7548 4691 7946
490994 8033 4996 5171 1955 7620
491083 2984 550 3152 1189 1311 223
491086 7430 3262
491121 4425 3277 2061 2278 5538
491231 2216 7800 1968 8033
491236 3292 8885 5108
491257 5738 1847
491286 1916 5627 8464 1842 3556 7608 928 2746
491329 1419 8477 4456 1849
491393 8680 9036
491397 6609 7734 2294 2350 8442 7509 7735 1638 3935 8356 1916 8042 8875
491522 2678 4800
491537 1826 5022 5560
491553 3880 9101 5083
491645 5224 6025
491678 4615 3234 2636 559 7801 6822 1508 2350 7507 622
491697 3576 4140 2190
491774 656 6048
491791 7453 2350 2984
491807 3292 226
491861 6924 5356
491930 928 2258
491995 5331 7634 6612
492085 7694 991
492097 7742 1757 6404
492120 7169 9317
492141 2827 2761 2811 4800 2872
492146 4691 6158 7524 6612
492178 2119 6895 6629
492191 6375 7539 3143
492355 3351 4283 6303
492623 3493 4891
492743 965 4498
492745 448 3893 7661 3075 952 186
492776 3694 8379
492826 6336 5517 8473
492924 2678 7768
492956 3848 828
492959 5580 7824 2239
493019 2534 4803 1959 9065 2984
493064 3105 4793
493137 126 4806
493138 520 5819 1953
493139 4774 6999
493205 8847 4238 6609 5331 4806
493238 39 2713 7577 5509
493295 2984 8333
493306 2678 2308
493334 6082 7072
493358 465 8548
493461 559 5313 2313
493466 7526 4217
493571 8373 2746 8568 3061 3235 6158
493580 4360 5302
493634 339 7003
493847 1071 6043
493888 7306 1018 7425
493910 4774 3184 3105
493927 6933 4806
493971 3395 6671
494145 5693 3191 8321
494156 8724 6706
494283 4012 3964 4939
494303 186 5245 5393
494330 7688 8655 2746
494339 8614 8850
494400 6246 6035
494421 9082 1059
494454 6751 1410 6933
494535 8187 1058
494812 1651 8541
494822 1738 4806
494826 4891 5770
494864 1311 8590 6987 5592
494984 4208 4691
494999 6038 3578 8464
495002 831 2873 8260
495027 2984 965 2977 1125 4808 107
495080 4891 4331
495108 9101 6846 2278
495191 7581 4691 2996 465
495230 6042 2550
495284 4722 2350
495299 6706 3163 5245
495325 7781 2325 7253 1018
495336 1273 8443 2040
495382 5356 3893 6549 3698
495396 3341 1953 906 6063 9304 6375 4076
495405 1620 3165 8718
495411 8821 2370 6375
495460 4180 7624 5022
495488 4618 8321
495525 4801 4447 5565
495546 5273 6933
495576 7526 7577 4466 611 1889 5509
495617 8902 7836
495620 4287 7660
495621 9118 4444 9371
495624 8321 5682 3561
495658 1330 800 5136 7692 2873 6514
495738 2155 1994 2820
495777 7577 7865
495809 1029 5619 3663
495839 2003 4729 1828
496056 7735 4806
496133 9047 3472 152 6480 9185 8559
496135 339 9292 1651
496144 2303 8570
496254 2734 3271 3622 2110
496342 6158 7801
496407 9292 8050
496420 6313 833 1184
496472 1738 5216 1262
496474 1681 2571
496500 8291 6009 1877
496505 4785 3488
496528 5578 3493
496554 9108 8227 5790 6447 4912
496583 4263 5245
496602 1324 4891
496638 8580 6851
496694 1787 5919
496730 3778 8637
496756 2952 5359
496772 1649 638
496781 2484 2678
496828 520 2976
496831 2880 4790 906 3163 407
496846 4263 7609
496853 1116 3663
496966 4694 3107
496986 2678 7575
497004 5645 1330
497006 1419 601 3431
497168 1238 2510 8970
497182 1959 1634
497228 3870 4517 6085
497234 8081 2350 3606 6080
497280 4132 2339 6146 5084 1552
497300 7629 7801 220 3233 3440 336 7860 6596 3818 8671
497311 6375 4425
497359 974 7622 489
497369 2713 39
497399 4506 8836
497418 7742 8477
497458 8781 6030 583
497472 5597 1738 8355
497560 5162 2571
497593 3556 5705
497623 1029 9024
497624 4283 3370 3820
497719 1653 2746 2678 5744
497874 6302 5376
497918 4517 7668
497944 4633 4331 6581 140 103 2746
497996 5357 4336
498003 5789 4269 1461
498047 9101 9213 5162 2168
498104 5341 4633
498113 51 5794 5 114 2257 4574 8413 7770
498123 1683 4444
498124 6581 7655
498135 6942 2350
498163 188 6832
498179 6244 7839 381
498208 3233 375
498209 1454 1545
498251 375 7634
498341 4806 2035
498371 8590 6706
498394 6996 5682
498413 152 2166
498417 766 3431
498527 4928 4298 9016
498571 2822 728
498637 51 5849
498668 5675 3292 645
498763 1953 3678 464 8695
498869 3493 5024
498916 7580 4126
498964 3292 4806 6113
499035 6223 4391 2045 7061 8379 4951 2843
499048 2794 4276
499080 6048 6933
499101 5376 5798 3844 1722
499156 7298 5027
499232 7622 6701
499260 5376 2110
499298 7481 8877 375 1845
499309 4290 8204 6777 5908
499405 3051 8013
499443 8885 8323 3143 1953 51
499447 1318 2503
499530 8548 9292 1461
499550 3602 9253 9228
499568 2624 6933
499578 3752 5302 7206
499616 375 965
499631 4790 4762
499765 2881 6138
499794 4831 8691
499820 1945 2874 4830 816 6288
499825 7548 1651
499842 5797 4367 1450
499868 5421 4790 8681
499886 6933 3576
499895 8671 8860
499945 7609 5738
500026 4806 3602
500030 7395 5022 4641 2636 375 3105 194
500288 8413 6778 3721
500300 2881 3491
500301 6129 4574
500384 2609 1547
500474 4231 7577 1778 6609
500660 3547 5778 3544 1018
500706 3431 5513
500832 8724 5245
500877 5693 3872
500903 4965 2984
500910 2111 2879
500917 3163 1110
500951 8765 6944 665 8103
501012 2840 288
501054 8548 2414
501163 4139 4876
501190 6206 359
501357 6751 811 3544 6336 226 1330 6996
501359 6158 7742 2984 5171 8314
501452 8091 2925
501454 4691 3292
501458 5356 4806
501533 4605 2166
501648 6303 2003 4126 7239 828 375
501662 8423 3559
501711 2254 3678 7702
501756 7839 358 5331
501831 1311 2154 917
501868 952 5032 7869 5356 8493
501932 7956 4722
501953 7553 4785
502019 4298 3143
502073 221 3699 3233
502080 5632 1547 4307 8321 2914 222 3818 3025
502137 6605 8923
502149 5136 2239 8724 6671
502231 7948 470
502246 4252 7228 2984 6203 5147 4835 5686
502293 8984 1105
502308 3765 9304
502326 8775 632
502327 2350 3395
502361 3207 5738 5171
502383 6485 5171
502398 4868 1722
502511 66 3107
502521 8541 4868 1787
502541 4104 6113
502554 8511 1018
502632 5592 7425
502648 5510 6652
502694 6390 87
502711 2848 7298
502880 3586 6390 3005
502963 3586 8316
502967 1656 2110
502981 339 827 6629
502993 2278 2037
503033 5127 8682 8321 5376 1029 4208 881 5478 7523 3351 4554 7865
503036 1930 3223
503049 4670 3978
503113 3451 222 6987
503116 1253 2996 6390 5627 1309 6484
503170 9101 8402
503216 7216 4592 8050 2241 7923 4219 7580 7848 7170 6987 2984 7545
503266 3711 9270
503290 7530 9082 7395
503390 4704 1324
503468 7186 375 4701
503529 9238 3582 4554
503560 7871 811
503570 8574 1489
503575 8379 188
503608 7339 4517
503634 3143 359
503643 7580 3257 2589
503718 9253 8775
503839 8860 2791
503857 4972 4876 6292
503892 5356 3698
503955 6158 1471
504001 3475 972
504072 7817 3292 1836 4951 1733 8152
504160 4466 6375
504235 1330 906
504302 6798 2977
504326 469 5739 7832
504367 1889 952
504390 4172 3752 2231 1028
504438 4466 909
504539 850 8935
504564 5538 9101
504585 8464 2805
504595 8103 1294
504600 3658 8775
504666 7581 7575
504688 3229 1953 8637 1787
504793 2984 6049 831 965
504807 5331 2932
504893 7706 1454
504965 8360 3321
505071 1422 2205 6933
505253 906 5032 5269
505325 5793 7647 5243 4876
505332 2045 6933
505348 9304 8659
505445 7712 3824
505482 3731 8716 5705
505540 9101 2881
505542 3909 9124 2350
505596 6375 8803
505651 418 6596
505655 474 4443
505717 528 4691
505739 6671 656
505786 6933 6288
505937 8379 2984
505977 3533 4790 9072 9
506035 2182 6186
506043 3556 1679
506060 6994 222 2379 6933 188
506066 381 2511
506147 2535 6540 957 381
506253 2251 8321
506258 6621 9033 7361 4625
506270 3076 7027 2619
506299 1877 8559 2984
506363 7352 4174
506379 2914 8681
506471 6734 4965 6288 2350
506484 2763 3429
506491 6933 2231
506527 2231 5245
506563 9304 1953
506656 288 2079
506699 6987 2412 6036
506757 18 6832 7163 6396 2607 5086
506917 7109 8681 2085
506942 1324 4928
507003 6596 50
507067 6671 5517 3395 8836 3670
507094 5329 3468
507140 7612 9197 5680
507155 4699 6389
507162 7737 3246 2425
507194 7574 1875
507244 4231 3311
507247 2231 81 5356 7485
507286 2718 6746
507294 1720 4691
507304 8978 9237 7832 2998 831
507369 8724 2254
507410 2518 8703
507465 6164 1223
507496 1330 2350 7848
507578 2969 8329
507701 1352 7298 7716
507730 2124 8564 8412 6356
507928 1608 5376
507942 4276 1968
507988 8914 3893
508007 2350 5620 4812 6050 3392 4801 9082
508008 3395 3431
508106 1119 81
508203 2791 51
508220 1070 5693
508254 6671 6720
508286 6322 4139
508324 5025 6117 9182
508476 3284 6672
508484 7801 4318 6609 6933 6671
508645 7352 155 5078
508785 8795 2325
508801 4978 8248 2314 1330
508838 3519 7351
508954 186 359
509071 4835 4996 18
509105 7737 7735 359 7267
509199 833 2984
509210 1959 8681
509236 6846 4806
509254 8863 4806
509336 3321 5356 6539
509416 5273 3398 3493
509467 6150 7830 2350
509472 8877 5843 1482 6987 6822 1312 981
509724 1959 1595 611 6170 4217
509847 917 6164
509852 2350 5578
509895 2303 5112 9292
509907 6846 7481
509913 1029 1889 1953 6336 4395 4691
509939 5478 1059 2914
509968 1104 255
510037 7938 1700
510094 8659 2050 7781
510125 827 7580 1651
510138 6581 2924
510157 1461 8477 6879
510159 7411 1857
510178 1243 6195
510198 4691 1805 5291 4298
510217 6987 6052
510356 2252 797
510358 3935 7580 8965 5022
510448 4846 5169
510567 2506 5082
510602 188 4806
510611 898 3673 4645
510649 6609 7661
510669 3493 6375 6588
510737 8569 6164 3547 2771
510741 4115 7228 1593
510787 7971 5024
510804 4045 2357 7072
510917 3234 188
510948 703 3852
511051 1981 6944 5376
511067 2427 3670
511149 4966 188 2301 8179
511203 7634 2984 313
511207 1533 2761
511244 2414 489
511266 5273 5143
511269 1877 7298 9124 4265
511371 1778 4793 8321
511387 1552 7440 4962 6933 4754 6164 7839
511436 3852 4176
511470 8794 879
511526 3022 1482 850
511581 1330 898
511601 7342 5457 1651
511688 8321 1311
511735 186 7848 8775 3237
511832 590 5817 1327
511893 7801 3819 1412 188 5302 2746
511922 87 3678
511967 2541 2430 7692 7035
511991 4970 2110
512052 2254 1181
512068 6399 2984 3292
512118 1739 8659 2255
512198 7481 1238
512230 2003 2419
512294 8590 4268
512347 5086 6730
512481 6009 632 9292 7835
512637 2941 5843 359
512679 9286 6933 928 5356 6390 5181 7920
512697 2581 4691 469
512720 3398 1877
512832 6861 4615 7735 6336 9304 2400 2350 5738 491 3678
512993 8795 9304 3787 9240
513004 8795 8681
513094 5202 972 7830
513098 2278 5356
513259 2652 2571
513378 4965 8965
513427 5245 8488 8775
513459 3105 4806 3475
513612 3271 2746
513643 7299 528 5627
513745 7433 4965
513812 3191 2119
513839 7661 8681
513921 6912 8993 4670 3891 9292
513943 7801 1468
513956 8724 4444
513967 5921 7043
514002 7411 3206
514084 7622 7348
514095 4691 7609 3083
514109 6067 359 2289 5538
514133 6065 8845 6693
514155 2636 6423 2256 4196
514162 6581 5513 594
514184 9177 7425
514193 3431 5024 7396
514196 5032 6581 5356
514269 2550 359 612
514272 5833 5322 2106
514310 5356 2805
514354 2271 9228 811
514378 2113 6933
514405 381 6170 1273 2822 4452
514451 3279 7734 1057 6609
514490 3334 6933
514500 4928 4691
514503 3023 3292 2278
514566 1253 5371 2812 3033
514728 3904 5356
514781 5108 2350
514797 9109 381
514823 6147 2627
514839 4056 5449
514856 8751 2854
514895 7747 2571 186 6375 952 3752 6612
514915 3678 1953
514933 9292 1461
514953 4691 6770 9316
514968 5331 5503
515020 1474 10
515144 3852 8739
515199 9014 6451 3051 4691 6288
515223 381 8400 9286
515247 4297 4517
515257 3880 479 375
515258 8671 8686 9159 1184 1865
515320 4691 3431
515364 9023 4876
515370 7228 2874 7742
515448 6195 5833 6463
515503 5280 8724
515600 6264 5245
515609 9337 1144 8777 8145
515655 2084 1387 5249 9024
515672 5560 5738
515712 5557 7314
515779 5478 7425 5408 7339 6390
515850 1223 5510
515887 1636 8593
515970 1784 7213 6581
516057 4631 5292
516080 3102 1778
516238 4615 5738 8464 8803
516244 4811 5359 9302 4983 6310
516435 2838 808 40
516522 1922 375
516538 6248 9304
516614 6423 3602 8568
516617 8716 7301
516628 6313 855 4213
516810 3207 8724 3893 4615 5586 7267
516815 831 3678
516831 6964 8464 6170
516841 4691 7234
516882 3678 4951
516909 442 2278 8665
516916 2881 7481
517049 3891 5086
517193 2211 991 6714 8292
517262 8965 5356
517305 703 8292 9253 6714
517315 1787 2303
517503 339 590 8147
517536 6671 5808
517614 3547 8663 2698 8559 2239 3561 4891 2231 4801
517620 4298 2820
517748 8635 6082 7920 5302
517753 375 6609
517840 2890 5682 2711 6733 1866 2239 7871 8877 7922 9292 5746 1330 2277 890 8724 612 8730 5699 7699 1827 1253 1813 2350 2875 4898 1919 5992 4694 51 4444 6313 3792 3982
517952 4373 4402
517957 491 1273
517995 1184 831
517997 339 2025
518027 1311 4691 6612
518043 4446 3557
518076 8081 4701
518284 421 6678 5001
518289 7775 4502
518311 6629 766
518324 3226 4806 8845 6822
518407 4873 8548 9203 7727
518473 4462 702 4806 5393
518539 6609 6423
518545 8588 4806
518681 3893 6164
518685 5086 4290 8787
518745 5521 488
518761 9292 4677
518770 116 5288 1273
518815 5212 6596
518837 8961 7980
518997 4345 8033
519020 5705 660
519033 8568 1983
519061 1029 857
519090 2746 8590
519303 5680 5510
519315 3602 4806
519326 935 890
519350 1379 3602
519410 7430 8718
519433 2043 4806
519440 1347 3234
519509 48 6733 2506 2069 4965
519632 6605 7580 1953
519692 8588 2696
519703 6987 3461
519707 8360 9288 8921 6933 8524 5921
519713 7742 5032 2254
519940 8548 2678
520025 9185 8240 5356 6933
520126 1957 8775
520169 8099 6164 5793
520185 7989 3731
520190 3410 490
520196 611 5356
520201 733 6671
520240 7302 9270 6933 7830 220
520356 7250 2003
520376 8568 3678 5115
520412 7735 6164 4928 3143
520520 2708 682
520605 3233 9273 2678
520614 2003 2101
520617 2241 152 7735
520664 1125 3233
520718 7253 3561
520719 7492 3793
520770 3602 7800 5261
521037 9317 2414
521040 5024 9371
521057 6292 2317
521093 6390 2720
521136 760 1489 2791
521175 3519 2710
521243 448 5356 2278
521332 2743 8877
521363 476 2414
521382 7523 221
521400 1347 1999 1119
521439 2350 6987
521481 3678 1330 1296
521492 811 346
521509 1119 8244
521538 3431 5393 7742
521645 6336 2350 5513
521688 6037 3292
521764 8464 8791 87 6246 6390
521770 4752 1688
521778 6933 8965
521961 8732 716 8959 8152 4093 1182 4015 6976 8637
522028 8775 1319
522087 6313 8568
522125 4615 359
522190 3556 7521
522219 2562 7043 8681
522297 6336 3972
522416 4785 3207
522431 1722 2906
522434 5509 7639
522499 5590 2196
522571 1547 2347
522627 4996 8568 4876 3105 221 9213 9082 7199 5864 7980 1593 1857 7609 1352 1930 2294 4774 8091 2678 8559 5557 9273 892 8984 7314 6092 7298 4951
522734 733 2984
522738 4806 189
522762 186 4831 5356
522820 2984 8775
522840 5331 6719 2858 4806 8500
522879 5550 6987 1010
522917 1953 3533
522964 866 5202
522967 5245 188
522972 188 5245 8342 9101 1026
523017 2350 6933 5565 1869 7577
523024 1029 8413 4800
523132 5393 7609
523152 3073 448
523346 6080 1957 3290
523364 7622 4287 8541
523428 4639 7414 5329
523482 6248 3005
523483 6375 1842 4721 9286 4790 5118 906 7306
523604 2114 3534 2160 9292 1968
523646 2045 8635
523711 2746 3630
523728 7655 6581
523786 8569 442
523833 8320 5024
523834 4800 1552
523853 4701 2302
523927 426 2711
523936 188 5202
523937 3491 8321 8802
524039 4663 4545
524043 479 5682 5015
524072 6408 2376
524122 8681 5302 2400
524367 6248 528 3752 2873
524378 7577 5501 4139 7331
524566 4965 7609
524567 5798 3143
524647 2720 2586
524683 8590 5331
524712 2459 6933
524837 5245 188
524870 9292 6987
524910 8544 4272 7426 5789
524918 188 6082
524948 8647 4135 1010 4897 9351 1310
524988 2874 2636
524991 3875 3871 7577 3233
525011 3563 3143
525029 9265 6671 2984
525221 1722 1125
525245 8590 1416
525258 316 8548
525341 3893 5986
525409 5738 8724 6581 1454
525461 7481 9101
525512 1778 3893
525529 6671 694 2550 2571 5935 6390
525560 8588 3191
525595 4597 7509
525671 188 1073
525680 7461 8086
525685 2875 1186
525704 5778 5693
525742 4212 4577 8464 7982
525784 7692 8972
525969 4217 8531
526009 2350 7712
526012 969 5738
526225 5411 6657 5682 4141 685
526321 7577 7043 7581
526330 2805 5949 6671 1916
526342 7523 8321
526391 2984 381
526434 8548 1651
526481 8803 2241
526518 3493 8882
526571 4277 3351
526588 7490 4681
526633 4774 2069
526656 4972 5200
526689 8901 8769 3731 4801 3102 9292
526693 6065 1636
526733 4607 4425
526768 3893 226
526794 18 1720
526813 928 811
526850 5393 7491
526929 3097 4130 7490
527090 8464 1273
527148 4231 8970 9014
527195 4797 7787
527336 3678 2030
527394 7473 1015
527497 811 2636
527508 6581 7609
527596 375 8091
527607 7298 2678
527639 5335 9176 6387
527645 9101 3602
527660 8937 2977
527664 188 8464 5086
527705 7290 6328
527712 6933 1035
527783 4444 4408
527787 3107 4812 5449
527801 3999 9049
527822 4802 8493 6094
527938 188 2550
528014 5725 9082 540
528051 8803 9023
528169 1030 5478
528203 3888 7043 4395
528215 9292 5116
528221 448 7781
528302 359 7620 9065
528350 2303 1570
528387 7467 1330
528419 8339 4742 1773
528462 442 3840
528485 6987 7467
528511 2069 3893
528565 6933 6375 5376
528594 7933 2033
528781 7312 7742
528831 668 7609 5325
528841 9270 7928
528874 6313 8659 6733
528910 6138 8606
528921 2571 8187
528984 7590 694
528996 3976 3207
529014 6336 98 4801 2912
529075 2190 4396
529169 5393 1312
529296 9185 3678
529355 5157 2651
529386 4996 8590
529403 6113 226
529413 7781 375 4614 7609 8464 7737 4203 5119
529425 7426 7408 6987 2071 2350 1029 7183 2403 2651 898 3556 9124
529462 7580 2571 583 700 3556 186 7629 2914 2855 6635 6933
529473 2860 8724 5024 4806
529498 7936 4801
529640 2308 6355 8849
529647 2984 4691
529656 6313 6609 1684
529673 2297 5194
529711 3233 9315 2743 5086 7923
529715 6288 3893
529774 6832 18
529816 188 1358
529820 3292 906
529834 9065 4072
529880 5578 7971
529911 3678 2256
529951 5086 5693 8775 3080 3849 4806 7043 1842
529994 3678 5747 518
530025 8359 1461 9072 4280
530042 7580 6671 7920 6485 3451 1114 6390
530087 5492 965 205
530175 3678 4899
530181 476 7545 8326
530185 6007 1356
530205 923 6067
530227 5895 928
530259 168 3431
530261 8590 1029
530278 8590 9049
530381 766 7975 5338
530421 3678 4691
530424 7577 5224
530542 5521 2350
530674 3630 991
530744 3902 4925
530757 1473 8716 161
530771 2914 7577
530788 3848 4873
530812 5975 5620
530863 4656 5590 5858
530890 9290 2308
530895 928 8442 3233 4042 1413
530914 6933 7507 9187
531053 6044 4444 645 5022 4965 2384 6671 1114
531173 3893 6671
531186 7622 1720
531211 5792 6195
531242 6569 7973 5083
531272 601 2254 3531 4792
531273 375 6662
531275 6394 2636 3441 2062 5778
531324 8795 8105
531402 7553 1929
531475 9131 7005
531487 1593 5056
531520 3602 7651
531581 611 703 1114 5224
531591 8947 5513
531593 265 4354
531650 3606 7063
531709 5693 7331 6082 3731
531764 7800 2414
531792 1311 7481
531795 5081 1112
531804 5035 375 9251
531816 1959 2098 7328
531817 5785 3849 2271
531858 1953 2827 8953 1115
531982 1811 3602 3982
532042 8581 6129 7577
532057 1327 4517
532059 1330 9101 1132
532087 3284 5884
532204 3752 5595
532270 9082 496
532296 3602 375 87 8179 520
532342 6288 4807
532345 8795 581 6050
532367 831 6113
532405 974 2678 4903
532447 7131 3602
532476 4223 4311
532484 469 2578
532547 288 2350 5376 5778 7581 3271
532764 9033 5056
532777 8993 1454 1473 4940 6303 5972 1624 728
532781 1595 2534
532791 5513 1733 2196 703 6037 2984 50 2571
532796 9338 2984
532848 3561 6313 5620
532910 8321 1593
532936 1968 7351
532966 6336 6113 2350
533043 287 9101 7742 6671 8878
533066 7634 5083
533108 6581 6375
533119 991 4806
533123 8139 3850 643 3354
533164 3290 3292 927
533174 7620 5899
533233 6370 9304
533240 6170 6807 2746 7943 2368 4615 7920 4376 469
533451 87 8681
533452 4182 8568 6987 1608
533558 8541 4981 3059 1448
533600 7938 1634
533787 5705 1253 5590 3234 1649 4135 1277 5331 2085 5682 4126 6291 1787
533879 8845 4801
533880 3257 8179 6082 4139
534029 3836 3233 3959 9101 7742
534036 7781 7865
534141 8888 6457
534159 6432 2138
534184 307 6569 6063 945 220
534325 3602 8042 1454
534372 6822 767
534380 7742 421 9176 3602 2110 7027
534490 5024 7425 5592
534701 7182 699
534738 3063 6462 2303
534767 7781 152
534783 7905 6720 3381 142 6823 8549 6063 4196 3107 6609 6142
534804 3207 3176
534918 758 6933
534959 2873 6846 375
534977 220 1838
535001 6009 5541
535017 6609 7577
535153 6638 1778
535168 6044 375
535187 5592 7408 7311 6375 8172 5269 8355 7186
535199 5538 7917 4806 6612 3787
535223 3792 917
535313 7580 1262 5
535324 1649 1073 8750
535526 5357 833 8637
535583 4260 2984
535644 7735 1651
535649 5244 1620 826 7409 353 3475
535713 6313 952
535719 1653 2172
535723 4808 6944 3606 1482 8559 5415 2231
535794 9118 1139 538
535805 4271 6390 226
535840 8316 8172
535867 6671 5 4615 4633 7481 4456
535926 6336 375 4806
536026 1473 2691 9157
536078 375 1387
536108 8184 9203
536151 4722 4812
536197 1953 430 6053 3395 2113
536204 5789 7920 7274
536231 1114 9150 3169 7800 7449
536269 3586 928 4806 1889 3893 8013 5538 13 3237 965
536326 3143 6970
536368 4806 8943
536402 2196 3075 3277
536457 7430 5645
536531 2003 1454
536559 879 5171
536560 3380 3429
536608 1461 4453 1262
536646 5245 7801
536647 4876 8548 7351 5457 1940
536697 9306 6390
536698 1405 6733 3787 831
536706 3658 6933 4951 1842 5022 1392 3880 8107 6313 1889 1111 1223 2761 214
536734 4873 4364
536756 5086 2065 5119 4891
536819 5199 6605 5633 2973 1000 249 3563
536844 5331 4806 3544
536870 7832 1722
536912 3586 5541
537034 8883 3297
537062 6158 1842
537123 2946 6390 9351 6964 3234
537137 435 1650 6621 5114
537246 3849 9137
537254 1547 222
537277 8176 8013
537364 6964 2624
537367 5739 828
537470 8240 5245
537496 5302 4407 7214 5675
537544 5680 5513
537581 6933 6733
537633 2534 3234
537676 7781 6288
537733 3824 7928 3604 3893 3752
537755 9124 6288
537874 1073 2025
537884 6080 8962
537888 8777 8033 9292
537931 1468 1851
538084 1304 6802
538089 3935 2289
538120 906 4298
538167 8681 3200
538237 7210 1330
538279 7418 5024 5738 5171 3493
538312 7920 6448 7830 6933 728
538360 3910 9338
538408 3233 3493 3678
538441 5356 8965 3216 5083
538449 8179 965
538478 7622 2376 1324 1570
538488 288 220 4298
538523 4691 969
538575 2984 1930
538599 2746 5590
538694 4238 8091
538701 448 9213
538707 8377 247
538725 5356 1311 5032 3292
538765 1943 3451 1941
538774 8865 3806
538783 7126 8464
538786 2633 3381 476 7581
538835 1035 562 6987 2984 2636 743 7109 2484 4812 4802 3602 1967 5223 8860 2873 375 8050 120
538985 244 6771
539006 7481 6129 1547 5086 6390
539062 2636 1426
539163 9261 3349 9260 6833
539216 1654 7858 3585
539223 7717 3678
539234 6652 8107 8559 2400 7328 5760 6933
539248 5644 3630 7481
539259 969 4466 4218 6063
539272 4607 2459 8777 3151 1058
539379 375 5738
539483 2752 7928
539484 375 4425 8590
539572 3233 8548
539587 8775 3107
539604 4996 6621
539634 34 8548
539635 2984 5393 8294
539664 6113 2652
539690 4691 152 6609
539737 2908 2289
539765 2471 2350
539880 6484 9024
539907 3125 7427
539928 2231 5009
539934 5592 2984 831
539943 6846 3495
540009 9101 4891 4691 7580 8321
540030 7072 6390
540035 4196 6609 91
540056 8836 6164
540129 5200 8568
540154 2535 34
540176 405 2550
540188 520 7481 8724
540201 3191 1945 2890
540247 2984 3602
540302 7558 6048 3582 9240 6197
540327 2752 5245 222
540384 2166 8702
540403 5294 3051 6375
540430 5513 703
540493 5680 3304 8033 3935
540504 8590 2484 3391 8314 4083
540523 8152 814 6282
540611 3163 8775
540612 6671 6609 3893 3493 906 4203 5738 4812 2984
540617 2881 3441
540634 6595 1181 4580
540637 7956 2805
540649 52 7920
540651 8464 7735 7680
540721 2984 3880 5866 4277
540924 4806 5356 917 6671
540989 1029 7466
541022 2627 5376 3493 5025 1148 3120 8091 6390
541031 4785 8493
541083 9140 4891 87
541132 9317 4868 8765
541174 2706 5301 1189 4444 898
541197 6666 5048 4486 9253
541222 3025 9212 2976 8654 3576 831 156
541250 9208 7943
541363 8548 9292
541395 5302 7426 6375 469
541445 7507 1442 4137
541487 8011 5202
541548 5789 1722
541667 2827 4345 1974
541709 9049 5791 204
541720 2779 6629
541766 3233 6662 50
541871 8548 339
541995 5022 7655
542092 3292 4182
542175 3493 593 3576 4806 8314 7425 6701 5086
542219 7830 1945
542252 1916 6733 7739 1877 5625
542274 2984 7800
542278 835 3981
542406 5022 3752 6933 6037
542436 2236 1086
542504 5515 8131
542599 194 375 9290
542600 3630 1889
542627 5598 3731 2294
542669 4065 6399
542732 8655 5609 3143 2065
542875 8636 820
542910 4080 6720
542959 5586 6195
543029 8765 8413 890
543067 9065 2761 3893 1836
543108 7865 7507 442 6341 3419 1273 4304 6605
543109 6310 1368
543151 3602 5699 538 9304 8590
543207 4298 4928 8321
543296 5005 9226
543305 8137 6367
543322 4806 6082
543452 5510 4633
543455 4722 2333
543470 8549 2308 4876 1651 5794 4868
543499 4132 5302
543514 1114 2289 407 5614
543628 4080 820
543633 4798 6459 2561
543671 3493 8970
543672 5693 7735
543734 1311 4808 7008 222 8997 3590 2746 1324 8902 9306 3292 5275
543814 3216 6288 2463
543918 2984 8590 4555 9061 1953 6313
543942 7747 831
543974 2555 1189
544011 4803 6313
544018 5003 469
544041 9371 2805 2822 6944 7311
544047 1330 935 3519
544052 5086 9036
544056 6725 5032
544093 1135 4801 3119 4145
544103 6092 2065 8443 375 4298 4793 3255
544142 1067 7505 1238
544170 6248 4182 7430
544211 3175 81 1570
544218 7959 6375
544280 9159 4965 8152 375 4444
544293 8443 4554 7131 5032
544321 1397 6569
544332 7298 6423
544362 8321 5510
544418 501 4298 6777 6352
544426 18 4691
544492 8179 4701 2681
544513 4691 4806
544517 1461 3987
544540 7839 1330 2350
544542 4083 8965 2969
544554 7609 4466 8321
544617 2984 1851
544690 359 8099
544825 7651 5838 2591 9174
544838 2917 2124 3552
544886 3451 1326
544960 8637 1461
545046 1968 4876 1651
545048 9101 8488 186 1262 3233
545057 2717 4971
545149 8091 3272
545186 3731 417
545285 9049 1468
545353 8845 4356 7971
545415 1371 87
545440 6720 1371 1677 5199
545482 2884 3475
545693 5693 8321
545752 375 3544
545821 9292 2681
545839 5245 8775
545849 7742 4444
545853 8544 4156 2890
545876 4344 2984 7754
545908 2984 7639
545988 359 7735 3447
545997 8529 9139
546144 5086 7430
546186 8122 3105
546204 8681 7832 2984 1930
546252 1968 7522
546256 8590 1581 7425 9101 2879 9287 540 2636
546292 1508 5357
546293 5682 3086
546318 1720 831 2546
546419 5578 7661
546448 4555 2010
546463 6375 1273
546471 3803 2884 4287 2589
546551 7609 528 7959
546601 1752 4228
546604 1426 2030
546623 2325 928
546762 6691 3778
546763 3233 3207 1114
546768 6375 2633
546797 5331 7747
546900 3163 906
546929 5202 7267 4803
546949 7928 7298
546960 6678 7130
546982 6628 4000
546998 8659 4928 188 226 4056 2347
547052 4694 6437
547167 8785 7747 3234
547173 2908 2681
547194 9101 396
547262 4694 2376 5895
547269 898 7928 3223
547302 6030 1964
547327 4806 2984
547399 7959 7430 4806 5693
547437 6505 4792
547472 3057 2806
547499 375 700
547518 8993 4607
547571 6312 6067 1114 5356 6612 8654
547626 8644 4691 8777
547684 3419 1379
547773 4965 1114
547803 2984 9072
547886 4263 2325
547912 7853 2820 3431
547923 2357 2256 469
547960 2555 7580 7066
547964 339 1073 1461 3670 4691 1316
548007 2085 688 405
548066 5680 9203 3314 8725 8761 5198
548119 134 5517
548137 2310 7228 2303
548167 7656 8442 5217 2323
548212 8765 2746 199 5872 1073
548247 375 8109
548379 3678 2350 8464 7174 8091 7824
548426 2352 5705 2142
548428 1738 6390
548452 1164 7414 6987 9101 7942 1330 800 4498 1914 8852 7577 3752 3107
548567 6113 2350
548621 8013 906 7692 831 9024
548624 4425 5738
548666 1437 2710
548699 766 5024
548792 4102 7117
548829 5478 3384
548936 339 359 4691 2138 5060 3493 1877 7331
548966 5108 4271 7430 7609 7453 2881
549044 2256 7855
549229 5356 6048
549306 991 7255 2256
549352 4866 6048
549385 5895 811 5224
549395 1324 9214
549424 3440 7027
549454 2502 5509 5171
549476 5109 1651 9292
549499 8091 4413
549531 6128 4803
549535 3910 528
549742 161 5478
549820 6288 5118
549851 4806 5376
549875 4806 1959 2368 2110 4404 4785 4287 3862 5376 1189 3234 4315
549891 2984 3292 2278
549908 4444 4971 7674 5682 1997 8138 1656
549912 3292 6955 3586 2231
549916 5331 4806
549918 3107 5447
549967 50 1979
549989 2239 7735
550025 7035 3025 2791 7942
550092 9176 7430 8178
550146 7272 2275
550226 2541 39
550251 5357 8706
550358 2681 2301 9292
550503 1889 5331 802 5245 5478
550508 5237 6933 4681 5627
550540 3105 5705
550576 8775 9286 5838
550606 203 1968
550652 831 9101 1018 448 2874
550820 5529 6138 6390
550877 7801 1514 5245
550908 4986 4139
551007 4135 6846 6454
551039 2794 3576
551070 375 6720
551113 1358 5949
551115 4891 5022 7781
551202 4745 7276
551306 2984 4873
551320 5224 1029
551341 1842 7114
551371 926 288
551387 4849 1930 6390
551515 4298 7830 288
551541 3216 3395 2144 3547 8321 278
551576 8590 1953 222
551608 2078 5675 7661
551650 504 5357
551722 3378 4968 2314
551725 2578 5171
551773 6612 8568
551799 6082 8179
551881 1461 3490 7523
551958 1482 9371 8968
552051 7580 1941 4803 1528
552109 2636 7928
552206 6313 5458 384
552235 6109 1994 9043 3665
552266 8877 4517 5513 1953 8659 6933
552309 6706 6512
552335 6933 183
552372 2003 1516
552392 8568 6987
552469 2975 1473 5478
552512 4691 1778
552590 5620 3678
552604 1311 3670
552627 8300 6987 4010
552629 6751 5356
552640 906 8984
552718 4395 2969
552729 6390 6671 1114
552762 7800 2294
552763 826 4806 9036
552906 8464 4212
552969 7425 5510
553004 2085 1106
553016 2820 2678
553017 1608 8424 7735 1337
553078 418 8568
553082 6313 2934 5033 3893 7942 4793 5586
553139 3321 5356 6671
553200 5444 2691
553207 2463 9304
553278 700 2218 5349
553295 1653 3670 6746 6609
553327 9351 4466
553446 580 4965
553478 2001 4793 2984
553601 2698 4891
553614 4691 18 8217
553650 7580 5578 5171 3752 50 5356
553813 6246 4466
553853 4655 3201
553878 6996 8493
553927 3740 410
554055 6147 339
554114 2384 8464
554147 4898 6244 1327
554172 8416 5356 9338 917
554235 6683 9317
554298 9157 5633 8548
554357 4701 7735
554372 7339 4196
554424 6746 1953
554437 9185 2196
554490 8803 5923 1029
554554 3441 2350 9176
554628 2908 4694 1277
554719 9368 1945 7575
554721 375 5162
554841 7426 7561 1266 6760
554985 952 2304
555085 3431 1914
555115 4554 4212 6387 6082
555141 1554 7253
555145 9176 570
555167 8314 1547
555181 5042 8775
555199 906 2855 5086 7735 2964
555204 8659 6933 7299 4751 448 3893
555338 6832 6612 5
555347 8156 5984 5056
555427 831 520 469 5693 8937 3381
555443 9065 3493 1513 6235 5592
555471 4345 6550 8737 6719 4800 6302
555575 4592 7660
555657 469 3120
555737 2045 7213 6581
555840 7631 8845 8342 1968
555896 1857 7298 5449
555939 7747 1184 2691 3893
556100 6480 5516
556109 8845 199
556113 6390 5357 9176
556171 6840 927
556199 4792 991 2555 7943 9253 2350 6772 2964 4663 7267 4983 9101
556222 9157 3602 9292
556237 7525 6375 5086 6706 2873
556244 5118 6933
556379 3341 4691 3234 3169
556388 1608 7801
556418 1838 1189 4196
556485 103 5191
556506 595 6720
556508 965 2231 5592
556531 7411 1722 5693 1842 8724
556561 7318 8241
556618 8993 9072
556686 3292 4396
556702 7735 9024 3191 18
556856 4534 1461
556928 1889 6746 4764 1930
556956 469 8609
556993 7764 8321 3296 7674
557021 7943 5513 2350
557028 2043 2651
557043 5302 4426
557062 2864 5896
557087 4940 4265 421
557098 2873 1757
557206 9286 5830 5955
557221 8590 3105 5025 2746
557276 6313 5393
557284 5693 4298
557421 3087 3016
557457 3561 186
557472 2357 2350
557509 5245 5171
557525 4456 3806 491
557535 6612 4263 3669 4397 4337
557559 8775 4702 4948
557612 8016 469
557618 1974 2350 6288 8464 8916
557673 8730 1871
557772 1953 18
557823 8716 1571
557911 5824 4811
557928 7063 6117
557960 26 807
558016 9237 7634 226 928
558090 4444 7589 5391 8179 6288 6423 6195 4305 3630 3783 1114
558217 6288 4806 1959
558267 927 3292 5245
558282 9315 2052 6996
558324 6581 3930 5622 4983 7624
558393 8836 1608
558456 3826 2812 1116 545
558483 1347 5331
558496 220 4298
558532 7027 7430
558580 226 6982
558634 2226 1387
558724 7467 3606 4662 4981 40
558726 3235 3271 615 5024
558769 8042 1299 6779 1771 1945 6413
558770 5022 3711 8659 39 4032 8598
558776 3370 5198
558794 6609 8262 4554 1653
558889 3243 7298
558949 4965 917
558964 8060 6113 8997 3602
559012 4691 7577
559054 3234 7634 2846 1347
559056 6933 702
559110 18 5162 3271
559212 4263 2042
559229 6288 5022 8775
559303 6375 6884 3209 6423 359 1842
559321 1347 4891 4271 1959
559355 4582 3073
559378 4752 2775 8651
559427 448 7735
559464 2376 8413 8321
559513 375 6596
559577 4402 8765 2307
559675 5022 3893 7781
559747 2855 8803 1273
559762 1945 1422 469
559857 3493 969
559913 3045 4618
559930 4959 6375
560071 5357 4298
560110 928 469
560121 4691 8744
560189 1651 2114
560196 4141 5986 1125
560197 5600 1436 6846
560199 3893 1243
560203 1780 3969
560370 3237 8678
560415 2636 3000 8260
560422 4152 656
560454 3257 6044 5022
560469 9028 4940
560502 222 5213
560678 8853 6067
560681 1842 8016
560797 4152 3395 3431
560818 3321 898
560844 6447 6390
560906 6164 6375
560931 4752 8659 6733 640 1903 689 1832
560980 838 3678 1842
561018 3292 8378 2226 6595 4792
561030 255 7660
561056 7781 3778 1148 2812 5513 155 375 1738 2571
561204 490 761 8961 1525 9072
561260 4231 5001
561300 9014 9176
561367 3395 1461
561370 1419 906 3893
561378 5565 6933
561417 927 800
561445 8923 348
561455 3556 5359
561462 6844 1387
561478 8901 969 3234
561713 8737 8590 3910 1953
561858 8294 5356
561935 1330 384
561977 8464 9061 1722 906 2984 2068 6933 6588
561978 6987 6581
562072 7504 5356
562081 5049 9072 485
562196 7425 7539 3381 1238
562258 5543 8699 6142
562270 4607 5032
562335 2289 3493
562397 2620 5819
562426 7183 7210 3752 6085 6933 5331
562457 5633 2550 453 217 8568
562463 1898 624 2890
562524 4806 1778 226
562570 4238 2135 3415 73 6746 4803
562582 831 8637
562587 3663 3314
562601 370 6447
562634 5457 4889 1447 827 6629
562638 87 1959 5202
562699 6635 1461
562732 1681 4407
562775 7680 8321
562777 1273 1893 4554
562941 7875 8321
562996 2518 2350
563034 2114 5255 5633
563052 3606 831
563069 7749 7735
563171 2535 7647
563184 4806 5162 9065
563262 6609 5810
563381 3556 4910 2791
563385 8444 339
563444 7800 6288
563448 5171 2398 5679 5083 5738
563506 3653 7467 4745 9065 8581
563540 2589 2376 7545
563554 5578 5086 5738
563605 7801 6336
563641 7832 1849 5356
563701 2678 585 6846
563709 6138 3257 4249 831 3586 5245 1953 7453
563801 928 6067 2350 189 7742 7956 5202 4615 5627 7735 6375
563809 5693 4806
563908 6933 3292
563960 8702 6250
563979 6709 6375
564067 4698 6784
564084 6701 4182
564109 2278 703 4965
564115 7210 4592
564210 3255 1422 4000 375 8050
564239 1653 8321
564248 7298 7800
564346 5980 6164 2954
564409 319 9292
564430 1842 2984
564446 2977 3292 8681
564568 2196 5024
564611 2791 6746
564656 8588 7061 2636
564713 4283 8853 1330 2855 8876
564715 3431 6944 6662 4891
564720 7639 1148
564736 1311 4203 2304
564739 5072 7228 8109
564786 5686 2085 5245
564840 3753 7800
564884 7481 2085
564943 1330 7609 491 361 5082 7943 2350 6375
565018 4562 8568
565043 4053 5457
565068 1364 168
565263 6200 186
565299 8464 6824 359
565312 4152 8965 7692
565330 4554 5172
565345 4691 6671 4830 3493
565396 8795 5224 256
565430 2838 4876
565522 4160 8033
565606 5738 8264
565633 51 4345
565653 3378 1119 1461 7580
565672 4615 3447 5613
565755 1273 2294 469 3381
565771 8821 1461
565868 3234 18
565995 6933 87 3642
566022 4160 6276
566066 2350 1311
566075 7251 5180 2168
566232 1460 4928
566280 2678 3277
566298 8775 3292 6113 6064 703
566308 1228 3946 4425
566403 3949 2036 5086
566439 1138 1326 4238 5202
566512 3456 2308
566521 2350 6030
566547 6987 2909
566608 5302 694 7253
566691 152 375
566699 9057 1117
566727 4806 2678
566792 2249 6336
566827 5849 7622
566899 2977 6164 6970 22 2998
566916 1454 5449 51
566953 8590 1311 1653
566995 1267 7848
567001 375 6345
567049 6091 8795
567089 4803 8590 957
567118 7408 6375
567192 5171 4691
567214 8525 52
567270 2822 4951 1454
567316 3629 5356
567334 1148 1387
567456 6195 8525 2289 226 965
567517 7634 3292
567551 6933 6288
567634 3233 724
567644 1312 8464 448
567667 2746 4806
567669 188 6195
567677 1263 2966
567830 87 3909 2278
567831 3602 2282
567838 5693 7742
567923 5356 6390 6264 5245
567957 1026 2984
567959 375 9176 8845
568093 6714 5356 6756 4615 2350
568155 7800 3652
568158 4694 6987 2328
568168 7631 504 7311 7717
568245 6303 2746
568342 5027 1857
568350 6358 5921 6746 7027 6933 8590 1991 4298
568357 9049 2589 8548 5376 1930 935
568416 7668 9024
568488 4849 3880 5629
568509 7647 2414 8765
568571 4792 3191
568594 94 1273
568599 6336 7027 991 8493 8172 2984 6244
568644 3468 4806
568664 8944 4986
568677 520 3678
568685 5114 1183 1199 8089 5086
568717 5205 2310 9157
568726 2652 9101 4444 5356
568743 3120 2984
568744 2552 3234
568819 375 4785
568905 9082 8321
568923 2678 7035
568981 152 8321
569026 1371 8659 8654 3237 1015 1035 2246 8952 4444 1201
569060 4298 2873
569089 827 1699 4876
569484 5302 375
569506 1287 6485 7609
569512 991 4498
569521 7430 3233 7959 2150 9185
569637 906 4083 8058 4922
569750 7835 1253
569763 4554 2419
569917 2427 4577 5302
570084 2025 1073
570153 8775 5022
570339 1651 2043 3475 3998 4217 8568 4806 4989
570446 6113 4498 87
570487 4873 6147 339 4876
570514 6933 2747
570518 5979 528
570590 3097 5538 7781 3678
570675 2350 4615 522 7943
570683 4298 6933 110 6387 8947 1778 3602 1953 7830 5774 6627
570762 6129 2350
570795 5592 3862
570873 8464 6996
570982 991 1026 7742
571001 7027 4691
571065 1387 6992
571136 7228 7298
571165 3105 6164
571243 2881 2278
571269 1547 8373 2787
571284 7727 1186 6156
571309 8115 7027 2992
571369 2463 3431 7183 3314 1982
571494 945 2314
571592 3602 6933
571618 1387 8637
571789 9228 5086
571862 549 3666 188 9150 1114 4691 2984 8724
571946 2678 4898 9292 489
572107 4691 6635
572131 5198 5633
572167 2746 3490 3116 7015 8590
572179 3893 8659 5022
572293 3271 7801
572344 4271 6884
572348 5415 1945 6085
572371 3806 1114
572428 7577 5778
572444 3897 699
572485 3395 6375
572492 4793 9228
572542 4615 375
572546 3678 6012
572740 2874 1262 4466
572779 3234 8590
572793 6996 6944 2874 5627
572889 9228 8593 6288
572924 8393 5116
572928 2350 5693 639 562 8091 7890 5535
573050 375 8875
573060 8265 448
573109 489 2000
573260 3107 4769
573313 9253 3292
573386 5356 5181 991
573401 3931 6751
573415 5529 8321 381 8716 5376 1148
573430 928 3261 4618 8219 6390
573476 8638 1347 4806 8477 2857
573521 491 3731
573525 4272 2350 4681
573542 8691 5578 3602
573560 189 2810
573568 1593 5919 4691
573576 3893 5042
573598 9185 6964
573695 7206 7609 2246 7920
573719 5121 2788
573745 4486 1508 6079
573778 3057 1330 3143 8837 8321 6636
573851 410 3652
573941 3576 2761
573964 8845 2670 2168 3630 7131 8718 2325 6846 3061
574004 188 5171
574120 866 7735
574150 183 3678 9286
574302 9371 5024
574323 6198 7169 1119
574381 3097 4806
574424 5156 5
574485 188 7735
574599 1411 4810 375 2820 1172
574607 268 8172
574611 6445 2350 9124
574680 4691 152 1722
574704 8765 7768
574718 6313 5032 3519
574778 4231 6404 8321
574785 6805 9024
574979 3613 5158
575152 1237 1189 9101 966 6288 7943
575324 81 4691
575413 3475 983 1029
575507 1387 5137
575571 1570 4694
575593 3154 9214 4960 4774
575645 3602 1842
575710 1030 5738
575744 8984 561
575758 6480 76
575897 638 3556
575911 7523 6933
575964 6581 7016 3672
576001 375 1836 1299
576019 7312 4873
576031 2555 4042
576034 2578 2571 6636 1330 3606
576112 3102 7575
576186 8681 186 4466
576204 7523 5417
576216 8806 5654
576387 3436 1930 1068
576447 8321 4745 1653
576468 2301 5116
576486 3292 5269 4263 6288
576608 3191 4691
576628 3973 3475
576712 8342 1312
576726 6044 4794
576735 6678 1148 2401 1940 8609 469 2256
576738 7168 3033
576764 5269 8500
576765 5255 1554 7980
576790 469 766 8867
576810 6390 6944 1018 5269 7655 2984
577031 6671 6082
577088 2491 220
577153 2843 2920
577208 7298 7867 3207
577297 4506 2822 1454
577306 5478 4806 4702 4691
577502 1720 7228
577510 8806 4182
577672 3233 5356
577674 2791 5181
577708 6067 2633
577771 758 5565
577780 9176 6309 3678 6933
577813 7035 965 4722
577863 3102 3165 3381
577868 8545 5147 1533
577880 4462 5024 5171 4928
577911 3431 5393
577936 2050 4891
578001 3602 1895
578025 4792 1358
578037 8321 6605
578068 6063 6671
578080 1324 2550 5171
578127 4691 7008 5770 4928
578182 5739 1330
578188 3547 9072 2678 9316
578354 7781 7747 4965
578414 4203 5738 126
578421 969 2538 702 7959 359
578489 857 6133 1273
578523 5022 5002 7800 453
578584 6596 8795 493 1738 8321 6609
578586 2256 5424 7742 562 761
578855 6512 981
579010 9246 3491
579106 6063 5686
579149 3199 2576
579208 7943 8782 1471
579275 3292 800
579363 5032 8172 4803
579388 1018 1842 4691
579402 1968 1253
579409 7331 50 7742 7773
579424 1073 2290
579452 5565 690
579453 1187 6046 801 375
579459 381 2350 8725 3384
579490 3626 415
579500 4130 4574 2043
579675 9292 2414
579709 5086 1733
579750 4271 1358
579781 7959 1371 4298
579826 3226 375
579830 6248 9118 8500
579838 4615 3547
579930 7110 5026
579983 8803 6771
580028 1195 3840 9072
580035 4462 58
580036 119 6082 4615 1026 8399
580053 9185 3893 6987
580098 4873 3284 2310 7727
580138 4615 7577 1845
580165 7027 4466 68 2873 3165
580180 4691 934
580257 4722 4928 3678
580259 4126 7735 3456
580357 7801 2350 1842
580387 6431 2838
580408 3583 6790
580422 6375 6402
580521 2518 2308
580527 4691 8785 1846 103 8961
580549 3237 3787 8775
580588 8413 8963
580592 3556 153
580603 4721 5693 8042
580629 3602 875 3556
580659 186 9124 7406 965
580807 8321 504
580914 2874 1379 2071 6158 9185
580917 504 4335 611
580953 3493 4271
581063 5245 8590 359
581118 2003 2984 6728
581121 7008 7766 4577
581124 7580 2873
581258 6408 2854
581259 5171 2984 2226
581269 5517 3233 1653 5798
581284 9253 4754
581302 2490 3731 2890 2774 1681
581349 2172 3317
581388 2003 3233
581391 5843 3441 5143
581402 7580 9159 1752
581613 1608 5770
581672 1733 6085 6288
581683 8953 5612 6364 197 2125 1898
581693 3321 1347
581782 226 8765
581893 8033 4210
581934 8179 5328 5478
581937 5171 1324
581956 2571 1029 5590 7523 9316
582028 1119 9072
582045 8883 442
582104 5 9253 1953
582210 5356 2109
582264 3678 7788 5560
582333 5421 6358
582505 2678 4981 3292 7735
582523 6288 7737 2236
582644 8413 2350 1119
582649 4047 1733 2350
582699 8033 4691
582705 2403 3814 8464
582795 3556 9067 7408 7742
582862 2890 8559
582902 3602 5773 5171
582907 404 6720 9197
582936 280 4132
582956 8115 9101
582967 7220 1964 2231 6138
583083 3622 2085 6355
583098 6390 3979
583263 3979 1681
583482 8321 3556
583504 5595 3752 407
583542 1029 2325 1482 5181 8156
583602 5510 8437 8321
583700 220 3491 5513
583709 5245 222
583757 4797 5941
583765 3844 8179 1547 7352 188 7735
583796 890 9047
583917 7359 6613 4694 1311 3731
583973 2846 3663 1974 6933 4272 5108
584144 7903 7609 545
584233 405 3987
584357 3665 4983
584408 8019 7634 2314
584428 6898 9117 359 3447
584525 6728 8292 928
584530 3893 5538 1959
584549 6629 3107 7492
584596 2506 7035
584690 1311 7920 3493 7580 186
584822 906 811
584866 4345 6355 7824
584927 3233 8464
585033 8493 6709
585035 223 6288
585063 935 6133 7800
585086 9101 4615
585123 6671 6933
585156 4607 5510 7580 1273 3602 7523
585235 8019 3721
585322 9127 1968 7766 1945 8967
585464 6390 7570
585499 694 3547
585544 4454 3431 2755 5171 8724 1778 953
585691 8179 4928
585695 3893 375 4793 2984
585942 8362 9230 8466 2775
585946 8882 6709
585986 4900 4444
585993 2730 2414
586022 2541 8845 6067
586096 8606 2681
586110 8541 2310 9203 8548 6133
586125 1681 2166
586175 8488 3576
586181 9120 1439
586254 9305 9371 8860 4793
586288 8094 152
586300 6609 6158
586437 4965 5356 519
586477 3602 7467
586560 3395 1461 3987 5837
586578 8568 5393
586597 2702 6612
586624 520 9305 9286 7580 5690 7269 4517
586638 702 2138 7311
586692 2873 4797 6230 3810 7660
586829 6244 103
586967 2254 1330 8413
586981 7061 3317
587000 4395 7835
587192 6955 3893
587207 6933 6085 9228
587218 6612 5671
587229 5218 1778 6807 6288
587250 1651 489
587262 6987 3678
587275 4466 8321 1273
587293 4126 4554
587369 1570 3233 2555
587445 906 3143 8671
587510 3292 5356 8081
587579 2170 3842
587715 5200 4968
587744 2535 5680
587750 585 7647
587826 2301 6629 4492
587856 6987 1968
587881 3678 5698 8568 5791 2350 5560
587911 3292 6933
587913 963 7839 4425
587916 6264 2712
587967 969 3604
588002 2651 4083 154 8075 2246 7231
588109 4597 638
588133 2984 3292
588241 4105 5592
588262 2541 5738
588270 8493 5356
588283 3311 4331 4453 3700 1778 5162 5438 8580 3065 555 7976
588294 2791 2414
588298 5022 6158
588343 857 638
588375 2318 194
588497 7509 6933
588504 3731 6933 4298 2822 6164 5086
588598 6113 4951
588666 1461 7406 3987 6094
588679 5502 6840
588706 4208 6933
588775 3234 3381
588790 4876 2310
588797 3271 7801 9213 30 6248
588804 6367 8236
588856 313 3576
588875 226 2069
588965 4806 7788 4115
588989 2678 7539
589025 3107 188 3207
589089 8548 2114 6147
589090 7272 5357 4298 2535 6170
589154 1636 4287
589246 8246 4139
589248 6933 5393
589306 3495 2473
589361 6652 122
589439 7329 1624 6093
589531 6313 805 3678 7959
589638 8888 2838 5143 3848
589704 4891 9371
589748 8637 7801
589791 6463 2376 217 4235
589881 7680 7577 2386 2840 4806 6390
589912 6394 2278 5245 87 5249
589968 465 8236
589973 4000 7917 418
589980 849 8637 7577
590043 7027 5478 3233 5693
590052 8853 2231
590123 5495 6912 3292
590173 9292 339
590210 1773 1347 8637 4691
590217 5478 3233 799 6621
590292 462 2166
590393 1722 6596
590412 2003 3105
590489 3107 234
590529 5516 8818
590534 814 4293 7183 9371 6388 3064 702
590551 5042 1738
590555 6480 8541
590641 6709 9251
590675 7507 3451
590686 6336 52 6341 3778 7319 448 5560
590733 927 2239
590977 5955 1324 7043 7246 7920 3431 6168 7361 469
591020 3107 4762 9270 2069
591033 2246 3127
591103 688 375 6375
591148 4986 9203
591169 833 2241
591173 375 6612 4691 4174 3226 3493 3602 1525
591223 375 7580
591246 9251 9124 4615
591277 8013 9238
591308 3893 927
591309 5031 5449 4691
591522 8764 5905
591533 468 6671
591667 5199 5269 7253 3670 359 4806 1312 928 6777
591835 3670 4592
591838 5738 4691
591853 6709 802 1148
591959 8321 7043 1319
591967 3719 2874 4271 5357 186
591999 3778 8109 8637
592021 9343 1888
592045 833 5738
592048 4752 4042
592096 1959 6065
592107 6336 177
592258 4298 8321 638
592380 4806 1148
592384 7018 8606 3321
592403 7959 5022
592407 2873 3678
592451 2350 7577
592735 7661 8775
592752 9343 6276 471
592753 1968 828 4774
592793 288 5162
592871 7198 1681
592878 8853 3000
592890 9185 6390 6423 7426 4615 2746
593028 3778 2043
593033 3602 5686 205 5086
593098 4694 2308
593232 2984 8703
593271 4517 8152
593314 1029 9014
593359 6313 1889 766 906
593423 2535 3602
593431 6737 7622 6569 5393 5024
593472 8993 684 3185
593493 9286 702
593507 3678 1778
593548 7742 6461 3766 8427 8854
593573 8405 5430
593576 3548 375
593590 6117 7430
593615 7580 8681 5
593622 6069 2625
593658 2681 2822
593661 5202 8775 4263 6067 5538
593684 6933 5329 3752 6313
593710 3950 8485 6718
593794 632 3292
593823 917 3678
593832 353 8329 486
593907 2470 4398
593922 2289 8443
594050 2535 1030
594097 6678 7742 1868 8865 4861 2719 7835 6375 7577 4985 7735 6341 2670 631 3513
594104 3207 4615 3270 7430 6015 3290 8724 2189
594126 6671 8095 6067 2571
594190 6042 6758
594214 5202 5686
594225 87 7768
594265 3431 8091 6195 4126 6375
594321 5538 3606 5032
594345 3233 3107 5024 928 7575 5032
594461 5313 638 3731 3678 7414 6274 2254 7306 6375 3626 4068 2890 6248 8865
594504 4806 9101 5376 4439
594544 4444 3880 5022
594566 5678 5201
594576 981 3772
594614 7577 4078 226
594659 5686 3582 8659
594677 2678 103
594690 727 952
594778 7238 2303
594817 8013 6501
594830 8449 3165
594896 3233 4691 4806 4271
594945 6093 8603 2838
594958 5376 5671 1720 4345 1844 4812 4691 2331
594976 1790 8321 8456
594998 3987 968 6463
595017 3007 1371
595034 3312 2760
595096 8379 4806 8649
595181 18 2370
595222 4298 7637 4800 8803 3862 6375 4806 4554
595225 6327 4691 5633
595259 405 1456 7827 3782 4150 7931
595290 4533 890
595297 1968 8818 3105
595343 6390 5543
595424 701 302
595520 5506 9007 9304
595621 6573 6288 6114
595634 4951 1967 5003 7200 5302 8379 3678 7801
595694 1387 5356 4806 7917
595720 226 4752
595749 9024 4211 6944
595803 6533 2660
595840 4224 6922
596045 7008 1198 103
596137 4831 4792 3348
596181 5245 2166
596194 8730 6164
596242 1593 6170 2376
596295 5105 2350
596306 1547 188 4691
596350 3854 7823
596409 6671 7507 3524 8625 7830
596431 1311 9214
596599 2197 2678 3950
596676 3556 5086 6933
596693 3518 1861
596712 5171 9304 8791 2226
596758 1324 1273
596766 952 5356 3787
596805 5578 7956 3893 152 1311
596836 1953 6423
596874 2317 532
596979 1330 1959
597023 188 339 8548
597031 9185 5356
597087 3271 7865 7801 1569 520 1158
597095 1733 421
597118 1018 9228 5245
597218 8568 8091 6987 4083
597223 8064 2350 1968
597374 5543 5702
597378 5975 6180
597379 1273 1324 3310
597391 7430 4792 2258 7780 9306 2838 4176
597485 4707 1651
597520 4694 2025 1703
597540 4182 1083
597702 6065 1968
597731 4691 6158 5510 4796 2069 6671 5810 5634
597788 3025 359
597883 2969 6025
597946 9228 4217 9292 5302
597965 5 8764
597993 7742 1387
597994 1114 7928
597999 380 7719 489
598013 5565 1330
598017 5 1371
598080 1322 8548
598222 2376 2984
598249 375 6587
598310 8179 4691 5086
598318 5329 4486
598387 375 928 9043 2984 511
598419 9014 8179
598441 7577 6414
598485 6009 4298 2652 9292
598489 3678 5356 5560 5376
598519 2312 5894
598522 220 6944
598572 3381 2045 5376
598585 1371 8548
598700 4356 5091 1641 6933
598701 5376 6432 2950 4691 2294
598812 3292 2236 5791
598838 4345 2238 3672
598840 1324 4960
598878 5587 1738 9159
598937 4554 2085
598985 1277 7980
598991 1953 1773
598997 3678 2350 9304
599058 4577 4556 8775 981 6198 9312 516 6635 2812 8525 9015 4691 8165 2085 449 5619 2827 870 4160 3143 3235 1454 8300 7206 3312 8033 3475 152 95 5548 8464 6313
599079 5770 3107
599153 2487 1362
599297 4772 1738
599359 2459 1311 4806 4722
599368 976 1236 2350
599378 5509 7526 1959
599399 728 1273 5024
599425 5478 5171 1489 375 2984
599433 6596 595
599468 4018 2269
599482 3351 3493
599531 8033 2075
599542 2078 2984
599560 6933 9082 5513
599565 2350 9228 2314 6248
599591 4615 2350
599639 2350 1116
599760 365 1114 5430 3176 8477
599812 4774 6164
599814 3631 4970
599824 5420 9337
599862 1778 5311
599890 6942 2014 8718
599952 421 7481 5331 7425 5171 3544 965 802 2941 4897 7968
600040 7027 1754
600049 1953 6609 152 7639
600051 4466 2085 2289 8120
600057 483 4333 7754
600065 87 5032 5082
600103 935 9157 418
600113 504 902
600144 221 8003 2085
600236 5644 7027
600325 5143 5200
600403 2241 3556 6987
600502 5896 51
600541 6182 4806 222 2984
600562 8321 8033
600583 6933 4948 3880 1348
600589 4694 4793
600641 226 6678 1581 8795
600726 188 3752 4139 5 4745
600791 442 4180 8464 5744 906
600803 6066 5680 6635
600893 5245 2881 6987 4323 3544 8717 7815 3893 9101 3787
600907 7253 4793
600931 4517 7735
600939 2303 1277 3891 3280
601173 8179 1419 6933 789
601193 4691 5331
601247 3234 5478
601295 5956 1959
601302 2166 5086 5393 4164 4268
601420 4444 417 4203 6071 4219 2249
601468 7692 5738
601695 7960 5033
601852 5022 1419
602048 3540 2982 827 7823
602100 1118 2873
602121 7801 4135
602186 2984 5331 6390
602262 3493 4631 5578 4501
602274 1119 7622 8765 1968
602320 4150 2984
602403 5224 8484
602449 6933 2873
602460 3493 1347
602578 1018 3941
602631 7862 5784 4680
602669 6746 7523 1461
602707 4119 9120 7600 9270 6164 869 8033 7446 4196 5156
602740 5738 2836
602769 6832 5746 7699 489
602802 7781 7717 4425
602804 6612 2984
602809 2984 6671 6129
602935 375 5896
602999 2678 1547
603076 5356 2231
603111 831 7030 6581
603112 8877 6035
603113 831 7255
603115 9253 2678 585
603192 8730 2052 203 480
603217 3403 8883
603234 4691 6609
603292 7835 3731
603376 7717 5738
603405 4126 1133
603432 7692 2205 4801 4965
603497 1473 4683
603523 2827 4613
603581 8739 3893 22
603763 1348 4272
603838 9286 906
603871 2173 928 3120 7839
603874 4574 6612 2926
603995 1738 6746 1324
604011 4691 6678
604025 392 8548
604048 9286 2481 9100 8681
604060 3061 8548
604093 4270 7808
604168 6375 188
604216 1114 5356
604248 802 8321 3678
604259 965 6933
604312 5131 5498
604336 4808 2939
604364 7836 9279 8452
604387 6443 1461 2563 6225
604460 965 3602
604486 3602 7131
604494 5224 8355 339
604556 1547 9014 2510 1889 1471 5548
604615 3102 5738
604703 375 2636
604709 1868 7634 928 2241 7121 2550 8593 6933
604710 7251 5331 6112
604914 6113 375
604993 188 5024
605029 9049 9292
605062 6612 7396
605133 3384 965 707 381
605234 7742 2289
605275 9248 831
605309 2085 8681 6832 611 2984 5003
605493 7004 2322
605494 465 2873 1113
605516 1405 4803 952 8070 7043
605585 6390 6113
605611 4806 8452 4196
605615 2881 7163 7580 152 188 3493 2873 7524 1608 3683 7246 5245
605704 7162 403 2805 7485 3629 3698 1634
605707 8715 8820 5393 260 51
605750 5145 7800
605818 5033 1720
605921 6609 6240 1754
605935 7031 1296 5408
606056 5 981
606059 2727 8724
606166 152 186
606177 6706 6375 9213
606223 8724 7481 6164
606238 1666 8659
606274 6390 3678
606279 6460 8709
606320 1387 6356 5171
606335 6067 8314 3234 4806 1836 952 6390 9101 223 2984
606436 7055 8210
606484 8143 2459 3035 7629 7425 4797
606531 7583 2350 7511
606582 2294 8443
606698 6336 4298 4928 7481 6375 7027
606793 6733 7801
606872 185 8321
606892 5578 139
606895 1035 8115
606954 831 2541 3544
607024 6822 5513
607042 2037 8775 9304
607182 9292 6463
607196 3431 1026 7634 7061 8416 4803 1738
607267 8464 7835
607289 4831 7781 8860 4806 766 6569 9304 4217 8965 5032 3752 3888 3586 3893 1093 6756 9132 1547 6313
607303 8718 1680
607322 3102 491
607325 1547 4150
607394 4096 5048
607442 3311 7798 5565 7199
607524 2642 5693
607537 2934 5393 7071
607571 7383 8659 1442 4837 5306
607679 4876 7548
607727 7735 4615 5738 2350
607732 3143 1311 4344 205 7801
607766 6581 5747 214 3891 2651
607833 93 448 2843 1035 5162
607956 5119 8477
607996 1324 295
608001 3292 3176
608121 4000 3772 528
608207 4691 1029 2303
608303 7299 2435 4212 3233
608323 939 6136
608374 1738 9304
608465 3977 6164 4792 7980 5682
608518 7490 7610 6987
608619 222 7575
608670 7875 5376
608692 898 1132 8794
609049 8795 2328
609175 2589 6733
609216 2350 5798 6933
609220 4298 1238 2173 6635 2984
609260 6067 5162
609307 1889 6390 6246 6832 126
609407 4126 2226
609447 1073 2025
609463 18 7575 4554
609514 7577 6662 428
609552 8725 2325
609579 7043 1442
609611 8568 8346
609854 6955 7942
609907 5024 7634 2984 1716 6485 5181
609915 6832 4217 4793
609947 7188 5245 4699 8659
609970 4024 5202
609999 3678 1738
610064 6612 5245 4691 6082 3893
610152 448 7071
610202 4592 6164 2075
610331 6979 6870 728 1454
610415 5393 4298
610419 5202 6910 7781
610432 6944 5727
610452 1529 4065
610487 4702 3206 2625 9002 5510 4444 5371
610587 8009 4951 5022
610624 4517 2620
610656 5727 8845
610759 8650 1030 3431
610788 5565 2966 3586 3606 3787
610915 2881 1514
610918 3899 4786
610985 8795 611 6375 1311 7634 4577
611024 469 3998 2984 4592
611037 2278 4444
611058 5707 4802
611067 8807 51 1666
611097 3493 6609 7742 5376 3973 4806 8500 4135 8091
611187 6142 724 5510 2350 4699
611281 9207 3436
611285 7735 5024
611368 2937 1387 6824
611393 3065 1911 5682
611438 2571 8821 4788
611446 9203 2535
611545 8265 5457 5086
611577 7361 5778
611588 831 8953
611658 375 3602
611664 6581 8775 3292
611714 3163 6933 1059 4790
611788 1650 665 1547
611803 2003 8789
611842 8512 6933 4376
611844 7800 3105
611845 5024 9
611875 9066 6336
611887 3381 103
611894 2820 3431
611924 5022 5785
611949 4980 3059 3556
611971 5479 6085
612069 4721 6117
612073 5356 5269 3946
612074 4691 8671 3987 8219 5086 7430 4929 5738
612080 381 8091
612104 6657 5
612128 5086 898
612197 2419 8568
612213 1968 6746
612248 7609 1778 4592 6596 7255 7622 5975 3633
612285 7300 1073 2317 9356
612314 5047 6609 8929 5680
612393 3475 3973
612402 6006 1784
612445 6426 8921
612504 6248 8363 3233
612520 4721 6375 3423 9082 2822 3678 8593
612533 4298 2873 6336 7801 1953
612560 5356 5770 7293 5171 9214 3806 2459 18 8813 7580
612563 7450 2812
612605 8803 4873 1073
612607 4212 5592
612764 6549 125
612842 6933 3493
612850 339 5114
612951 2350 6933
613091 7858 2984
613167 186 3576 7801 9185 847
613384 3105 1119
613428 4486 965
613446 8103 7194
613449 5194 2839
613523 4453 8484
613540 3205 9238 1738
613562 6807 3731
613652 8765 7768
613683 1029 6955 7843 6912 7481 2204 1273 1778 1026 4133 3431 2984
613689 1651 4056 6288 5639
613753 421 6706
613784 6420 6063 8091 5376 4530 5123
613875 1454 6303
613923 8580 8637 6824 3623 4231
613924 6313 8300 4486
613925 7865 3493
613957 6097 5072 2678 194
614010 8330 6138
614088 827 1454
614123 4800 5141 4837 6933
614141 4517 7165
614159 1387 1722 4691
614200 7692 6671
614234 3272 8377 5468
614238 1646 3970 6629
614271 831 6933
614315 3739 8022 3678 8728
614399 2350 1547 7526
614403 5356 8179 2484
614408 3207 6832
614468 5171 2881
614483 1516 6164
614536 1358 4891
614543 4000 3216 3586 2231 3959 7609 7507 188 2987 442 7737 4806
614544 3395 5162
614586 6996 4083
614601 3556 4133
614616 6955 6846 5356 1312 2881 906 448
614626 6590 1352
614662 1029 8727
614773 2678 974
614849 2350 4341
614910 6893 638
614961 7425 6746 5024 6113 3544 8314 2827 3931 7692
614967 6671 1580
614969 9214 7017 9286
615068 2678 7427 5521 7706
615079 7229 1347
615279 421 3607
615361 9007 4891
615456 7299 4305 3606
615462 1114 415
615496 6063 6138 2256 2163 2530 3120 8724
615584 5376 4803 2734 8321 6375
615592 2820 7742
615628 8321 4928
615684 1330 2849 8548 4939 7072 2873
615706 4034 4261
615724 6933 5180
615755 1371 5510
615843 5022 3237
615844 2984 3322 375 9065
615873 7298 873
615934 7575 5590
615985 854 928 9228
615992 3880 4808
616005 3049 1454
616075 9014 1805 8379 8484 2944 1018
616120 6612 7801
616123 7285 8659
616130 6205 1330
616142 7946 7262 7772
616185 9125 6624 3849
616204 1832 4691
616232 5366 7796
616239 6562 7883
616312 1914 7843
616330 3767 925
616403 1018 5919
616459 7306 6548
616464 8680 1733
616658 645 5356 5245
616680 6666 5409
616688 1974 645
616819 694 2538
616864 7098 4554 7577 1461 5376 520 4691
616886 4076 8860
616907 5306 1172
616910 4121 5194
616916 5032 3678
616941 4658 4774 3590
617017 2317 1122
617132 2114 5676
617375 6994 375 5081 2065
617398 3381 5376
617441 437 1114
617457 2227 4793
617461 6719 7298 6696 4691
617611 1181 8321
617656 4691 7253 8102 1262 3556
617739 5590 5680 8737 2864
617741 2301 7824
617867 5592 103 2289
618093 1016 1570 8590
618106 3935 1953
618142 2303 6043 4139 2419 2075
618190 1612 1636
618237 1844 2231
618309 7772 2025 8590
618329 5590 1000
618341 5356 2278 265 4891
618416 381 8194
618567 6313 4174 5
618641 2168 6605
618657 7311 3271 1953 6291 7577 4391
618693 4876 1320
618800 3880 3183
618824 8559 8845 965 8714
618843 6824 1387
618848 3893 7396
618940 4196 3431
619034 7839 4810
619042 6301 5024 4102
619069 4650 4694
619103 4792 7735 1869 6248 8406 188
619162 4396 1073
619209 974 223
619289 6147 2629
619331 7643 9212
619414 8401 8464 7958 6738
619542 3752 7610
619551 5738 4691
619555 2580 2639 8564 8718 22 2827
619612 2350 7801 6248 4806
619678 9014 966
619686 179 7917 7131
619700 5644 8022 4939 2256
619740 9292 3477 7830
619775 7801 1311 8997
619786 6158 4868 1387 2843 409 1525
619895 6355 8321
619901 5738 8777
620003 3431 348
620115 3684 4674 3097
620165 6093 5498 339 1195 8548 5200 2123 6621
620177 4808 5212
620195 6933 4615
620220 2681 1868
620255 5550 8944
620309 7471 7876 1806 1159 1117 2329 1661 4542 4323
620337 2984 4806
620437 6336 5245
620529 4180 1547
620577 4691 2050 2138 5517 5830
620584 375 7706 6131
620622 3556 226
620694 4150 6128 7481 2746 221 8355 4691 5224
620914 7755 831 2419
620935 8321 256
620982 6113 1552 7634
621141 2984 1653
621153 6746 4891 2350 2984 7823 3893 7622
621156 6933 226
621207 2744 8077 6558
621224 8179 5543
621233 2984 6313
621331 6113 4809 926
621524 2812 1114 7240
621563 9238 991
621620 6284 2157 6375 7526
621691 3858 5849
621771 9292 4056 3519
621809 946 926 7774 8780
621836 4372 7430
621860 991 8984 3893 5224 5032 5086 3207 4208 6067 3108
621887 2609 3176
621890 1471 339
621923 1029 5590
621966 3434 8568 3711 5495 1058 3143 1454
621980 9178 5848
621998 8845 7661
622015 103 7580 8050 381
622027 1273 5359
622034 2289 152 2350 1666
622127 396 5763 2805
622201 7499 5033 5620
622221 103 713 7609 3711
622310 9317 1651
622481 620 959
622613 6581 3290
622627 1029 6170
622653 6313 8174 1482
622753 2550 6195
622778 9344 3102
622793 7481 5478 6628 1471
622861 8777 9108 1460 3510
622869 1722 8590 8782 7545
622979 3602 5793
622982 8775 2484 8659
623004 3692 66
623024 7950 983 1387
623036 2984 965
623088 5633 7072
623135 6048 3752 3824
623163 6846 3556
623175 3866 8548 2982
623191 1653 6063
623195 5534 2678
623200 1015 4702
623205 8568 3271
623355 1692 2746
623356 2459 4582 1525 3431
623384 3586 4806
623537 5744 6746
623598 9292 2003
623655 7298 8568
623694 6596 8775 5359 3752 9237 645 1868 7631 3281 3678 6333
623700 6288 7430 3613 5158 3087
623722 7027 1889 7577 4503
623740 4655 5032 4790
623758 2350 6933 9124
623826 550 4425 811
623930 4126 8548
623947 991 469
624113 906 831
624126 5223 702
624138 5121 8568
624198 7651 5055 8338
624337 2350 1273
624352 5202 4271 5245 5032 4808 7832 5503 6539
624356 811 5050
624394 442 2239
624403 8274 7505
624440 5849 2873
624486 110 4806
624523 1281 5366
624526 6080 6375
624554 8867 4212
624636 2459 8819
624644 2196 6164
624760 5032 6933
624798 6982 176 3105 7719 2838 2075
624801 1842 418
624995 6287 8421
625018 5356 2289 3849
625117 5022 6288
625139 3068 4347
625263 1547 188 9150 5083 9198
625324 5108 9185
625361 935 6037
625413 582 6278
625456 2308 2411 4968 3905 6313 7480 7800 2966 2717 1866
625461 928 8944 926
625529 1720 1461
625543 4290 2254 9337
625779 2761 6504 108 5032 5356 8464 4407 831 3576
625795 2541 4691
625831 6048 6846
625833 91 710 7839
625836 9036 5682
625935 2884 418
626012 6671 1372 9060 9255 186 619 5302 359 866 6240 3237 9101
626073 226 8314 4806
626105 1454 3563
626150 6671 5565
626193 8019 1722
626194 6048 2502 4212 5171 6832
626195 87 1164
626248 1471 4208 7567
626262 8681 7742 3381 8091
626434 3271 2746 5024
626509 762 8493 7433 5594 1680
626557 2045 2085 3731
626570 1277 8033
626575 8172 519 6846 186 6714 6933 6067 7781
626670 2961 5908 7449
626724 3174 7971
626753 5633 215 9292
626773 1311 4217
626809 8724 8321
626853 4554 6158
626861 375 7832 7839 222
626995 1119 9072
627047 3491 2775
627086 7651 4806
627107 2966 7823
627126 3731 8548 339 2996 4691 2746
627162 4951 6021 1387
627199 375 1448
627294 7331 4034 6662 3398 7155 2085
627329 2934 7299 3893
627343 1787 183 2884 5314 1508 3194 6480 9175
627355 1513 3778
627391 6375 5738 5001 6007
627519 6933 3678 8464
627545 3684 6447
627613 890 5513
627618 3556 1273 1811 1636 6375
627662 3982 5212
627846 906 6288 3897 6170 5331 4808 2578 2805 7298 4691
627989 3652 8548
628012 4891 8769
628029 1636 8513 4615
628038 9304 6890
628053 2226 1324
628077 5263 6063
628132 1114 831 5273
628163 8548 8541
628404 974 4345 34
628443 3275 1720 2746 2289 8972
628459 8818 205 1649 7499
628510 5026 6605
628525 2620 448
628539 9009 2984
628548 4965 6336 7331
628640 8906 5376
628663 5510 1070 5329
628690 5693 1842 5331
628696 226 7426 1722 6609 6375 437 442
628785 5245 9185
628846 3946 3576
628916 6007 7969
628987 5508 9176
629042 4960 6605 8568 5457
629067 6113 5565 8637 7742
629087 4806 3381
629211 2085 2874 5738 3234
629279 39 2889
629303 469 6375 8845
629316 1670 6390 1836
629353 1778 103
629396 4806 4083 6933 7832 3395
629406 1324 528 4955
629449 8321 7331 1273 3234 4554
629471 6182 3752 6331 7035 9101 8847 2205 3262 3678
629476 2110 8379 7007
629540 5738 7306 7742 3973 5025
629585 3678 4806
629709 4202 660 5510
629914 2984 226 3544
630111 2484 4689 5565
630144 5693 2627
630161 3127 8292 1238 4928 2301 9213 5578 8739 7781 188 4951 7839
630167 4396 2001 4034 8179 3590
630188 4102 7954 405
630192 5913 6284
630332 7920 7312 8914 7742 5356
630418 7557 3540 1968 7712
630442 2874 4691 1968 5457 6142
630467 226 188
630468 6609 1837
630496 645 6571
630512 1914 831
630527 6529 3237 87
630544 7481 6288 3493 6065
630582 3747 1324
630588 1073 2376
630600 3516 1169 6390
630690 1347 2992 1889 4681 5682 4772 9213 6358 4800
630715 6551 5449
630730 2140 1109
630756 3752 6288 6313
630794 5022 6944
630821 7547 5393
630834 2541 601
630924 7959 6671
630926 7206 6063
631162 4691 4093 4915 3493
631189 4252 928
631240 1651 9332
631273 2984 7917
631281 7839 8568
631299 9317 489
631401 2843 7839
631461 5356 811 7534
631464 2298 7980 2514 8033 3623
631474 8724 3576 917 3586 6048 95 2652 3292 7979 87
631536 8091 4745 4951
631734 7747 6067
631768 7072 8970 1413 3493 7920
631828 1461 35 8321 5510
632011 7706 5791
632027 8292 6138 952 6714
632040 8706 927
632067 2940 2463
632082 2016 2555
632087 2727 363
632130 4812 4655 6987
632251 7966 1597
632293 4891 4223 1966
632379 6609 4792
632409 7801 6690
632424 5607 3793 7735
632441 4911 3057
632442 9304 942 6080 8923 358 7801
632476 8098 8577 4231 4208 4691
632487 2350 6720 3493 6547
632520 8089 7980
632541 1119 1029
632545 1083 8413 9228 3606
632600 2822 766 5086 999 1351
632620 7920 5024 5171
632675 3602 5331 1725 5356 4152
632683 9206 6609 7255 7631 5357 6390 2350 2598 965 2827 6186
632685 7306 3233
632764 6944 6151 1015 5859 5376 421
632822 4808 716
632889 9337 1778
632958 6306 8943 8765 2065
632959 6336 5212 6203
633108 1049 9237
633137 1018 5778
633146 8373 1760 654 3252 8382 6375 2350 4615 3431 898 5086
633254 1114 7467
633260 2484 3519 7210
633278 8464 928 6405 5726 1468
633282 2406 5178
633289 2450 1018
633299 4806 3606 2636
633373 6009 9072
633374 6955 3987 8461 1461
633417 5961 1477 1262
633438 8579 9049 2609 6569 8765 5032
633464 5335 7622 1324 2881 188
633540 1651 4876
633575 2620 7967
633641 520 5376
633648 8725 7699 4298 528 1248 2944 9292
633672 2541 2652
633823 7577 7331 8321 520 2307 4078 8965 359 4466 421
633860 4702 4517 7938 6364 2812
633869 226 1715 1738
633902 3107 4494
633929 1058 2356 1579 2822
633947 7186 5090
634010 5357 7043 516
634049 9101 838
634082 1533 831 200
634116 2812 177 6399 2678
634119 2827 3543 8172
634144 3233 1419
634321 5082 2822
634366 5785 7299
634398 1941 3602 2984 7784 6944
634469 6846 6312 7433 2988 3271 8888 4691
634560 4806 6067 3431 1330 833
634581 7538 1387 4253
634588 3223 7577 186 7311
634654 7609 4701
634732 952 5359 611 906 3423
634770 6736 2744 3711
634835 9292 1889 339 6303
634839 4841 2944 2350
634845 6138 4351
634950 7742 6746 3693 222
634979 2984 3234 4691 188 5376
635031 4691 3606 4391 7163 6129
635135 7781 3880 4486 3237
635160 799 6062
635180 7835 7298 1547
635199 8902 1311
635265 9315 2000
635372 8572 6822
635373 2881 8775 3163
635389 7823 9292
635429 4795 6621
635445 5560 2350 676 1330 4891 7426 9176 9124 1253
635542 2106 5202 375 2746
635640 1634 8294 9007
635668 3163 4928
635687 6138 6706
635711 4691 6671
635724 3899 6706
635760 2984 8568
635788 9251 3201 2984
635795 4555 3852 7245 7073
635824 1058 108
635892 222 8152
635910 2822 6183
635930 5675 3893 4396 1419 3590 6987 4140 3711
635937 688 1345
635981 5438 2347 8493
636068 5086 7495
636129 4951 5245 5032 6288 6035 3292 4837 2826 3590 5082 5415 1889
636303 3893 4024 87
636358 3670 2535
636395 3271 4590
636402 2546 6244
636430 5302 6636
636451 2881 2873
636502 4076 8671 7780 4752 7010
636516 6158 3226
636553 9072 5056
636655 8803 7210
636668 4345 2376 6595 8777
636675 4691 3292
636679 8355 4691
636690 9292 4806 1018
636774 2362 2945
636793 3745 4139
636853 6248 6987
636860 4806 4360 2625
636901 2081 8262
636969 8314 3061
637013 5458 7380
637105 4126 5022
637112 3678 4762
637133 5896 1468 5171 716
637142 6671 7580
637146 7298 7788
637344 3544 5024 6581 5171
637355 6942 3982
637385 4806 5171
637386 2239 3590
637546 1029 6158
637587 8659 365 6933 3576 6733
637665 4554 6987 2535
637669 7068 4806 9024 8568 6244 6710 2325
637672 5513 3053 4891
637682 8845 189
637809 8464 5116
637851 2300 8548
637856 3239 8122
637911 9033 6164
637928 4373 520
638089 3223 2231
638176 2984 2432 3852 8681 8953 3233 7481 8297 5331 8484
638178 5127 8033
638222 4691 5245 222
638267 6890 1461 7843
638314 7959 2969 7742
638318 7885 4615 898
638319 329 2350 122
638609 6985 4444
638623 611 7639
638649 1547 8787 4753 9351
638653 2881 3893 5356
638656 4231 5243 4792
638666 926 6390
638786 4444 1482 2670
638828 1842 5693
638885 3290 9293
638919 1554 3935 4806
639026 1030 9234
639126 2534 917
639137 5118 4691 7634
639152 520 2085
639154 2984 7781
639162 9036 7800
639204 9292 3823 6009
639250 3073 1861 3105
639264 3739 6421
639266 5478 5224 7043 2874
639333 1593 7808
639479 9157 489
639489 4856 7943
639493 4053 1547
639529 6733 6142
639629 7800 3226
639634 5212 3234 2873
639645 1968 9047
639647 2042 1615 9320 6746 4928 8730 7809 4096 6195 7147 2110 1253 6164 2502 4298 2820 1547 9290 5086 188 520 7349 1677
639706 7580 469
639966 8477 3443 5430 3852 5510
640093 6375 1383 8803 1941 3311 4582 2110 3488
640108 5791 5356
640123 1636 7609
640272 2864 1608
640324 2636 2984 2843
640325 5393 4965
640335 381 1074 1932 5411 841
640363 8324 1371
640463 9176 3935
640602 5686 2755 172 9288
640616 9371 2686 2698 4298
640630 460 6164
640634 9101 4517
640734 7580 4607
640797 7943 2258
640802 1582 5027
640840 5356 5565 2336
640903 194 3226
640990 432 8724
641000 3292 5202 9213
641008 7408 2636 4249
641063 1311 222
641082 1117 5180
641103 126 4803
641144 3897 375 3105
641330 5665 4691 2678 7742 3586 2984 3272 4806
641447 917 9304 4986
641536 2350 4555
641538 4655 1651
641602 6933 866
641661 5457 638
641677 4182 4140 2172 1049
641793 5478 4284
641830 8485 5022 1959 5438
641831 3234 5022 3740
641951 2199 4471
641990 4951 8775
642054 5181 375 2791
642115 5478 2463 3272
642117 3051 1269
642119 8548 1651 8541
642147 108 8124 792
642160 8877 6282 5329
642164 7523 4554
642170 5503 5682 1620 8156 3393
642277 1164 2881
642289 4454 560 3850
642304 5592 5693
642385 1651 3519
642439 5896 4279
642479 6336 343
642495 4892 8730
642504 8770 3512 6093
642530 8965 6933 5497
642627 7351 4691 2301
642661 7737 1277 714 7622 2550
642677 1722 3292
642908 9349 2278
642971 2350 638
642973 3602 6195
643000 9228 4130
643061 5032 8208
643076 489 1189 2249 8273 8775 1486 2663 765
643093 7575 8379 2003 1029
643170 1889 4444 4951 9161
643215 2964 6810 7862 375 3233 7781
643277 2820 3597
643291 1148 1461
643502 1889 324
643511 6832 6635
643543 917 928 3431
643549 8464 827 8578
643585 585 2984
643596 926 3398 4792 6847 1204 6375 4298 3547 7027 1010 8464 7362 5738 3678 6006 519 2231 5302 6832 6609 6857 8240 4691 6944
643670 5032 3678 7018 5356
643756 3475 2879 4056
643762 7980 151
643781 2289 8265
643795 7639 6358
643930 8314 1026 3292 7634 3973
644124 8130 6128
644125 952 5880
644138 7580 5086
644169 8724 5025
644203 4391 5003 7617 8608 3163 4891 3237 4772 3752
644312 5245 5273 186 5538 152 1508 3292 7661 906
644357 5386 5693 6540 8033 8196
644378 2984 9292 375
644535 2314 5224
644556 6164 833 4172 2890 8725
644635 2350 2221
644713 8970 5393
644721 1119 3296
644729 4471 6423 4298
644731 520 6063
644816 8413 7580 7059
644941 770 8413
645005 952 5022 3893
645036 9213 8559
645037 6996 3547
645073 7409 826
645092 7027 8659
645100 9095 7289
645120 6134 1482
645133 8413 5458 2966 489 3130 4670 8103
645169 3250 3365
645212 6779 4471 7068
645239 4806 1733
645243 3398 1324
645325 5083 448
645392 7430 7735
645403 4312 9304 4239
645445 6390 4891
645457 2350 3678
645461 7823 4287 3540
645521 6714 3176 4632 3491 1845 2459 4087 1140 1442 7920 906 3237 5331 5 7396 1114 4806 1514 6671
645566 1114 9304
645612 188 1273
645622 6746 1842 3216 9212 5693 188 7839
645705 9240 5032 7137
645777 4298 2506
645829 5032 2166
645943 831 2226 4615 6832 6612 3893
645945 5693 4806 1959 1273 4126 3427
645976 2890 1547
646001 4042 8464
646054 898 8965 2698 4806 6671 7920 7634 2998 2984 9177 6612 8559 7887 751 7609 3979
646072 638 8193 4806 5055
646097 2651 4793 4132 8091
646136 2085 849 6832 2755 1653 2110 799 359
646149 6714 5356
646194 3893 7754 6007
646212 2775 9306
646217 6445 3547
646396 8984 8637 2289
646463 3630 2437
646466 2620 7800
646599 4577 8724 5083 4691
646650 375 4806
646660 5040 5022
646688 6390 5331 3271 802
646720 4104 5245
646725 1273 3626
646771 9304 3535 6082 9292
646774 9082 8953
646890 3880 3423
646963 4213 4401
646968 906 2826 5331 917 153
646975 1330 8413
647102 7629 1367 1778 4126
647155 4574 220
647211 9050 991
647220 816 2845 3431
647243 2985 3176 5024 359
647280 3493 2678 2196
647321 8178 8590 2838 6268
647342 7892 6933
647411 3207 3431
647418 3748 3910
647494 3120 7577 9188
647523 1330 8559
647530 5578 7035 5171
647545 1535 4126
647577 8033 9316 4453
647639 7865 2914
647640 3074 1066 183 7312 2681
647707 6352 9304
647743 6671 5349 1581
647753 3380 1454 632 3840
647783 2425 800 758
647814 6170 6158
647857 7656 6226
647861 3519 141
647908 2710 7872
647964 5117 1144
647971 1842 2984
647983 528 2546 4762
648023 1311 6082
648058 6612 5438 4263 4790
648243 4819 8681 2874 7577 8795
648301 5590 1277 1238 6784
648385 9292 1651
648428 1273 5112 6770 4618 8744
648473 8091 6937
648477 8297 6113
648526 6417 4389 8730 1871
648573 4615 3292
648582 4554 4298
648624 1419 7393 6082 4721
648626 5191 7298
648700 6933 9253
648718 1018 5199
648743 4597 8845
648773 7962 9082 8714 6336
648866 6647 1547
648932 8548 7377 1651
648957 8464 6944 3090
649008 4263 2652
649054 5224 2110 8961
649093 35 5649
649167 4476 3073
649168 339 6009
649197 469 1330
649240 9035 7737
649333 226 6733
649433 2984 5024 4231 2241
649434 6805 8590
649458 2300 8086 1888
649633 5022 945 5078
649662 3105 2039
649673 8321 6797
649716 8830 2620 6138 2314
649722 6987 3880
649757 5738 4752 7920
649799 6313 8122
649822 9101 1953
649830 4650 8541
649834 6512 7507
649854 3233 3973
649868 6263 906
649924 1450 2934 2519
649941 1508 1272
649953 3561 4806
649979 486 1955
650010 2886 811 2734
650022 8845 3752 4762 3576 2350 169 9270 8775 8070 4517 279
650135 4921 1889
650156 6246 1035
650175 81 2910
650177 4015 8193
650202 1273 4691 4298
650218 8568 2805 3556 4804 2879 8091 3077 1516
650274 2419 4298
650320 1545 8802
650353 2984 8484
650519 3491 9085
650546 8548 3403
650614 6609 5356 6487
650717 3073 1593 2535 188
650785 4966 5393
650871 4806 6227 2606 5693
650930 4454 1891 3311
650995 7199 6375
651061 4283 6164
651078 469 4555 4691 2350
651248 2303 8568 2387 983 3175 7409 8033
651258 5376 1236
651280 226 9057 9214 3470
651327 6375 8803
651369 5302 8585
651383 2502 1752
651429 7302 7742
651476 1974 4411 9304 4831
651495 8548 2838 1461 6629
651543 3004 8746 2314 4691 1496
651602 4968 4691 8273
651735 8326 2925 6751
651807 1031 2350
651903 4444 4568 6453
651904 8215 4203 1957
651909 965 3223 7742 6933 2252
651979 7742 5171 2827 6638
652067 3982 3864 4574 1083
652123 4891 5693
652160 8785 3973
652180 8713 5393
652270 8559 189 3271 6955 831 2881
652298 1473 6881
652409 5331 2620
652622 3731 8937 6666 1636 1482 6413 3143 615 5521 2873 1223 7839 6746
652624 442 6971 800 5738 3292 4444
652657 6933 728
652693 4212 7993 4806
652710 1983 18
652769 4965 8775
652875 186 4806 9349 3493
652942 2550 1426 5156
652957 8744 1277
652974 5501 2642
653078 1330 7823 2254
653095 906 6581 7624 5119 2037 3163 1681 4801 1433 8464 7198 1114
653096 6195 4402
653126 8593 1131
653258 4806 2678 2138
653297 8488 188 4217
653320 601 1681
653352 1959 3431 5171 5738 247 3427
653353 5013 5376
653377 5664 7781
653385 831 6009 1968 2533
653463 4271 288
653538 2376 4345 339
653598 7523 2620
653620 3441 3556
653685 4126 8901 4928
653705 3678 4655
653756 6933 805 3143 1636 9061
653806 4139 3314
653820 442 3431
653826 8921 9304 6933 469
653842 4263 8775
653850 709 3034 8627
653978 8775 2914 7634 1347
654024 4029 9176 2633 6063 2571 3959 2156 6375 5513 6288 9228 8024
654147 7580 2197
654337 3071 8321 1119 8695 979
654400 5 8320 7349 6093
654416 4986 1651 5198 8548
654544 1498 3395 3207 4054 8401 4298 2449 717 1778 2226
654602 952 188
654641 8860 8724 5083
654673 6746 51
654706 9014 469
654710 8713 8265
654742 5415 5198
654802 2984 1738 2739 9288 3271 5393
654849 5212 9286 5136
654917 8590 3431
654944 1330 6423 4701 7485 8165 7507
654971 4876 5297
655034 8970 1847
655057 375 5521
655159 6396 4691
655185 2670 7774
655197 2984 5224 7942 5302
655218 2033 879 1532 87 95 831 7319 1114 8659 3678 6933
655238 857 1099 8033 177 6399
655273 2166 2534 8131
655545 3235 1651
655576 2278 3893
655586 4446 2340
655605 9016 7039
655636 4965 4633
655710 9101 3739 5024 8449
655716 2964 7801
655776 4928 5024 7735
655864 9049 3561 6940
655903 5510 7832 7801
655915 6277 8718
656033 5376 849
656084 6479 5156 6987
656196 9101 7979 7781 4263
656198 3678 1916 3441
656245 81 2591 4802
656247 5072 4760 6089 5172 7300 6375 1790 8355 8318 7741
656268 3194 1238
656278 7072 1461
656335 1347 8785
656512 9273 1363
656688 2283 2256
656691 1826 6138
656812 1073 8118
656999 2050 3234 1670
657108 8355 8091 375 5814
657120 7608 6007
657312 7735 4806 5032 7655 1842 4691 5592 2719 3493
657370 1119 1030
657411 6381 2548
657463 3778 7742 7425
657477 2884 4876
657510 3143 2350 1862 6987 5818 702 7523 1953 1842 35 2742 5024 7072 2042 5161 838 6158 7824 6164 1275 1471 8568
657530 7768 339
657576 2025 5081
657581 7839 7830 268 3935 5215 3059
657607 6164 1324 5024
657676 2609 5791 2652
657702 9101 1004
657709 520 4203 5 3271 5376 2746 1065 4554 9101
657766 1166 415
657800 5118 4152 4212
657807 8464 1889 8845
657938 827 8482
657997 4691 4139 7311 343
658072 520 1773 3431
658077 6244 1953
658091 375 4607 2984 5331
658140 2755 161
658159 4272 8659
658176 7760 1719
658201 8568 4083
658228 6240 2881 3493 5025 5376 4978 2328 6605
658318 2303 3445
658390 1889 7397
658524 8178 6807
658656 6313 183
658698 5896 221
658794 6113 8944 4577 3292
658810 4793 1379
658813 2984 7481
658958 5679 8179
658965 9292 8695 1461 2067
659162 6955 3398
659242 2325 5995
659429 4691 5671 8590 1608
659467 656 6390
659547 5327 2619
659576 3292 5040 3090 5578 226 5022 3658
659631 8464 7919 668
659641 1461 1387 6833 4876
659660 1778 220 4208
659727 9118 8469
659739 1898 504 6626
659805 6007 1838 1684 9240 8791
659859 448 1330
659864 5682 3061
659870 7577 656
659875 5513 5538
660058 2849 4272 9270
660060 5620 3631
660120 661 5567
660197 8179 1253
660245 4702 3233 4126 8465 1738
660286 8493 2670
660344 7331 4745
660371 4502 8349 3292
660533 4806 226
660544 6912 4008
660592 4633 5118 1529 4260 4000 3419 6861 6581
660625 3073 6170
660653 6164 766
660704 1722 5592
660788 3233 9014
660833 4554 5115
660868 8892 1114
661033 3290 152
661057 9213 396
661073 5675 831
661098 2376 8718
661111 2226 1058
661119 6955 3292
661143 6501 1348 831 2357
661149 1273 8307 4691
661217 2625 7775 4083
661227 717 4586
661231 3292 2827 226 375
661232 8807 6375 8186 6944
661264 2775 2620
661268 9356 5510 5680 1309 4937
661317 3271 3511 2535
661351 906 4891
661376 2216 1968 4986 4963
661416 6244 5061
661431 3143 4691
661479 6170 4554
661510 7543 7621 7581 7120 1273
661614 4966 4652
661646 7781 4172
661657 857 1503 6688 5269 9157 8321 8746 2996 3447
661694 4056 4892 5680 2722
661747 6248 2984
661758 5022 831
661774 9072 5055
661796 8413 5534
661798 8321 1253
661800 9102 5356
661807 4793 2535 2110 2873 2822 222
661820 2414 5633
661839 3431 205 2043
661923 7043 3261 359 186
661944 2444 6138 3678 3561 4806
661979 2025 5457 3226
662071 4152 3845
662178 8045 339 5948 7647 1324 6417 3679 5578
662218 2678 2238 3797 4476 9072 2075 6605
662263 2890 3547
662291 5513 8321
662325 4806 4277
662334 1653 2690 1636
662338 1273 9178 7938
662355 3381 5921 5509 3016
662459 6933 1358
662545 4042 4208
662586 1651 8548
662600 8785 4806
662787 890 489 3602
662883 6333 8659
662956 1049 7631 811
662972 4873 3678 2774 1296
662991 1733 5032
663049 5022 3893
663192 3475 979 6082
663197 2805 2727
663216 9292 4196 2067
663249 7839 8115
663308 3604 5245
663356 2254 7943
663489 469 5024
663495 6605 2125
663551 1482 6581
663587 3799 6832
663590 761 6846
663598 4271 268 8724 4298
663625 2294 7580
663666 4203 8485
663720 7361 3556 8022 7735
663733 9317 4375
663950 4808 6605 7651
663958 702 3018 7798
664028 448 7692
664145 3893 805
664155 7580 8937
664222 3143 7454
664267 3226 1311
664388 6113 965
664396 5376 5171
664401 6375 1185 6933
664451 2298 4767
664566 2984 7435
664577 1651 4056
664604 6327 1113
664672 4364 1473
664682 3419 1790
664687 6469 1651
664712 7835 7689
664723 4271 2052
664752 4699 3559
664829 5329 8877
664845 6975 831
664957 4691 965
664996 4083 7481 6248 3216
664997 1262 4876
665017 7823 2966
665119 6605 1832
665125 857 2085 9371 4996 3165 8757 1408 4231 4618
665135 8819 5032
665170 6671 2173 7634
665225 3778 8321
665250 835 3168
665258 3102 2845 7609
665283 5393 421 4806 1010
665378 5269 5181 3120
665401 9118 3271
665430 1968 4298
665451 7210 1135
665478 6067 5171 6170 2314
665486 6195 1722 8464
665528 7943 7622 2450
665570 3233 7228 183 9292 9213 8464 8845 831 6065 4752 2805
665588 7131 540
665733 194 2678
665775 3281 5508
665821 5872 8541
665840 4466 3475
665882 2373 5590 6635 7992 8443
665885 4615 7267 8875
665898 1419 6944
665940 808 188
666045 4790 1473
666048 8568 4047
666078 4806 5171 5202 3840 4597 8724 5181
666114 3556 1073
666200 3233 2303
666214 8537 5490
666247 8042 167 469 7298
666301 3752 9371 6164 8105 4298
666455 5438 8321 3956 4691 5529 1738 5376 9214 8785
666599 1651 1447
666654 186 909 3576 2278
666687 5125 7312
666713 6313 1311 4408 188
666724 6067 3207
666779 2984 2620
666810 8321 8789
666853 3644 972
666920 6480 2376
667014 7639 9306
667030 965 3395
667167 898 5032
667169 1024 4691 1262 2085
667199 3893 4305 5356
667251 54 2511 4125
667345 906 4263
667359 2227 9072
667362 7165 2328 4133
667396 5376 8737
667416 9228 4631 2719 226 6840 8724
667492 8906 2642 1253
667499 8632 4928 4212 667 1891 4298 849
667518 611 3234
667605 3493 2314
667620 7008 4777
667646 909 5393
667657 3271 6818
667703 3165 4217
667713 2984 8091
667718 8590 5529 7214 2246
667780 3475 1461
667929 2350 6733 7255 4821
667930 3234 2791 3163 814 3792 7812 1010 1968 8464 2788 5708 2984 3982 4396 220
667986 6368 7449
668017 7839 5171 375
668040 4373 7043
668113 9292 3075
668218 5280 8568
668277 991 5738
668299 9214 8568 965
668306 833 6581
668335 8637 4554 520
668365 890 6933
668397 1872 998 8637 520 3475 7865 1690 3778
668610 2678 5162
668628 375 6746
668659 8413 2532
668711 339 5022
668856 4182 2984
668876 2934 2062
668904 8471 7920
668942 8568 375
668951 1442 3630 1733
669039 1461 2716 1964 2746 3573 1720
669045 7329 8932
669125 9174 1645 5181 4371
669131 6629 375
669165 8737 5376
669206 8321 8559 7481
669229 9292 226
669241 2586 2984
669292 2328 906 5032 3292
669339 969 7692
669361 5921 8321
669368 8314 8718
669374 4203 4396 364
669508 3678 6933 2379 9 2350
669633 6447 8236
669731 8464 1442 831 7485
669753 3752 6170 8608
669760 3586 5510
669784 7608 4402
669808 4577 226 8067
669870 6847 1941 5509
669883 186 5356 152
669939 9292 8033 560
669961 6427 3107
669969 1680 1216
670007 5550 5086
670031 3576 6671 1273 3237 7943
670137 4691 7735
670176 7609 1238 2301
670223 4196 4113 8568 7163
670261 6933 4691
670322 2946 1508 8847 6751 7847 6609
670341 3493 1468
670375 4670 339
670396 4806 1653
670454 7481 811 5513
670515 1448 7712
670550 8875 6288 5843 4312 7631 3556 952
670614 6447 8379
670668 7577 7290
670681 2308 8541
670831 5224 6186
670947 5538 1410
670967 906 2734
670995 7577 421
671004 1109 7240
671073 5438 7668 9101 3731
671119 3234 6063 6612
671138 1333 5478 3237 9171 1311 448
671158 4444 1636
671259 8281 928 384
671280 831 2984
671286 4574 3102 4444
671297 1498 5356
671310 4298 1889
671352 5112 2303 6755
671378 415 3778 453 2681
671467 1722 4873
671506 1784 2636
671522 5675 5797 3233
671549 5218 6987
671615 7298 6668
671673 2589 2271
671713 2085 4133
671837 1651 1570
671852 4806 831
671894 8601 9286 5183
671907 6933 9082
671914 991 1237
671933 604 3678 5573 4752
671934 2879 2746 3623
671959 4366 2085
672022 6933 6423
672050 538 8775
672128 4691 220 1419 991
672147 4298 4231 1273
672148 6288 7162
672228 8464 5583
672390 4762 4272 5393 4376
672392 2510 957 2984 1148
672577 5024 3226 851 5022
672584 5 4446 7170 4298 6164 5513
672639 957 7507 1655
672775 4369 6678
672860 6798 1311
672899 3970 8240
672978 6605 763
673016 3105 1324
673044 2289 4466 5565 8449 2886 5376
673125 7928 3880
673212 8937 8321
673224 2239 838
673230 5686 7735
673257 1277 2256
673314 1273 4214
673320 2822 4126 8033
673374 7622 1461
673458 1738 4444 8875 1683 1015
673513 6336 5001 3097 469 7839
673530 811 4928 393 7274
673540 8764 4133 6390
673618 4456 3493 1114 8520
673630 6996 4856
673668 1968 7409 9317
673749 6198 9072 6987 1292
673784 5356 2541
673798 2873 7580
673845 2045 9347
673861 2246 4407
673879 8321 4238
673946 4824 9159 6227 5022 7099
673959 3586 5645
673969 3126 4801 8464 1636 6594 1344 8996 8024
673975 8727 2289 5306
674062 7848 6212
674069 2347 5083 7649 5538 3698 2571
674076 3586 9101
674147 448 7068 9101 6235
674169 1273 7760
674197 1604 8115
674238 7655 1844 4196
674375 7624 6581 6375
674425 1872 7865
674486 9185 7276 1114 2652 6671
674507 3282 3221 3035 4000 2323 2289 5889 1248 5739 1273
674538 2337 3284 2101
674559 9238 5
674732 4806 5331 3664 703 1959
674743 2173 6067
674758 827 8548
674865 6671 7959
674879 6248 421 2463
674935 7577 4139
675079 2085 3234 890 5213
675109 1666 7801 2350
675111 2710 2651 2874
675114 8187 5024 3150
675122 906 3740
675180 3163 186
675363 5738 3590 442 3292 2239 4796
675395 9332 8730
675442 7481 469
675485 6248 2984 7830
675506 2154 6142
675547 5332 6361
675554 1371 4806
675660 359 6315
675687 5517 87
675693 7606 3862
675732 5024 87
675772 3370 6548
675832 4126 94 8795
675848 122 7299 5543 490
675871 1387 8857 7298 2250
675879 7727 489
675890 2314 8568
675974 1442 7622 5814 5331 3893
675982 2085 1471
676183 5513 831
676189 7824 5457
676195 3493 1105
676222 4607 6987
676240 7523 3235 6313 9150 7426
676253 7481 2350
676287 3163 831
676307 6612 5331
676533 927 186
676612 1892 4126 6679 7742 520 3793
676798 906 4806 6129
676842 3272 3165
676938 359 7450
677028 601 6822
677040 9050 3908 7609
677152 8548 1651
677204 6612 4263
677244 4517 1140
677260 7290 6720 18 2874
677293 5041 3183
677299 1684 7858
677361 6067 5022
677401 6912 2119 5866 5024 4298 3143 3652
677430 8548 1461 7832 7567
677436 5705 3630
677460 5808 4942
677477 520 4785 7938 7992
677527 3630 4691
677619 73 8329
677686 5022 7228
677721 4407 1681 5485 3841
677726 5022 6375 4298 8820 3562
677792 5086 6101
677814 4296 468 7742
677878 733 7485
677895 7045 2620
678093 7735 8219 343
678126 4174 4298
678145 5123 5671 4554
678178 3163 4272
678200 4464 7933
678354 2964 4810
678373 898 8775
678374 5032 8724 7920 2652 7540
678435 2085 7523 8089
678465 4293 3451
678522 617 9101
678530 1273 8321 826
678543 6375 4298
678551 4691 1974
678561 186 5739
678643 1790 7043 2984 8581
678681 7183 7481
678710 4670 489 5355
678730 186 3678
678822 831 5778
678824 3272 5472 7865
678960 6809 7545 5057
679008 152 3604 7577
679009 3893 4691
679017 6612 5331 2350
679020 5302 6248
679059 1140 1956
679069 3519 7622
679076 51 2873
679323 3234 5371 2350 4888
679360 2620 6605 1110
679381 4806 6438 758
679384 5357 9040 5302
679390 1959 5245
679421 3590 2241 5565 1330 2855
679443 4873 8590 4389
679516 6080 1217 2490 2874
679652 2154 7661 6390 7481
679655 1029 4021 2727 5249
679684 2350 5682
679720 2109 8637 8584 4925 4912 6088
679729 2231 7377
679749 2256 205
679761 3562 3662 405
679788 6133 747 1439 8701
679807 6288 9176
679812 2996 3653 4806
679832 2014 7114
679987 896 714 2701
680090 2293 5590
680125 8294 704 279 6082
680172 974 539 2678
680316 4806 7061 7742
680415 8955 2138 1217
680428 1347 5798 4042
680446 7655 2984 4260
680471 5895 8568
680525 1347 4691 6822
680686 3292 7426
680717 7481 1114 928
680781 6310 3397
680817 465 9049
681022 6581 991 5675
681088 1010 6996
681224 6375 5632
681227 6933 3475 22
681253 463 3897
681303 3140 1330
681330 2414 2745 1311
681554 415 5143 7298
681562 5896 6746
681595 5331 6846
681639 6288 5738
681667 8500 3576 6375 1547 448 6432 6005 991 8464 5032
681749 7796 3233 8718
681912 1953 7577
681943 1340 5086 4965 8022
681979 1132 3880 6048
682019 3806 3893
682036 2746 5376
682046 3086 5592 6936
682082 1979 8775
682095 4767 3520
682100 7481 7449
682218 6158 1351
682224 7425 3431 4466
682245 2589 4187
682293 5590 3272
682300 4803 7830 2670
682317 8109 4965
682324 7481 6569 3493
682360 2555 969
682420 7481 6832
682476 2984 3234
682485 703 6933 3893 8659 7896
682527 9101 8537
682564 2241 1018
682588 7577 4466 4554
682732 6413 4214 6204
682733 2874 188 3381 7430
682739 1930 7869
682761 6878 4812 2984
682773 222 6331 8959 7481 3959
682894 3071 1554
682926 6807 3678
682932 3562 7431 7340
682936 6007 8377 1371
682975 7131 6746
683052 6313 1461
683089 1026 4806 8974 6846 8026
683182 1015 3292 6362 8606
683242 3766 5425
683258 5376 2858 6720 8360
683334 183 3235
683352 3827 4898 8765
683378 6678 2607
683407 2350 5627
683421 3586 6164
683453 1547 6390
683454 5083 6549
683480 2571 9253 7645 8724 2301
683492 2855 4649
683508 6158 155
683522 4615 738 2350 8152
683563 7331 3862 7869 222
683565 2182 9101 4444 6390
683574 8091 375
683669 2571 6390 8588 1738 5699 3852 5032 5744 8724
683702 1140 3292
683704 5081 7061
683755 188 1114 5356 3237 5171 3075 6671
683782 1514 4754
683786 6007 1312 2166
683813 8724 7920
683815 2625 1156
683832 6277 4951 1941 2984 2746 2110
683835 6434 5171
683943 4042 2044
683944 5118 2874
683992 222 9118 5245
684040 1029 1277
684052 9286 6512
684064 6671 4806 6390 375
684158 1454 2681
684265 4670 4317 6009
684519 4835 1604
684692 4121 1454 7210 4139 3534
684710 3314 3233 8321
684739 7832 8902 8091 928 4691
684818 4986 6870
684923 6164 539
684980 4806 87 7801 3234 2984 4955
685076 7580 1277 6635
685096 2376 7496
685119 8659 1237 226
685179 4971 5923 4691
685261 4616 373
685311 8739 8608
685369 7155 188 2751
685372 383 8091
685480 9065 3752
685493 7314 1898
685500 2791 448 2289 8026
685543 4790 7817
685560 926 8659 226
685611 8548 2414
685621 3176 7390
685653 7622 339
685818 5521 6933
685850 1026 8638 9306 2746
685913 6063 1324 6609 5024 9286 761 4691
685989 5288 8151
685994 7449 5916 1387 5529
686003 4093 6375
686005 9082 4078 5171 2992
686033 2310 5633
686095 2518 8972 2652 906
686140 4806 6047
686150 4710 3752
686153 5895 928 8152 5212 3661
686197 3893 7043
686289 1073 6313
686304 8795 7268 989
686306 8569 7832 2350 7943 5592
686510 8659 3893
686585 9017 1018 4395
686670 3488 7959
686687 1102 1029
686749 6541 8033 5158 6728 5
686788 6336 8860 4008 3296 545
686833 2984 5171
686970 2065 8652
686982 2954 1651
687007 1857 4469
687025 3740 1681 758
687049 1371 3678 8681
687058 3602 8473 7808 1148 4691
687098 5345 8413
687105 6313 5393 9286 3431
687182 6720 3893
687223 6605 8541 415
687354 7456 5579 7702
687425 5376 6933
687468 1328 7788
687471 2238 8582
687489 3558 5086
687503 346 6996 5171 3105
687534 95 2275
687630 8659 4951
687643 6888 7272
687646 4792 675
687756 6042 9157
687898 4691 6375
687919 716 2003
687950 6313 3237 3556
687984 2966 6987
688000 638 2298
688039 5738 4126 7202
688134 4615 6933
688194 448 8671
688236 6671 489
688389 5738 2173
688438 8654 6933 952 6288
688473 1454 585 3633
688503 2719 6671
688647 2805 9213
688764 1941 5356
688884 6609 8637
688897 4592 6987 2350 7581 4083
688915 5356 1344 186
688941 3752 9065 2231
688978 1554 5876 6605 991
689108 3888 1865 4018 4444
689153 5693 4948
689164 2535 1194 5171 9214
689187 1636 4876 339
689193 8050 4140 1836
689212 7832 3309 4577 94 9162
689225 932 3475
689231 8548 339
689355 802 1649
689392 9316 1277
689417 3590 7923
689443 8576 6044
689482 2952 1720 23
689497 5578 1113 5269 3752 9338 952
689499 1279 6581
689511 8761 6871
689541 2984 952 5478
689597 7742 3216
689673 5314 8923
689735 5513 3586
689756 3678 2793 9101 3586
689767 8692 2168 4126
689841 9101 3226 1461 4806
689859 9081 5393 6375
689943 2984 1277
689998 5032 2934 2037
690019 5538 4252 8314 417 3530 3436 194 375 3752
690035 965 8780 9213
690182 6288 1514 3216
690188 2984 103
690196 7634 1631
690290 8413 2357
690305 4125 898 4801
690387 2256 7043
690544 7865 1651
690552 4691 6581
690743 4691 6808
690810 1383 4922 4133 1474 5790 7210
690869 5357 1133 186
690900 6944 3292
690907 369 2350
690978 8548 4876 9292
691144 5376 2993
691171 8765 4876
691188 3194 3105
691227 5356 4560 8724
691236 5538 1959
691389 2166 9304
691409 1189 2289 9304 5816
691454 3107 4059
691481 4801 7942 5356
691485 519 1681 3871 7936 8629
691514 6609 1337 5376 8098
691611 1570 199
691624 5852 6199
691633 1089 7892 2024 5910
691634 6933 5022 8659
691680 8818 8548
691718 4808 833 4881
691729 1081 9093 7043 8932 339 3148 1699 2414
691734 2069 4298 3493 9306
691771 4889 1029
691786 9014 7875 4554 6158 1680 8098 5376 7824 5849 5642 7523
691852 3630 3493
691865 6706 2678
691940 1029 7575 4464 168
691991 4691 4876 3602
692031 375 5693 8512
692069 7634 6423
692087 6933 2115
692194 6288 1330
692250 6933 2646 7299
692252 4554 8286 1328
692254 4126 8795 3311
692366 1461 6463
692556 7238 1849
692728 8314 3840
692739 4691 6786
692770 5472 7178 9315 7072 4937
692861 8765 4139
692890 3556 1018
692909 8413 7768
692950 6520 8816
692958 7824 2984 1330
693010 8179 339 9213 7157 8548
693069 2976 5356 5778
693102 4650 1387 7980
693127 1639 8568
693150 2231 6113
693173 8680 6537
693233 5032 9101 6609 4806 5510 5675
693291 222 5645
693329 2241 1964
693472 5331 4806
693510 4674 4956 7449
693531 2350 7331
693587 2001 3226
693599 612 9213 5538 702
693624 8590 1311
693684 7920 4407
693726 6312 4806
693736 5889 7728 2246 4983
693747 766 8860
693797 6878 7577
693831 6138 805
693855 1405 4203
693968 6912 1778
694017 5778 4498 8802
694050 2822 7801
694095 8179 4360
694183 4795 2678
694194 4691 4806 2984
694319 5331 5356 4806
694325 561 4466
694368 3475 339 7622
694392 2114 4287
694511 6548 6244
694540 5302 491 5162
694599 5244 5680
694708 2271 3752
694824 73 2878 886 1070
694844 9072 5224
694847 2788 8568
694921 1316 6248
694957 5024 6313 5620
694984 4042 7655
694993 3061 8945 4849 1957 4365 8011 1930
694994 4466 7541
695138 3475 675
695154 3910 6288
695213 9305 8477 7967
695246 3216 2858
695254 6158 2350
695286 6164 4271
695293 4323 5356 7735
695457 9124 4615 898
695460 5627 2984
695546 5386 6746
695583 2173 6501
695709 5425 103
695734 9214 9 4577
695783 4965 4223
695784 1888 3905 7800
695805 7061 4806 6539 3766 8785 966 2914 8637 991 3493 1725 6840
695829 7319 6080 2820 3143
695874 6081 1461
695918 2000 1649 8541
695929 5903 5095 2342
696024 2289 3255 3721
696026 5086 1953 4772
696093 8050 9292
696101 6955 969
696146 9286 6129
696189 6685 8957
696216 2984 8559 6390
696232 5738 2294
696305 2254 7117 8003
696387 1018 6288
696405 5356 721 2964 8853 9065 6136
696423 6671 4263
696488 7329 3849
696557 8637 6832
696560 1842 1010 1387
696583 6206 448
696584 8548 7622 4287
696586 5738 5778
696633 4965 1957
696692 186 5955
696711 3880 8659
696738 5171 520 4806
696777 5356 5852 8464 3520
696845 2509 7306 4792
697017 3431 3854
697054 5559 7403
697066 906 5438 879
697146 1273 5356
697165 9334 7433 3107 4801
697168 8477 863
697184 216 898 4792
697259 6423 8464
697453 9101 3292
697465 3803 8459
697489 766 470
697527 9101 4806
697545 1955 3419
697583 5032 4691
697593 4810 496 9159 6277 9251
697882 1533 1547
697946 3233 7800
697994 2864 3445
698026 2805 2984 3292
698033 2984 811
698067 3280 865 5056 3765
698177 5302 8219
698207 4298 6695 8050
698238 1461 1029
698387 9213 1959
698469 2450 7206 8156 6113 3292
698554 9101 1468
698582 8484 5376 4806 6840 4691
698627 6721 4767
698940 6569 7335 2881
698949 7507 1734
699062 965 811 6987
699082 6612 5331 1345
699103 3292 831 3752 1311 5245 6113 3016 5356
699105 5693 6170
699136 3384 9228
699231 7801 4691
699246 1253 4694 2727 6390 3602
699250 9033 1330
699300 2350 3051
699331 8505 8883
699486 7228 8443
699526 6825 4965
699715 6067 8659 3893
699907 3836 828 4396
699920 7609 375
700015 8321 8590
700019 1026 4806 7958
700108 4806 1114
700115 4622 2111 3165 5693
700151 6390 5629 6067
700172 3678 1554
700184 2873 3602
700360 346 4891
700392 2308 2966
700426 7942 2530
700431 5297 4691
700502 5024 256 6746 3630 222 1011 3670 4821 5738 5302
700585 4498 448
700616 87 4948 396 9036
700673 5682 799
700678 9024 831
700740 6842 567
700961 4793 5810
700998 2166 2964
701034 1968 448
701174 1778 3431
701183 2350 7692 5534 2827 2035 5356 5022
701283 7331 2357
701382 5393 7735 6612
701396 2289 2609
701469 9327 6746 2414 1410 1968
701477 1968 4761
701554 1184 4702
701564 3930 6933 3606
701588 4080 4801
701593 4517 2227 831
701625 3107 8590 7481 8668 3563 6987
701630 1387 3556
701662 8787 2166 519
701717 3223 5415
701738 51 1968
701765 661 7043 3589 8500
701786 4466 4554
701804 4793 6306
701830 3556 3415 4691
701850 4102 7426
701908 6671 2138 4053
701919 6244 5269 8765 8413 465 4694 9292 8681
701994 4210 1849 9163
702003 8379 1868
702005 9214 3233 9368 5060 375
702106 2376 1653 7523 4554
702187 5921 256
702233 4298 7747
702324 7949 7661 1360
702342 3893 6091
702359 9101 2976
702372 1051 5818
702376 7580 2984
702441 6779 1392
702446 2908 7679 9337
702477 389 4785 3292 2069
702515 7505 6581
702519 3893 7800
702587 7747 2914
702606 2419 4208
702613 2827 6861
702731 4238 2484
702733 8052 3544
702838 2984 1921 8314
702880 6164 4056 4774
702896 5393 8569
702974 469 2085
703059 3124 4943 8042 9176 3949
703099 5457 188
703169 3235 6648
703194 4701 5738 2350 4615 6080
703221 7509 2419
703256 7824 4806 8944 928 3168 5497 9101
703353 9303 9304
703394 1073 2822 965 3061 2003 6987 5510
703419 4691 1324
703452 9228 8984
703453 375 1236
703489 2843 2773
703513 7012 8765
703520 9305 6933 811 1049 3051
703557 4402 7843
703603 7832 3752
703660 3475 8130 1119
703666 6248 6987
703692 222 1311
703700 3207 5778
703773 2376 5276
703778 6390 5830 4298 7943
703796 8965 5086 4271 2964 1184 4408
703846 2357 183
703894 6312 966
703904 6288 6313
703986 5693 4806
703998 8695 4812
704056 4510 6272
704124 8488 7781
704130 7801 8953
704280 3237 2550 4444 188 814 2686 1953 1253 343 2350
704331 2356 3645 8187 5086 7609
704338 1029 188
704407 3120 4892 4859
704430 5738 1889
704447 6666 2550
704508 2555 2179
704553 3304 2864
704596 6375 6552
704605 6734 1164
704646 2535 2746
704806 4691 4196 9228
704837 6439 6375
704883 5269 2984 6336 5995 7917 5035
704920 8579 9315 8318
704938 5605 4231
704955 9176 5627
704994 8853 4298
705013 6082 9024 917 5497
705044 3547 5171
705045 396 155 5632 7206 6933
705175 5682 2550 9177
705202 792 2378
705274 5557 8355 4189
705288 4126 5680
705366 1461 2607 8730
705368 2914 8464 6390 7482
705460 4691 4806
705502 3556 8042
705517 2075 7680
705573 1656 4407 8488 5022 601 7942
705621 4633 4180 4983
705628 7481 4762 8314 2625
705698 7430 4870
705792 421 3493
705851 1273 1029 8493
705881 2296 2350
705904 3493 6933
705913 4574 3275
705975 6085 3290 5136
706037 2956 415 2540 5256 1253 1211 9316
706043 2226 3556 5726
706052 375 4793
706081 152 2633
706094 4691 4876 9197
706157 6375 4298 1248
706227 6994 6612 5784 906
706328 3561 8236 7462 5458
706331 5356 6766 991 1778
706412 6244 8493
706430 9277 8013 9036 226 5587
706484 2308 1199
706544 8548 8978
706746 7832 4560
706779 3216 5770 8961 8785 6609
706838 9292 703 1968
706899 952 4803
706936 9304 7629 4691 4208
706944 7830 1778
706948 87 4810
707105 339 1651
707125 339 1968
707192 4801 8321 7923 6581 849 6129 6288 1029 6164 3105
707221 3105 6142 1057 8659 1547 1725 6423
707233 3367 6720 3576 1262 504 3604
707302 2350 4498 3631
707399 4859 8853 9185
707439 4722 8486
707464 2308 9157
707512 3257 9261 8033 1700 2827
707533 7255 928 8724 5331
707558 8853 4965
707611 7446 3475
707641 8379 222 9213 926
707804 9101 2881
707981 3731 4212 8803 4985 1273
708032 942 6129
708054 6248 1114
708077 2037 5738 359 5100
708111 2984 6288
708259 1058 8320
708281 5171 5738 4806
708369 7830 1606 688 9184
708398 5513 8739
708476 8775 7781 906 6671
708605 1485 2982
708619 5738 1184
708804 1461 6205 1632 6003
708848 3556 4615
708872 6846 5162
708928 2750 2734 7099 4462
708935 3163 4876 9201
708967 2316 7481
708999 205 6671 2463 8033 6742 835 4785 2065 5060 5391 6114 5693
709062 6147 339 9203 7622 2414 7974
709068 5119 8326 3292 6164 152
709109 4486 2491
709275 1626 6082
709301 1533 4181
709356 6733 5682 3226 2350 6987 7832 2843 8282 6480 6423 3120
709400 5908 1181 6629
709403 8464 4849
709412 9014 3233
709438 8321 2376
709619 1309 9306
709640 5083 7959 3893
709705 2984 5331
709791 3310 5760 1964 375 7688 8781 7702 8091
709840 1968 3441
709845 1018 5224
709867 7943 5408 4517
709893 5354 3893
709894 7298 5620
710005 814 5513
710023 2753 3748 5592 8050
710073 857 1029
710089 8659 3658
710154 8724 1653
710346 5078 6158
710350 4996 2932 9024
710363 9163 2996
710382 7962 6596
710400 186 4444 5852 4821
710450 7228 3233 5915
710451 831 8637
710537 375 469
710599 8724 6678
710622 4444 7982
710641 5521 2944 4745 6309
710650 4650 4059
710666 6065 3631 4744 450 8364 8300 4721 1585
710669 6846 5162
710690 2589 4868
710769 3431 9002 2303 7037 7824
710783 1681 4683 2578
710834 4104 1324 3666
710913 220 4290 1058 9371
710918 898 7781
710929 4795 323
711150 1733 9082
711205 1968 1688 6415
711275 5200 8496
711311 6720 7577
711396 186 188
711427 3292 8054
711443 442 2069 7481
711497 3561 3303
711529 1119 5200
711561 9140 5732
711721 5919 2303
711748 8659 3658
711868 7862 4140
711997 2269 9176
712019 6240 6158
712028 2619 5682
712067 7043 5302
712071 1204 9049 8681
712072 5335 8050 3547
712090 7788 1456
712142 7523 7446
712211 4965 5843
712252 6609 2085
712260 4151 4042
712310 8682 1836 155
712317 1959 2541 5565 5245
712359 152 5171 2984 4104
712394 381 5583
712398 8524 220
712402 3766 6138
712480 4208 9185 520 3381
712506 4554 3381 520 4212 18
712546 2729 5738 5024
712548 6288 1110 2036
712552 1164 5022 2278
712572 1547 8765 6808 728
712603 2984 831
712637 9033 9313
712669 5082 5393
712699 9316 5590
712733 5376 3226
712860 415 4135 1945
712861 6173 1651
712875 1784 6671
712877 7226 5006 3051 6746
712907 1895 2984
712915 7622 7917
712943 7241 5513
712945 728 7661
712978 5325 6288
713014 2984 6621
713043 1849 5083 1631
713074 4806 831
713159 4928 8033
713232 469 9143
713241 4691 2518
713342 7126 8653 8606
713345 4208 4517 3678
713395 3207 3067 1552 7493 925 2689
713408 2858 5224 2984 5921
713503 4806 4762
713616 2425 4722
713640 4752 2278 7967 3493 7609 800 8484 1738 876 4407 442 3547 3292 7920 5100 6186 7737
713646 4934 7430
713656 3880 4652
713679 4891 4425
713857 8089 6609
713877 4430 763
713994 694 3087
714076 7027 5171 8579 4235 5024 7609 7971 7350 1892
714178 5738 3731
714221 2510 2085 6987 2350 8590
714233 5824 4752
714291 831 2914
714346 6774 965
714350 6198 7800 3226
714374 612 6529 3963
714421 1844 7299 8961 9035
714458 3284 8548
714566 4354 3678
714654 4574 6082
714738 152 866
714774 1754 1653 6170
714854 3105 7037 1997
714877 1608 2746
714886 3207 3105
715005 3057 685
715089 2231 5082 8978 906
715113 8775 2468
715221 1954 1771 9361
715240 2278 4808
715272 5468 9108
715287 5442 8802 7072 2566 7012
715308 3680 107
715355 2025 9354 9292
715384 4691 906
715491 1059 5081 855 4323
715607 4453 5224
715617 2050 7198 2984 4779 8094
715627 639 438 6117 1637 435 8161 356 9237 9213 2350 2764
715677 4000 7262
715696 7781 1957
715698 6485 1651
715756 7737 2881 442 7781 6671 4932 5625
716013 7396 7737 7550
716048 4806 8469 1895 3271 6933
716070 6987 831
716162 8400 3233 5478 7634 965
716166 4691 6933
716226 8648 220
716289 3904 7575 3586 3678 4978 4691 3673 5682
716428 1201 188 6044 8321 186
716484 7651 1029
716503 686 6066
716553 5356 1454
716640 465 6933 8590 4691 5778
716725 998 3749
716752 5171 1029 3493 405 3111 7774 6671
716773 3226 7397
716848 3107 51
716934 4806 3778
717057 636 8050
717071 5578 3493
717106 1636 2625 1552 5003
717142 1625 7942
717208 6198 1119 682
717314 8897 6288
717339 3649 1968
717354 4722 585
717367 2056 8292
717487 4228 1461
717506 6390 87 8724 7645 2984 3752 3556 9024
717544 9187 8716 6629
717623 3234 4425
717695 5693 4293 1886
717705 6390 442
717780 3304 8413 6313
717824 1959 5510
717872 3558 2984
717877 935 8642
717955 7030 6603
717980 8568 6370
718082 6322 4231 1273 6888
718093 3893 6037
718119 6985 1713 164 831 5302
718156 7228 1029 6158
718162 7147 4298 1273
718185 3226 7430
718211 6569 4486
718283 1651 7345
718317 7609 2984 8013 4808
718364 6609 2874
718419 2314 469
718433 7907 3860
718471 3431 247 1547
718484 5024 8321
718517 4196 528
718583 6733 7824
718611 3233 4774 1461
718655 7524 6390 3076
718713 3176 3110
718743 917 2166 7396
718749 5866 7800
718760 8845 6629
718772 6662 8984 4700
718860 2541 8794 831 2106 7737
718872 3292 3893
718880 4231 761
718909 2236 3313 7920 6085
718972 5376 5770 6596
719014 1135 9072 5118 6134 3556
719124 4691 2085
719138 2838 2444 6940 6173 2540
719277 2822 3556
719328 2025 9072
719404 5 945 3678
719619 6987 3237 6933
719620 2289 6336
719621 5979 6912
719821 7651 2746 6067
719872 6846 8795
719921 3602 4691 3678 928
719933 6987 8568
719998 9176 4913 7480
720011 6288 9270
720178 6164 8033
720244 472 8791
720250 4235 1570 1489
720281 1240 8548 339
720441 3752 8965
720467 1151 2379
720480 1738 4471 898
720518 1253 1345
720520 6757 8512 8724 3493
720559 5786 8698
720571 6593 467 6288
720769 1030 6288
720789 4191 6824
720861 4704 7581 177
720879 6164 4774
720915 827 688
720926 4189 381
720992 6150 2350
721094 3272 8262 324 4792 5366 9305 5590
721121 339 9157
721176 3234 6246 2827 2805
721220 7043 8549 1967
721225 3423 1953
721264 1312 5438
721318 1273 421
721352 3547 7580
721363 2294 813
721364 2350 2636 7580
721371 469 3434 2350
721385 4891 1114 7839
721417 4444 4298 8659
721513 2805 2881 2205 1405
721525 39 3314
721563 6377 2414 2672 480
721738 4056 4915 4806
721744 1968 2827
721756 9061 8493 928 3678 4140 5771 4196
721768 5528 9101 4345
721822 6904 125 355
721823 4806 226 2110
721825 2578 122 3586
721854 9213 5124 5224
722009 3731 7899
722023 800 1966
722030 5693 8902
722120 1461 1073 7228
722174 152 4298
722271 6170 2627
722331 9213 8236 8590
722353 5693 3949
722363 375 8860
722467 2289 6905
722489 1440 921 4849 5686 9159 7577 4303 8724
722506 3576 4891
722520 6312 1725
722553 1242 7210 6164 6933
722567 7692 9187 403
722579 2698 1164
722589 4841 2350
722603 2827 6312 3398 3200 6336 5280
722642 5022 906
722683 8091 833 7481 3395 3547 2503 3051
722714 4896 4691 1018
722718 538 7735 6784
722726 3216 4631
722732 6205 1461 8898
722770 8659 2822
722791 4691 1608
722819 8777 312
722869 7575 5592 7199 857
722948 7567 4806
722969 5088 6288
722979 2571 226
722980 1029 1273 8803
723021 2503 4298 6629 2110
723064 6457 1503 8236 6147 188 9072
723072 7747 448
723073 5356 5438 6409
723084 4592 1238
723091 3271 3533 2746
723105 3698 6714
723109 8732 2686
723223 4466 2241 3381 4231
723227 2820 7742
723233 5513 8845 3234 7331
723254 7298 5205
723262 4298 4793 6746
723302 1508 1283
723330 4133 2025 1092 5200 5516
723338 9317 4113
723345 5032 2166
723360 7781 8464
723380 8785 2827
723411 5198 2532
723472 638 841
723513 4806 4577 421 375 1026
723600 3731 108
723671 2678 7824
723675 8659 8606
723687 378 1959 8637
723698 1968 6036 4582 4694
723738 7920 2746 1719 6551
723833 8034 1029
723852 5449 3272 7383
724014 4859 6612
724027 1119 3105
724056 3395 4865
724152 2984 6612
724157 5086 8179 7634 4691 5136 3630 2791 2111
724233 2984 4752 226
724396 7481 8484 831
724454 3772 8775 7609
724455 3381 2164
724466 5794 7622
724471 2376 9157
724483 3463 6832
724515 7523 8050 6746
724535 6235 4217
724625 1636 8775
724716 1595 703 5356 1959 189 8484
724803 6933 8091
724872 3653 1720 1311 3778
724893 52 3576 4615
725049 2303 5218
725100 7426 7764 9203
725110 1634 528
725176 5032 2976
725224 1930 9
725250 5128 1358
725322 8967 5693 8637
725335 7047 5686
725353 831 7066
725358 6933 951
725359 2350 6248 6987
725373 2984 991 3124
725423 4965 952
725446 8804 6520
725472 4217 6015 4298
725614 951 5449
725668 2003 1930 1461
725726 3051 2555
725793 9010 3891
725817 2025 381 6230
725850 3493 3431
725910 1318 2918
725932 1636 6326
725934 1240 8033
725936 8795 448
725956 5199 2226 4298
726032 7485 6050 5359 2791
726091 707 8024 4721
726118 2984 3556 8300 5359
726217 5032 4965
726234 7634 4996 1480
726298 6912 5086 7430 5778
726349 8484 5082 3772 4701
726360 7625 8081
726390 6925 3924 5502 4691
726401 1273 1778
726416 3207 6671 6612 2984
726582 6390 2144
726614 8485 381
726691 2984 2881
726735 1351 4517
726759 6955 8342 5245
726834 4298 4503
726837 8775 5538
726871 6746 8845 1018
726903 6313 814
726921 4808 3576
727044 7701 8565
727128 5035 8316 6138
727154 538 7511 7737
727186 6706 4347 5620
727349 7980 1945 6327
727445 4264 8413
727622 2258 2571
727680 7943 811 6288
727709 6609 3226
727719 4805 7414 2992
727740 4577 5302
727741 1482 3102 1347
727789 7634 3893 4806 703
727797 4338 8321
727818 7717 8300
727821 3752 1442
727828 4928 8321 7732 1011
727845 3576 4208
727877 3226 2211
727890 375 51
727929 1058 2449
728101 5356 7214 9124
728150 3132 1738 6005
728155 7920 5024
728167 343 5306 3989
728203 2278 5513 3586 4803 1552
728310 4891 5032 6485
728465 2400 7948
728587 434 7198
728674 4948 3586 1930 3602 5513 2410 2805 969 8179 2984
728678 122 7830 3431 8724
728788 152 9065 4252 3292
728807 7000 3207 6933
728841 5514 1554 3512 665 1073
728885 4582 8113 3868 3488 9179
728931 221 2050 4971 7801
728945 4231 9234
728965 8637 1715 3514 6824 7609 205
728979 6746 1454
728981 3395 8464 3678
729046 205 7426
729059 906 8984
729108 3602 8091
729200 3207 6605
729204 6609 4176
729268 3561 2620
729338 5024 4928 2864
729395 3678 2774
729419 2114 1651
729424 4691 906 7577
729426 7737 2810
729447 7298 5153
729470 4517 3233
729492 561 8580 9101
729503 5245 2873 1554 1015 5331 1670
729537 5592 3606 7800 4691 1842 7943 7801 6248
729539 7306 8152
729587 4271 8590 7688
729591 4999 2251
729608 7526 6847
729667 3310 6569
729758 849 6101
729858 4694 6878
729873 1651 7647
729897 2984 2573 226
729904 5331 2278 5119 7737 9061 1330 3321
729914 7786 8637
729966 5356 1953 381
729997 4806 2874
730049 4790 6085
730052 7609 6288
730140 4745 6358
730155 4336 5538 7430
730264 6542 5705
730270 6734 1419 4298 5245 831 9303 188 2278 6933 1778 3561 3576 4466 226 4691
730278 1872 1371 6375 1383
730296 3234 2984
730353 113 2678 4722 8849
730379 8548 490 126
730470 831 4691
730506 2838 1822
730545 3436 7639
730579 6082 2045
730636 928 2696 7943
730642 8775 8659
730674 421 3778
730681 8538 2226
730689 5560 7800
730704 6706 2746
731048 766 4196 5103 5457
731102 6983 6933
731135 6933 811 1733
731151 4203 8914
731159 9037 8853
731183 3678 8807
731201 3556 3194 8579
731290 6170 8737
731296 9065 4806 5348 7956
731343 1857 7298 6288
731416 2571 5022 6709
731421 3226 753
731422 7399 381 9318 6609
731432 4772 6025
731441 4951 2839 3476
731526 4453 898
731544 2561 87
731575 3845 1330 833 4277 152 2896 4298
731647 4928 4298 8590
731697 3893 5565
731707 8845 4486
731732 375 2350
731746 799 532 4212 7262
731825 405 4126
731832 7467 8749
731861 3233 6336
731868 5245 8853
731869 8050 2873 2826 6312
731916 6240 1780
731923 6720 5397
731944 675 3849
731966 2827 2964
732078 4480 3296
732112 4462 2984
732136 4792 1273
732203 4981 5147 7865
732231 3493 6671
732242 8857 643
732244 8609 2984
732250 2984 7131
732251 5109 1842 6832 4298
732265 9120 5759 2247
732277 6336 656
732306 5121 7742
732359 6861 8955 592
732429 3559 2350
732543 3431 2350 831 5115
732576 9292 2463
732603 1148 2651
732608 3233 2805
732776 1461 6746 3194
732787 6933 5032
732844 3893 5513
732858 103 2651 6842
732910 1743 2278
733035 741 2942 80 4634
733117 8548 1651 3823
733137 7609 3431 3556
733157 5082 1681
733177 9118 186
733199 6612 4691 5118
733266 3670 6170 4135
733287 18 9072 3626
733409 4516 528
733570 4104 4793
733658 2205 6288 2646
733659 375 7241
733660 3629 3893
733679 448 4249 6933 7672 831
733862 375 2427
733879 215 4464
733880 3029 7786 4083 3778
733885 1442 9185 800 6738 7801
733896 339 9343
733902 1738 1889 6390
733923 1482 1030 467 3760
733959 6288 4691
734031 7178 2791 8730 6432
734092 7977 2350 3271
734100 4212 4164 3493 3097
734243 4691 838
734246 7764 3314
734384 1108 1273
734468 3061 3317
734470 9061 4808
734588 375 682
734611 6964 1330
734618 5760 831
734899 7477 1339 3982 3528 8042 2003
734954 7198 811 7735 7465 336 5693 359 5171 833 3431 5356
734963 2717 2964 7692 3880 475 8635 1004 8209 5361 5302 9240 6903 6170
734967 3292 2204 4203 734 4801 3216 4965
734976 3271 4800
734996 2510 7655
735048 7920 3897 4801 3906
735169 2827 831 226 3972 4970 7206
735273 4360 3311
735404 7867 2310
735438 3589 1119
735588 4803 7735 5895
735632 3556 5274
735695 3852 3431 7481 5269 8782 1035 7183
735728 4049 2805 4806
735747 5986 7956 226 8659
735750 3731 2651
735807 9159 8860 4174
735820 9016 965 3576
735868 645 8775 5022 906 7692
735896 222 7580
735933 3766 1720 3184
735935 3940 4691 7928 2812 1505 7481
736015 2085 4691 6341 5680
736058 6313 6288
736183 3731 1780 268
736209 4793 8777
736289 8462 1371 833 7609 2506
736547 4191 4236 893 5941 763 6036 6482
736554 5960 928 2708 1093 6390
736589 4444 7238 1058 9371 4891
736601 5302 2791
736602 6320 4554 7577 4217
736607 3277 1930
736625 3519 8895 7309
736743 6378 7622 8765
736779 4722 114 7634 1454 5935 8314 2144
736879 4217 7577
736894 8379 5693
737011 6666 833
737022 4615 9124
737097 7433 5682 4928
737103 6080 1504 5478
737108 9317 9253
737113 4915 6933 7165
737193 7040 6720 2890 6544 2146
737237 7580 3806
737261 2241 2370 3207
737262 6117 1953
737273 2874 4806
737318 4708 3000
737333 7622 339 8548
737596 1318 3280 8039
737826 8972 6211 1330
737897 7823 5900
737957 2357 5592
738013 8274 1119 5393 5022
738017 4444 7131 721
738023 3576 3678
738052 8098 6605
738076 4217 8673 4196
738129 8671 5415 6733 8785
738213 4466 6671
738231 51 6832
738316 4444 4182 6581
738352 4691 22
738428 831 5232
738487 6933 1018 2030
738490 5376 324
738517 7848 2350 8124 5032
738538 2750 5025 8902
738540 3929 4035 2884
738567 9185 1442 6409
738577 5356 6390
738732 8775 4203
738780 8179 2985 4801
738850 2350 7485
738858 4615 469
738880 2993 4554
738898 3233 8437 6987 1752
738899 8488 3233
738906 604 638
738965 2743 7622
739018 799 2652 4796 3272 7830
739071 5249 3096
739074 7337 9286 928 6138
739096 9304 2350 3475
739134 1945 4298 3678 3602 7830 4231
739231 6158 5592 5693 2805
739314 268 2043 4298 6996
739372 7747 5042
739449 188 8050
739465 3165 4078
739579 5478 4304 344
739625 2025 8548
739672 5578 4364
739693 4407 188 774
739835 186 50
739866 856 7938
739896 5022 5143
739899 7109 1410
739929 5586 2314 2984 2843 3561 220
739946 2110 991 8559 1102 2401 7830
739965 4728 7832 7629
740002 8860 6933
740019 2289 4083
740039 3891 6734 3511 5760 6505 2928
740071 7430 6581
740082 3389 4080 7480
740147 8548 7622 2308
740158 827 2678
740205 2881 375
740206 1182 5171 802 6609 4806 5693
740230 3556 8321
740324 5760 8777
740364 7609 8070 5376 906 226 2350
740385 5627 2289 9286 2620 7832
740496 765 5992
740501 9292 6288 186 6375
740561 6605 1283
740580 2239 1387
740603 6355 5074
740661 3602 9082
740784 9101 2166 6504 7511 8785 5032 1681
740833 7580 7800
740848 831 1324
740854 6158 2376
740883 4806 3994 5578
740937 2182 9213 758 7274 5022
741039 4970 9156 2976
741054 7923 1345 8580 4083 4271
741101 8845 5356
741113 4751 2586 384
741124 9237 9213 87
741166 520 1903
741203 2110 6063
741377 2949 3073 3633 8655
741435 4607 1311
741440 5998 2346
741588 6147 339
741636 2805 8724
741638 5356 5538
741673 2310 8851 3052
741674 2984 1262
741746 7798 448
741778 5136 2629
741830 5686 3234 2990 7505 381
741843 6375 6847 5078 7163
741854 491 186 866 7285 8580 4407
741877 5393 935 5022
741978 3556 9072 2678
742132 442 3290 4808
742140 8050 4212
742182 9157 8496
742260 3087 961 9292 7298
742349 2761 2289 9279 1730 3582 9249
742387 7352 1570
742485 1476 5843 3709 4876
742494 2085 6447 3253
742499 6399 7742 3419 6310
742537 7737 1957
742550 331 8562
742576 186 4212 6832 5245 7801 5224
742595 8795 9213
742713 1892 4868
742784 6288 2122
742846 6733 4816
742881 4928 4298
742916 1284 4255
742924 8050 1277 7411
743000 3987 7989
743002 792 4182
743082 7647 3105
743091 4806 4837
743108 1842 7581 4996
743119 1030 6942 7072
743153 2580 5110
743175 9292 1489
743249 2108 528 5022
743299 8548 8590 4691
743335 1547 3613 3102 8795 5212
743454 4298 9371
743461 5171 375 7425 5306 5331 2571
743465 8045 1857 6378 5633 6480 188 8333
743511 1460 6629
743555 7004 5325
743586 3820 6551
743592 4080 4439
743609 4139 5393 9292 5739 5538
743635 8932 6288 5032
743666 3272 5171 3143
743685 4170 3491 122 7430
743725 3491 1330 3015
743726 3290 7481
743751 6333 906
743851 9341 7824
743932 6581 4293 5593
743953 5024 7651
743985 4966 4232
744244 9065 3216
744288 9101 4996 5513 1311 4691
744327 6933 3163
744503 2050 2984 1114 5356
744584 627 1778
744587 1273 8580
744655 4260 1547 5510 6158
744772 2710 4873 2463
744780 7027 5224
744837 6779 2065
744848 3893 9292 6375
744871 5565 5675 4447
744926 4729 8183
745018 222 1311
745117 1238 7580
745130 2173 5513
745276 3752 3556
745347 543 4208
745398 1967 2350 9124
745405 6164 6813
745502 1547 2984 2822 6612 942 800 1074 5738
745555 189 2881
745751 3176 4263
745801 2467 6484
745924 528 9292
745953 5003 6738 6200 7830 4486
745970 8978 5699
746007 2530 9017
746018 359 1442 694
746031 7298 8995
746082 4829 2247
746092 3271 2050
746173 8413 5849
746241 5136 2289
746264 9047 2532 8236 7622
746279 2736 6539
746399 4806 2984
746416 6933 5136
746432 4231 226 4691
746443 5024 1273
746467 222 5 8321 5921
746652 3047 932
746667 2589 194 1636
746717 4252 4263
746760 3678 7581
746764 645 3852
747015 5513 381
747033 8651 1636
747039 1857 4059
747051 3176 1015
747064 8765 4691
747086 4806 1304
747150 8783 5116
747170 4691 4965 6671 226 7801 4444 4806
747255 8718 2003
747269 9292 6672 8718
747313 7163 6064 3143 2822 6313 2291 4336 9082 1941 4837 2309 3752 1454
747337 6933 1486
747431 1959 381
747515 3778 4094 2283
747520 8170 2303
747707 8590 1608 1311
747732 1223 2282
747803 7285 2350 868
747832 4937 434 7581
747864 1582 5510
747933 4797 4133
748018 2350 6117
748030 3493 5693
748121 9253 5245
748258 5682 469 5056 7298
748273 779 974 7228 6429 8412 9311
748308 5738 4615 359
748323 2303 7760 1273
748423 4793 4271
748456 4721 4806 4691
748466 6786 3105 1029 4774
748483 1498 6581
748502 5356 1734
748568 7272 6609
748613 2550 4152 4806 5181 833
748632 8770 7043
748648 1151 7700 6288
748651 1330 3143 6944
748670 6079 2110
748708 5032 1533 6671
748896 4411 442 9288
748918 5032 3783
749063 3247 2968 3556
749077 2827 805
749084 3653 4217 4476
749113 3840 7943
749213 2919 1461 2202 4140 4650
749233 8820 6746
749282 9176 6830
749295 882 8236 6401
749302 2308 8993
749378 103 6605 2085
749418 7155 8925
749422 7742 5693
749432 3265 1547 9213 7027
749469 1262 5515 3576 7717
749528 1230 3233 8445
749652 826 1651
749743 5854 4694
749761 5356 7136
749816 2256 6751
749918 6746 5682 7742 2400
749946 7570 6787
749947 220 6164
750026 226 5010 8152 5514
750042 7980 4691
750067 6388 6113
750121 4248 4784 1262 4806 1808
750191 421 432
750205 3132 665
750239 8033 7523
750290 8426 1471
750337 9286 268
750349 928 9061 702 4466 1778 2085 2670 4891 2341 5294 4928 4268 8473 5048 5376
750358 2609 8993
750363 6624 9035 1653
750435 9371 4710 636 2842
750441 6375 175
750545 917 1463
750565 6746 5171 6014
750611 6113 3292 406
750653 1262 5
750781 2459 375
750803 7577 8077 8937
750868 3711 2450 5003
750906 188 3226
751007 4790 2541 9024 898
751110 4876 8257 827
751149 1514 906
751154 2984 3292
751232 4444 7043
751245 2881 2252 3493 7742
751267 7298 4722 9273
751326 8699 2226
751356 3678 6164 4444 223 2720 8297
751362 6421 8459 4802
751401 9372 3606
751415 1680 1912 9072 2484
751442 7993 1956 7169 18 9213 4806
751464 1419 3440 4848
751475 1558 1651 9292 4876 2695 2743 5114
751525 2443 5565 87
751578 5356 1583
751580 8464 4801 2350 2239 9371 3590 6043
751582 1327 8730 5194 333
751598 9124 9315
751647 4691 3271 226
751711 5356 5032
751749 81 7182 5457
751775 1018 2196
751855 4298 1891 6678 469 6609 4089 8488 6375 8440
751920 2166 4691
751956 3271 6390
752034 1994 6080 3423 3586 5565 1304
752052 1248 1273
752066 3292 7737
752110 4592 1608
752112 6009 1119 7800
752211 7548 1116
752214 7061 381 1836
752256 2855 3556
752285 6752 855
752339 1608 3159 6581 1058 8191
752470 8321 6164
752489 3678 917
752526 3395 2370 2984
752632 5590 485
752672 359 2791
752767 7742 299
752817 49 3292
752833 2636 4891
752914 4806 6612 7430 9213
752939 8364 6248 2196 9082 4806
752950 2166 7920
753114 6629 2459
753153 5513 2144 9228 3087 4104 6808 5329 5357 8606 6612
753186 965 7959 5739
753197 4486 1552 8091 421
753203 1694 6132
753209 4396 4182
753242 7380 1253
753256 6313 4844 7337 8606 6671 189 2652
753360 188 6944 7540 4298 6596
753388 9213 288
753426 186 9007 8590 8496
753435 5024 8033 6551
753509 1440 8609 5693 5510
753537 7609 7181
753628 1026 3226 4078 4212 4691 5024
753701 103 188 4298
753796 2746 1606
753837 2984 457 7331 9233
753857 520 6662 3124
753884 1584 3419 3751
753900 2166 2045 2924 5171 5118
753920 6964 540 4208 375
754001 6609 8109
754009 2984 3595 5032
754036 4615 3235 3602
754070 7577 1267
754198 475 1073 1240
754210 8945 5393 8775
754228 1722 4695
754277 4360 3752 6671
754294 2890 6352 6235 3547
754324 489 6043 6042 8548 5627
754379 1945 9290
754412 3410 7331 161
754519 8877 4425
754539 2812 5941 3431 3534
754560 4466 3143
754599 2540 1454 1211
754601 5022 6671 8775
754650 9306 831
754679 1608 4466 5880
754717 3556 5338
754721 2000 1030 2075 5590
754741 87 5086
754761 9292 6009
754773 6846 8006
754785 8464 279 226
754789 226 4806
754811 9065 4806 5592
754820 6671 190 5032
754846 7846 4008 4868
754906 1468 4203
754941 945 831
754949 8321 7043
754965 8803 5086
754995 6555 183
755005 8855 1150 3194 3548 985 3593
755010 7425 5810 958 2984
755063 2050 5047
755106 4691 8891
755122 126 6720
755130 1547 702
755262 2283 105
755305 5510 1722 4691
755330 1473 1266 1968
755390 5356 6313 6944 4000
755394 7609 2984
755582 661 8593 6245 4939
755587 2969 18
755613 226 7824
755631 2678 280
755635 8853 5082 702 8659 8419
755767 103 7651
755797 4631 5459 4360 5578
755850 5123 4133
755859 6463 1461
756056 8314 4140
756079 893 4554 4176 161
756210 3120 6846
756226 8122 5331
756238 4605 1869
756327 8819 6204 6892
756357 6678 1273 4305
756358 4872 381
756375 9203 2301 4373 188 2812 1032 6133
756382 4960 4633
756406 3778 2289 1953
756463 207 5171 5024
756493 2370 2227
756532 1959 7027
756534 906 6504
756545 421 1842 5819
756579 7796 3051 9214 3292 6313
756594 3607 7544 6235 3665
756643 3602 4615 1792 1115 3317
756788 9014 7580
756820 1979 5819 5302 5245 1454 2350
756845 7742 2350 2620 5294 6336
756945 2258 8338 5644
756989 6451 1017 8593
757058 5949 8765 8054 686 9202 4796 5917 7356 5080 5366 8215 4691
757065 5032 5086 1957 1442
757245 4336 3678
757266 7742 7430
757304 7284 6122
757348 7514 3090 3163 2791
757352 5819 991
757356 5050 811
757357 2625 1358
757495 4808 1311 4263 5171
757536 2691 2350
757628 6521 2903 1651 7768 489
757651 8091 7832
757694 4806 6832
757722 5086 4722
757727 448 8590 2620 8452 4059 2710
757733 359 375
757746 7331 288 1930 1015 8321
757790 2720 5022
757815 9035 6067
757922 723 974
757964 1277 4298 1273 4126
757985 917 1114
758030 2350 4592
758033 5356 1114
758082 8682 9228 9176 4966 5331 8934 7848 3666 2652 1468 2173
758101 4456 703 645 6955
758198 5513 2720 6375 3431 7735 6212
758238 442 2890 2425
758246 7464 2743
758267 6158 6706 5273
758289 3292 9065 6111
758300 721 2571 6138 7241
758320 9101 8972
758324 4139 9047 5044
758377 1842 6933
758381 2166 2652 917 8947 1324 8284 7580 8671 3000
758483 1889 3007 4891
758511 4402 5633 4767
758540 8637 1262 7959
758562 1937 8005
758660 3752 4615
758708 359 7420
758836 7764 6629 5457
758878 6738 7936
758905 2720 7920 9118 8094 3216 6248 9185 4806 4083 4801
758912 7980 6720 2419 8321
758974 3475 8765 8995 8321 2376 827 4939 3107 5227
759015 4977 4702
759094 5606 5171
759246 6933 8473
759323 185 8379
759331 1981 6992 4364 4873 7589
759364 890 545
759442 7575 5770 831 890 1468 4125
759565 3456 280
759583 4430 3678 520
759644 8130 2114
759659 1836 421
759697 3272 4203
759819 4360 906
759829 375 2106
759883 8379 1930 3547
759884 4951 5022 8775 7923 879 4633 1083 1994
759969 6751 965
760043 339 7823 827
760048 2791 6671
760060 7027 6375
760064 7449 168
760089 7524 2874
760179 1446 3556
760181 5590 6898
760190 4336 448
760291 1358 359 3731
760304 5500 7824
760358 5280 8590
760408 8682 8033 1387 1029
760409 1482 8787 1514
760443 6065 7832
760450 7481 1547 4806 9101
760505 6288 8464 6746 3678
760539 1489 8718 3057
760544 6113 4721 7027 2984
760702 6857 5376
760709 381 2301 1968
760754 2581 3441 6595
760763 9248 7134 2625 6910 4900 4444 7262
760818 5032 5675
760848 6147 5200
760932 5356 5022
760965 9305 5578 1608 1347
761020 3493 6044 917 6609 4691 4800 5356 1026
761050 3075 5778
761067 7577 4126
761110 656 5896
761143 7577 6671
761231 393 6987 965
761300 7430 6303
761308 8568 6987 3556 4739
761351 966 4806 1836 8091 2838 5538
761398 7801 945
761415 9024 6158 3271 7959
761462 2045 2305 1280
761476 8965 2826 9292 7511
761528 5366 3493
761545 1608 5025 3973 7824
761617 906 6375
761757 4083 3234 8984 4702 5921 5100
761780 6749 6288
761790 7425 2984 965
761948 8795 8699
761995 5022 3000 5565
762001 8079 6355 6341 2984 3105
762121 7609 375
762211 188 6113
762298 5541 2025 8548 9157
762307 1547 2301 8464
762408 3731 1634
762470 1842 1898
762525 5682 6336 4721
762531 5118 6322
762559 8464 2166
762639 1547 4951 7253
762687 835 9228
762744 1720 8590
762893 4615 5086
762899 4231 8860
762902 2125 3292 5513 1959
762945 8464 1716 188 9345 2154 5118 5478 4345
763021 4891 6336
763042 8608 7875 1953 8556 7526 1508 9238 8297 4721 6114
763169 8579 5143 3233
763201 4806 87
763224 6063 4652
763229 4691 4806
763235 9124 7830
763287 343 4691
763405 2972 8464 8820
763465 4007 3480
763467 3233 4866
763506 103 359 1482 3166
763624 4298 6609 2085
763641 8091 2350
763678 2969 1898
763690 2822 3840 7609 4691
763775 2350 7835
763790 5032 5738
763874 7131 8568 1172
763910 5693 3670
763914 6302 4785 5810
763948 5557 5738 7431
764018 7692 1282
764026 3163 9287
764170 4373 5705
764176 8033 3602
764275 442 5738 2045
764285 7800 8932
764357 831 5094 2262 6282 2350
764372 1060 4691
764379 6341 1065 8500
764380 5024 7425
764473 3893 833 152 6636
764501 2984 1114 1184 4303 3893
764525 831 4793 6113
764565 1953 4056 8452 2283
764606 6809 4287 8462
764611 265 675
764625 6248 421 2231 4806 5693
764633 2037 8983
764642 3165 8443
764749 6063 2840
764750 152 2414 7485 2301
764785 3893 8965
764823 4271 9101 5693 2226
764829 7865 3233
764835 7580 8321
764886 8063 2598 3491 4806 520 8484 3973 39 9014 4674 8581
764896 4287 8548 5677 6147
764955 7331 8321
764972 5770 1778
764993 3805 8264 594
765053 3973 5376 6944 7801 4298 94 9309 2873 3234 8464
765126 4212 6635
765299 5100 4000 103
765411 2820 5590 7502
765437 8671 2314 7337
765514 7577 6720
765701 8091 965 6423
765724 1151 1990 5457 8659 1968 6287 7095 6313 4056
765740 2820 469 1310 3319 2085 4466 5693 6375 3234
765802 4691 2857
765819 2555 6609 5
765826 2678 2746
765872 8635 8978 8464
765882 375 5356 7228 2984
765886 6222 2836 2376
766043 5224 3163 1784 1547
766077 180 7742 4806 3381 222 381
766204 9213 6006 2874 4745 4785
766295 5478 7481 4891 4751 1114 2541 1533 5356 7290 3543
766308 5171 3586
766409 8033 2050
766433 2231 5083
766440 5693 4806
766481 6955 7468
766483 4615 3165 857
766521 4876 2310 3380 8184 8548
766545 375 4800
766572 800 5273
766580 6065 3840 3631 1892
766626 7943 234 3431 8462 2325 5294
766658 4444 5459 8681 5
766682 4820 5852
766742 188 7609
766774 6358 6609 2856
766792 7764 1262
766816 7481 4298 6375
766868 4806 7661
766904 3841 8606 2881 3547 4808
766954 1845 827
767084 3848 3973 7638 489 4806 7917 4228
767205 5415 6080
767238 7027 3165 7467 6375
767268 5022 3893 8484
767269 1018 2746 2926 5438 3665 6358
767303 2914 3451
767308 7774 1755
767324 8113 3431
767351 3237 3075 2278
767406 188 3233
767413 377 932 3684
767443 7467 6136
767465 7991 7024 5391 3630
767467 3740 9304
767489 6658 3678
767516 8424 965
767540 8033 5557 3111 2151 3165 2820 7130 5212
767576 1461 2256
767593 375 694
767608 3233 4691
767640 766 2791
767747 4486 8606
767806 5024 4928 7318
767842 5495 6113 6987
767900 6933 6117
768012 3630 9311
768248 3576 6197 7737
768314 3076 3602
768354 4181 2881
768374 448 1114
768439 223 9101
768520 9253 188
768570 22 1324 3893 4808 5808 952 3606 6955 3683 3880 7319 8791 4801 7801 8970 4138 2350 6987 222
768587 906 8105
768610 3143 5302 3431 906
768616 4398 6578
768643 3162 5024 2003
768655 7688 7980 343
768751 8849 5555
768790 3147 717
768798 2196 9292 7523 7580 7968
768809 5376 1778 2317 2170 6170 4800
768934 7928 3292
769071 421 2873
769109 1651 840 1461
769297 2226 8050 1308 898
769305 2231 2578
769312 3431 1869 7735
769354 1842 8702 1554
769383 1345 9290 3586 409
769400 5331 5693
769428 3493 3893 186 3880 703
769492 3233 6933
769513 2114 4806
769544 469 1953
769564 351 90
769614 6590 6164
769631 1018 6832
769653 5680 9024 3778
769735 2484 3271
769774 5162 831 9065 9061 9101 6113
769775 6390 1468 4323 703 9176
769842 6688 5022
769867 4876 6147
769875 2873 8681 7258 7839 5376
769947 4152 403
770043 3950 463 2842
770059 4806 3893 7396
770099 6203 1680
770105 6671 1164 4722
770125 4803 1135 4940 5202
770192 2289 3880
770260 9292 3292 952 4325
770298 4413 5896 4466 1164 8724 849
770371 4806 3051 2350 6933 9124
770376 8568 7611 7214
770433 4113 6164 5923
770475 6933 4298 6007 263 6555
770478 6654 4691 5199
770516 110 686
770535 489 2114
770624 3271 5331 4691
770696 6609 4212 4466 4691 835 4554 3586
770714 9205 8765 220 6596
770831 6301 3555
770899 3292 8775
770992 9016 4806 1639 2484
771003 5376 1953
771028 5191 2387 3233 1889
771088 7544 6009
771089 7550 2805 4866 928 5331 1172 1930 5224
771107 4806 9101
771239 5223 7830
771373 9286 1015
771401 7575 1029
771440 8548 827 339
771463 7426 2484
771476 4228 4702 2452
771631 7481 2984 2636
771681 9176 811
771755 3351 50
771812 8197 3604
771945 2535 1461 1356 1729 1030
771981 4554 2746
771982 9286 6288 7634
772019 6596 6635
772044 8932 2984 5633
772063 5082 9240
772101 1184 645
772102 5143 5255
772154 4408 5119
772184 6519 1442
772276 966 7206 4691 1184
772299 4607 1422 898 3893
772439 1312 7018 5538 4117
772472 831 8349 2683
772540 1115 8953
772584 186 4891
772620 5979 952
772665 2710 4563 6629 868
772676 4425 9228 2944 6933
772825 9120 763
772831 1720 7228
772870 8464 5397 2838
772895 5495 2822 2350 352 4008
772947 7823 890
773054 831 6065 1670
773079 1959 2984 2110
773101 2984 3602
773150 539 3475
773206 7425 1238
773227 1842 3451
773246 3918 3814 3199
773258 3665 5224
773304 5171 8296
773342 932 4296 3282 8262 5249 977 4912
773348 8578 8633 6147 7835 3594 7039
773499 5032 7630 917 2357
773517 5025 1353
773562 6933 1489
773620 5340 7742 3105
773768 2037 1419
773858 8321 5705 1953 1073
773971 2914 2822
773982 2984 205
774047 3658 7928
774092 1507 6671 406
774187 6288 7306
774194 4182 5331
774197 1953 152 4691
774284 6678 3207
774392 7639 5032
774435 2026 4126
774448 2204 6443 6657
774473 4694 2323
774528 8901 952
774529 5032 1114
774532 9286 3576 3207 611
774556 3752 3107 2822 7943 2593
774649 3216 2271 4000 4345 5550 1026 5136
774662 8637 6933 6082 4615 4208
774669 5578 7045
774818 2678 7622
774872 1030 1387
774879 4298 3051
774908 4271 8785 2231
775145 409 5592 7980
775163 108 5300 448 4486 909
775179 5645 6044 8464 5356 3698 403 3678 4290 7775 969
775183 8464 8775 5356 4140 3158 3893
775186 3493 6709
775341 1018 965 7651 7331
775413 1277 2791
775447 7959 7430
775462 2571 4772 6756 6248 8671 4607 8050 9213 6390 7430 4615
775495 5356 8739 8775
775510 831 2602 3630 4806 4130
775566 4373 8925 1358 7194
775746 5200 489
775766 8321 8300 6170
775853 6387 4298
775874 3061 6822 4721 4196 9082 831 9371
776003 2571 6933
776017 3519 489
776056 6117 1626
776081 1722 1273
776091 7577 195
776286 2843 4391
776301 4263 1267 906 818
776352 5331 8050 5136
776361 6432 6009 2791 3556
776405 8004 2944
776495 222 4793
776507 4231 4686
776545 1482 4228
776609 1842 5513 9082 7481 831
776633 7070 7962 1371 3678 5086 4691 5025 1330 6933 1070 2289
776635 3893 3787 4951 2278 6671 5022 8775
776643 5245 952 4806 186
776651 9176 7639 2843 2746 6164 6358 1547
776706 2843 926
776733 421 1842 1959
776753 6924 7511 4407
776780 2633 4554
776794 767 8349
776820 3456 1070
776938 3590 8958
776998 1653 7072
777054 5393 6313
777096 5171 8187 7575 3107
777248 6933 7580 4141
777278 7959 533 2872 5517
777283 6129 8568
777286 9214 1311
777352 3061 6933 39 7411 4891 405
777381 4694 8187
777459 2278 4318
777576 3973 6987
777693 7523 4891 4298
777725 6224 8714 2376
777744 4790 8574 6080
777816 7306 9304
777861 8582 3475 3778
777942 520 7742 2370 2283 3381 4208 4915
778019 6636 5356 4517 3381
778021 9033 3940
778077 6358 8847 3493 4498
778111 4722 375 3852 6415 5022
778113 226 87
778122 7735 3431
778136 4937 702
778165 5335 4801
778183 5649 3226
778307 1059 3431
778323 721 831 4618 8493
778352 6288 3678
778399 7609 4806 375 1836 9228 3772
778549 3493 4691 4806
778569 9101 2984
778621 8568 965
778628 4806 6671 5331
778635 6085 5032 538 5538 3148 1789 5593 4620 6996
778637 396 4801 1595 3491 952 5 9213 2984
778642 2609 8785 2550 7129
778655 4139 1029 1593 1651 2310 1324
778714 8739 7485 1010 5024
778762 3277 3678 5042 4951
778769 1547 802
778856 8464 5529 2314
778935 6375 4615 4691
778981 9072 2039 7800
778984 5682 8548 66 1253
778995 1651 8590 4287 4670 8548
779261 6447 8033
779300 7444 5356
779384 5171 3669
779569 3602 3271
779601 6581 4892 1311 7516
779696 3461 3237
779725 8637 8672
779753 1058 1379
779755 6933 7973
779792 3216 4614
779842 4951 7792 7131 7430 1930
779885 2743 6671
779888 8637 8902
779946 9228 6484
779950 3803 7293
780031 8658 4722 6892 3436 1778
780041 504 7043
780122 1847 4180 3950 1622 249 4529 2506
780167 4083 8659 87
780210 1324 7117
780248 8321 6164 6764
780257 5738 1371 6671 4752 3792 574
780311 2045 8179 2350 6569
780325 7210 8724
780421 5411 81
780433 5565 6597
780537 6521 1845
780670 381 5331 6846 2984
780703 9244 4336 6067
780719 7544 4503
780731 1011 5083
780796 1437 3840 8219 2062 7735 4858
780809 7839 528
780837 2743 5773
780895 6605 4298
780905 6164 4083 3317
780956 8400 4554 7786
780973 6840 7634
780975 4756 6129
780991 1953 375 2484 4856 3138 6244 7008 1857
781107 2239 1133
781122 9124 8953 7781
781123 226 3321
781133 2166 2037
781220 279 6264 5081 7712
781245 1330 3629 4790 462 1312 831
781254 5022 5329
781358 188 4113
781410 226 6662
781414 625 1200
781427 1140 9228 6933
781437 188 6751
781553 3893 1135 8380
781620 7228 6313
781642 8379 4951 2729 7430 2226 1468 8580 1238 2864 5543 1552
781666 5357 5302
781675 7481 6043
781769 3271 6746
781782 9072 81 2678 794 7184
781805 7418 6480 776 7580 6884
781816 3105 2003 5032
781858 831 2984 359
781869 1752 1294
781908 4152 3935
781997 4345 1387
782019 2984 8464
782030 7580 5
782113 6987 2379 7692 965 4305 226
782149 6569 5032 5022 1184 5245 952 7426
782170 6830 3234
782199 6987 6671
782290 2045 6375 7525
782302 442 2166
782390 2231 645
782434 7795 9072
782491 7306 1196
782503 9203 4876 665 1073
782546 3878 1968 448 5302
782595 7735 3547
782674 87 8152
782715 9253 1833 5245
782726 6609 6728
782733 9024 8812
782808 5348 2503
782850 560 1273
782876 2571 8775 8399
782904 1651 339 2625
782941 3752 1029
782968 2387 5024
782977 8464 7430
782999 8577 2398
783040 6336 5393 1058
783059 3051 2350
783090 5086 4691 8321
783180 5980 8541
783206 7959 5356
783216 951 4812 5022 1547
783248 3216 8349
783273 7800 5746
783274 7823 8590
783348 2900 108
783356 4831 717 5244 26
783358 8724 9213
783414 1184 716 6390 528 3491 6714 2609
783422 4582 185
783438 4298 8321
783450 1845 2873
783504 3752 5393 1330
783510 8678 4691 8033
783625 1778 3731
783747 1722 6158
783762 6150 2843
783846 1018 7408
783867 1953 6336
783883 6807 6933
783906 339 3380
783912 6609 1522
783928 8488 6558
783956 6807 2350
783969 188 811
784011 5515 4691
784024 8091 3602
784070 1454 6217 2873 4581
784076 5376 1930
784104 6046 3493
784221 3693 965
784281 5022 2984 3606
784333 9228 5838
784340 835 4191 4466 1841 2468 2984 1342 1115 7865 3973 9176 8486 1010 811 2535 6485
784360 4562 5501
784385 7801 5955 7408 3748
784387 9290 2003
784421 7717 8935
784527 7251 188
784575 5083 2289
784672 3909 2984 2726
784763 5356 186 6671
784787 6158 2822
784797 4878 7739 7920
784809 9243 8131
784856 205 4217 3493 3602
784908 6629 2708
784956 2350 2873 7425
784994 4876 1211 7377 6147
785056 8273 1945 6861
785099 8541 6621 967
785120 5478 6987 4806
785142 5245 4966
785172 2350 6671 7481 6598 1015
785250 6671 5119
785377 6248 4792 375
785400 2540 1029 7674 2170 8016
785456 4801 9061
785497 5022 22 833 8724
785549 3810 6671
785611 8036 6832 5170 3902
785639 6581 6671 8321 2984
785741 8464 6776
785843 6595 906 2196 5032 6164
786002 4793 7276
786025 4121 4670
786029 6200 7027 172 2463
786053 7230 1708
786265 2072 209 1419
786326 1638 1262
786335 8413 7298 2678
786390 1311 5171 2984
786412 1919 7743
786493 8042 1811 1911
786547 1784 1324
786577 8737 9305 1738 8091
786606 831 1670
786645 3233 6609
786646 2114 1651
786660 7027 2619 1836 5576 442 7687
786690 2045 6641 5738
786716 3223 2633
786736 2134 5584
786748 2414 6746
786765 226 9228 3233 7228
786767 9082 3893
786797 2984 5693 3271
786846 4271 3207
787099 5086 2078
787112 4803 4133
787115 3183 4806
787142 3630 8464 7426
787148 2914 9
787159 3893 7200
787184 4212 3678
787202 827 6629
787257 375 3602 3201 7505
787360 6832 5024 5770
787382 638 2308
787384 5143 7131 3493
787398 2571 9279 7521 3381 8637 7027 223
787439 5671 8737
787474 7230 3163
787526 2977 7163 6336
787605 966 5682 3107
787623 5356 3893
787653 3292 5032 3893 442
787658 4126 6063
787729 4615 6164
787736 965 5118 6595 7580
787758 6309 8373
787919 3233 3237 4093 1914 5086 4792 6933
787979 9304 4194
788008 6164 6807
788018 2484 5633 2231 8548 2550
788027 9101 3107 7027
788037 7651 3226
788056 4466 463 9279 7774 2930 3630 8581
788150 2746 7865
788164 4806 3203
788183 9101 2822 1358 2609 8179 3436 5086 1842
788220 3292 1330
788284 7742 6356 4806 7452
788312 5356 8972 4396 8659
788462 831 5513
788558 7824 921
788701 6158 7411 2746
788720 3538 4801 4380 4806
788721 8765 2057
788787 2368 4806 5
788817 7742 8054 4806
788820 1953 4691 7839 152 2651 5171 2503 5024 8590 4408 1324 4891 1326 7226 6146 4928 4277
788824 2484 4806 2720
788832 3292 3237 2278 8892
788900 1813 2308
788907 6063 6375 2350
788914 5245 1842
788921 5245 2555
788960 2884 1461
788970 5 7523
789004 4554 835
789009 3880 5083
789056 6666 991
789155 5202 9253
789195 2239 1562
789201 7430 4283 3290
789230 3216 4806
789313 8364 814 6134
789395 7800 2308
789399 8413 2761 6394
789651 7801 2144
789741 5001 4082
789944 9072 9334
789956 2062 7290
789988 9061 5376 1060 3561
790004 6933 2421 5649
790076 4160 4767 8590
790154 3272 4891
790188 6636 4806 3237 3604 1959 5578
790198 2878 7341 8637
790199 831 8355 2788 2914 8419 6113 2932 7609 2277 539 107 5740 2170 4677
790253 1916 1953
790261 974 2361 4636 8024 4691
790368 8779 6423 2827
790444 194 922
790459 7508 703
790477 2003 7800
790496 1636 1454 5521
790518 5032 2984 1114 5024 3893 4806 1419 3216 5538
790593 6629 7764
790631 7801 4819
790704 9174 2370 381
790742 5051 2035
790770 9278 9187
790815 6861 814
790845 4806 1959
790873 7719 8380
790877 177 5356 4812 8568
790943 4655 6818
791026 6933 8443 2678
791043 6138 2984
791051 6117 3051 5302 6138 3262 6933 8845 9187 4615
791063 183 3678 1973
791071 152 2299 1959 6808 4062 7155 5515 7622 1468 8342 8795
791114 3143 3124
791119 199 1238 2414 7268 4876 4121 8131
791125 2425 1617
791130 375 6987
791165 1146 7885 5181 1114
791188 3431 3783
791190 4500 4854
791235 4345 8737
791294 2881 3292
791334 9309 3216
791337 4691 7801
791357 3057 4444 1185 469
791411 5738 5693
791435 906 4574
791449 5693 2350
791500 1312 2796
791526 926 5393 7830
791553 6114 6720
791561 4806 5415
791673 7742 4042 3271 3670
791717 6933 5843
791749 5478 1461
791808 6933 7830
791826 855 7180 8191
791831 2534 2069
791924 8632 8321
791963 470 7409 1119
791968 1651 7935
791979 1387 8737 5086
791986 2984 5432
792000 2651 8803
792147 1778 2110 6846
792152 1187 3061 8590
792170 1461 7608 2307
792269 5287 7875
792281 5 1324
792282 831 5513 8091
792307 7037 6941
792326 3678 3493
792341 6933 5432
792345 2258 8568
792362 3431 5693
792372 5521 2134
792395 7577 3216 1953
792400 3723 5393
792462 1566 8878
792499 3893 6336
792615 3602 6987
792652 6861 5294
792661 421 5022
792675 4042 4307 6933 7623 4000
792780 6933 5391
792794 5162 7043 8321 2373 3165
792797 5510 2196
792825 6186 4709 2311 906 8464 8659
792973 2294 5770
793117 8795 5590
793173 9238 1968
793204 991 5
793408 2443 5997
793440 4804 421
793462 2275 767 5314
793555 7719 6423
793699 7240 7699
793750 7768 3803 4868
793777 827 9317
793778 49 1429 7505 5083 972
793814 8262 6341 4466
793825 2578 898 2010 4271
793846 3519 3077 9292
793853 277 3678
794055 6367 8091 2304
794115 2350 2873 4466
794120 4806 9101 1330
794146 9213 6101 3087
794154 7577 2874
794172 6609 4691
794202 8033 5682 6706 3464 3441 4615 188
794229 7781 7747
794247 6612 448 3893 6720 7036 3576 9101
794414 5171 2571 9185
794437 827 8651
794517 4774 8637 9292 7377
794533 421 52
794604 375 3076
794656 6671 2644
794659 1273 2419
794719 3214 9292 5224
794786 3718 3623
794794 489 4960
794802 5288 6310 5269 177 8548
794807 5331 7839
794816 9101 8902
794921 4317 6933 2350 1681
794981 1330 2855 3237 538 5032 8713 3561 917 3752 6933
795105 3731 3558
795125 361 2625 2538
795133 831 3731 5816
795177 3891 7426 3893
795227 6987 2196
795259 4951 1836 7732 3809 8780 7523 835 5302 9185
795288 3556 5682
795300 8724 7608
795422 8770 4231
795461 3687 8580
795486 339 1651
795515 2578 5022 5578 6463 6425
795539 12 1953
795618 703 188 8172
795711 2350 857 378
795770 1930 3177 4096
795781 4966 5032
795831 2147 3548 2314
795839 3271 6170
796024 3602 9137
796035 5376 1930 3493 8590 18
796167 4102 3731
796204 3107 8730
796218 186 5393
796247 5302 6671 7411 5356 3292
796277 8466 2328
796283 8775 375 5356
796363 6933 7692
796385 1029 5024 4806 2065
796423 3493 4722 3051 375 843 5068 3678
796482 4928 9040
796501 8473 3840
796532 3163 4983
796536 4245 893 8262
796622 3304 1968
796643 661 5171
796684 2350 991
796742 4408 1778
796821 7380 3271 6746
796850 2140 5923 1461 6629 7580
796892 5245 5171
796934 4806 7651
797116 4691 8681
797137 3705 8186
797177 9097 8650 3262
797252 1383 7089 295
797259 2681 2780 6313
797316 1311 4265
797333 2256 3015
797345 7923 2294
797683 8783 5171 6375 9024 5590 3431
797698 5676 3778 3475
797764 3893 5565
797874 611 7580 898 2791
797919 5676 8321
797936 7206 1419
797985 4792 6628 7735 2328 2085
798004 1371 923 6246 5444 3538 3678
798056 703 5356
798104 7290 2256
798117 7169 3753 8103
798118 4083 5118
798179 4615 2763 8590 5009 1029 831
798182 5696 5359 8650 5933
798229 1790 1018
798256 8091 3602
798281 1461 9033
798302 7742 3544
798379 1262 5896 7430
798423 7781 6117 2728
798699 7735 5738 7666
798742 226 448 2463 528 9304 5979 2166 6598 2226
798760 2409 6846 7664 747
798901 6807 4790 6987
798991 2110 7276
799014 6609 3678
799029 5590 2303
799051 4806 1547 8464 5331 3493
799052 4792 5956
799134 4796 8081
799183 2541 6581 2246
799221 4577 2615 6609 8321 5
799241 2278 2984 1330 3949
799254 1426 7008 5896 4135
799277 8724 4618
799286 2467 2357
799346 1471 1273
799351 5359 7285 5979 9309
799373 1267 3977
799423 3806 4806
799433 4927 4436
799436 3381 4212 5026 9101 4691 2256 6738 9014 8590 4126
799440 7524 4389
799451 6114 4806
799535 2985 9101 2881 4633 2398
799610 4408 2609 3143 1083
799617 6609 3139 8493 6288 7383 7260 2328 9292 7544 6933
799645 724 6133
799656 2110 2257
799694 4702 3384
799714 73 8795
799767 1189 6255
799905 6423 8785 9191 2571 8484
799924 3534 7835
799937 4951 8876 5022
799983 6206 2822 8724 469 5068 6933 3234 8240 702 359
800031 5726 1074
800087 685 4875
800120 5415 1083
800148 1625 222
800185 2822 1482
800280 6484 1273
800297 2874 520 6341
800419 1651 1327 827
800461 7982 3606 5302 7253 5022 2350 152 8659
800496 2708 4790
800561 6706 8737 1953
800584 4951 5161 1909 1169 2620
800716 4793 7940 5245
800748 6082 5302 9292 1265 3561 6336 703
800761 7577 5224
800766 1853 5376 8538
800777 6933 4263 1634 4752 4807
800792 2984 5578 2874
800814 5331 9253
800845 6423 8379
800852 3493 4792 7885 2328 339 8559
800878 7039 2717 5593
800900 1116 4876 5516
800925 1299 4836 6987
801111 4078 9176
801132 5542 9278
801152 906 3431 921 6933 2864 4812
801165 8681 6082 7481 9101 6605
801194 8764 8667
801254 7444 74 7935
801292 4928 8464 6248 4298 6129 7728 5269
801293 5357 1959 2984 3604
801321 4898 4650 889 2414
801345 6085 8464 865 7544 1238 8581 5212
801349 1638 5086
801353 8775 5565 4806 8011
801390 468 2620
801488 9213 2231
801533 2934 448
801571 1330 9101 5081 5032 4615 7306 2484
801655 7045 2289
801696 7530 5510 4586
801709 51 2791 4059
801778 8718 5249
801852 3893 8775 645 6944 4397 6288 5359
801901 1454 4876
801927 700 6671
802118 2636 7467 4577 3381
802208 8581 8115 4466
802274 4126 2678 6695
802295 7583 2984
802417 6624 22
802451 8984 6259
802467 9047 4876
802594 966 5560
802618 8785 3752
802654 5171 2984 4691 4372 6832
802662 5086 6629 4891 6432
802694 8624 562 3381 52 2271 3633
802710 6955 6610 2934 3893
802748 3731 9292
802842 442 7511
802852 339 857 2025 5872
802937 7298 1857
802964 4607 3139 3899 1248
803005 2110 4466 8294 9228 3431
803104 7928 3893
803160 5040 8965 969
803261 479 3226
803300 103 609
803322 3556 2791
803356 8606 3893 299 703 831
803376 6106 5915
803412 6955 927 4318
803482 4139 6933
803514 7747 7198
803530 1073 3820 6551 9072
803553 3304 103 68
803605 5208 5675
803658 7812 3395
803669 2414 3292 6933 7622
803731 5680 2419
803774 3233 6635 523
803850 6313 4263 7043
803867 2278 4983
803870 4891 7629
804095 621 5331
804109 4402 3105 2075
804301 1273 4298
804305 1222 5515
804335 4796 6924
804401 8485 8965
804509 1387 8033
804515 3891 965
804553 448 7928
804637 3511 9014
804643 2636 7923 6394
804644 2249 1842
804657 8659 8775
804699 2589 5633
804714 5524 8559 4180 7741 2828
804744 7138 9337
804838 6113 4517
804843 6671 4691
804848 1945 816
804928 6133 6094
804971 8297 375
804994 3731 9156 838 7199 5682 5359
805026 1461 2067 1454
805042 9203 4408
805046 1387 2751
805061 6996 7426
805079 4239 538
805126 2609 8321 1461
805136 5954 7800
805151 1114 6955 4891 186 8342
805160 6164 339
805199 4794 5170
805205 265 1636 1866 4298 8187 9214 381 217 8393
805217 7770 87
805224 3989 5143
805276 2636 5331
805314 4774 457
805323 4701 2239 675 6728
805356 6588 7928 3216 2166
805425 3475 4966
805450 5302 5356
805461 7625 4892
805479 7832 1552 802
805586 1608 6933
805604 5738 7198
805607 928 50 3556 6944
805621 6706 375
805676 5478 4554
805686 8098 9124 7903
805707 6179 6671
805791 256 2752
805837 7298 2350
805916 188 4806
805953 1058 5072
806043 4806 9118 6375 7980
806045 4996 8590 2003 3493
806069 8548 9047 8321
806125 4793 5331 2874 4615 4806 7801
806141 5171 4238
806148 6609 3226
806174 4806 1018
806222 7438 1651
806249 9047 5510 4928
806276 489 1454 7622
806333 938 5682 6012 2196
806340 1311 3576 3493 2881 1959 7606
806342 3606 8965 5521 2467
806359 2822 1238 195
806405 9313 6933 3557 4080
806436 7577 8681 8549 6129 256 1371
806499 1035 356 7839
806546 459 5177
806599 8590 3165
806681 5032 3629 8022 9240 8178 6596 1577 5357
806771 9292 3935
806801 3721 1914 5032 4790 6300
806847 4615 3556 5538 6987 4951 965 2271 3946 9213
806867 8321 1738 5234 280 7302 4592
806875 381 375 7920
806912 2984 2746 3493
806937 9014 835 5592
806939 186 188
806941 6336 2173
806952 8413 7647 3519 4694
806956 7481 9292
806963 309 3602
806980 3576 2984 5003
806983 6063 5331 6113
807016 8464 8847 4294 2822
807039 2350 4793
807102 7507 9286
807198 5251 8493 4770 7577 1273
807205 1720 2503
807323 8098 503 4691
807324 435 4126
807469 3678 8830 226
807508 965 6612
807513 9065 8955
807517 4988 8777
807545 375 9292
807619 2546 5188 4364
807657 8791 2425 8236 7742 7545
807663 7272 3602
807708 9228 811
807762 6381 5693
807830 8299 3105 3143 6733 9214 8590
807835 3604 5357
807917 4466 8568
807949 2881 9101
807963 3233 3606
807981 1910 7801 6306 8033 1525 1018 2303 7938
807992 2969 831 2247
808041 6797 1787 1253 2540 5633 7288
808096 2408 3143
808119 1836 942 2356
808162 6170 4471 6355
808220 6007 3899 6832
808248 8845 1330 5356 4915 965 6390 2984
808250 1454 2350 1733
808294 154 1387
808364 2827 2350
808395 5227 9108
808463 8680 9137
808465 766 3731
808500 4876 1889 6220 83
808563 1352 5793
808567 6987 8569
808593 186 3165 1324
808623 5356 6876 2926
808635 8179 4208
808787 7430 5302 7609 9286
808808 8464 2620 3582 5510 4806 7580 1581 7577 3836 5232 5149 8410 5592 226 1082
808831 8274 5478
808899 5411 7638
809025 4965 9176 6082
809050 9050 3216 6439
809090 1808 7835
809098 2110 2874 928
809153 375 3602
809164 4793 1312
809300 5632 9303
809307 1929 8109 6036
809320 1716 1547 7920
809335 2301 5114
809343 375 7251
809446 9213 4430
809465 2589 2154
809480 1687 1547 5510
809481 951 1073 3700 4217 2607 4078
809669 4792 717 5843 7426 4694 2602
809672 2247 4989
809738 7027 280
809740 2110 3678 559
809779 3586 4691
809785 8674 6134 3561
809789 3441 4854
809943 7946 1953
809945 1953 6043 5644 1550 8588
809995 7580 87
810076 3731 8901
810078 965 1725 3935
810129 153 5083 5119 3290 6671
810143 2294 4216 465
810294 8379 5921
810323 3656 1058
810330 6277 6336
810336 220 5273
810402 1461 1029
810407 6390 4801 7735
810450 1015 8507
810473 6375 7425 1508
810615 3652 5516
810665 6336 2246 5627
810707 6052 5705
810828 7651 6016 520 5693
810847 7544 8795
810871 6281 2873 6953 7702 5676
810964 9165 8372 8379 2984 5627 6746 833 2734
810972 152 3556
810994 152 2969
811029 4793 1482 1656
811105 375 8484 2350
811183 3097 2040
811258 8379 5009
811308 4466 1318
811328 7027 3585 7609 4615 8820 8464 4618
811389 2301 5022
811399 3000 1243 6101 1140
811404 6089 2085 6000
811412 4650 1651
811551 2350 7031 226
811644 4305 1959 6609
811672 6933 2889
811691 4691 1836
811740 5276 4876 4963 3456 5682 3423 1141
811743 3226 5356
811848 1324 6709 4722 6164 6892
811880 87 528 3431
811883 1344 3454
812089 8575 1461 2509 4130
812187 5710 1018 2874
812274 3556 7886 1114 8568 8299
812287 4152 8785
812349 4801 3930 5032 4965
812354 504 2858
812373 7356 4670 7609 965
812395 91 4937 3866 2301
812434 8580 2802
812518 5513 1279 6987
812533 1638 5357 2071
812534 6671 2984
812617 3233 3472 7580
812628 5565 1719 8113
812652 1041 8681
812690 1324 2085
812698 5513 2873 5376 7742
812704 7577 3233 469
812714 5025 7481
812720 1267 4182 7430
812815 528 4276 7010 8145
812924 5086 3778
812954 4803 18
812958 6158 2746
812999 6014 2872
813005 2578 2330
813068 835 7430
813137 2984 7008
813169 8548 827
813257 8730 7548 6629 8548
813264 7959 6671 9253
813427 421 6746
813491 6248 9118
813539 5245 5356
813546 5676 6746 5033
813656 5195 286
813687 415 8807
813773 6432 3493
813776 7719 5843
813839 1426 3436
813846 2571 1821 3102
814125 6671 831
814213 4203 7692
814223 3602 4126
814240 6621 8464 2516
814259 4800 8314 5693
814313 5356 7639
814392 4555 1371
814586 2025 826 3929
814618 2226 3431
814761 896 2879 154 2289
814801 1311 5224 5810
814813 1330 6288
814886 2881 6612 9292 6044
814913 2874 6206
814926 3311 1842 1018
815013 469 2530 9228 1811
815250 8464 9286 4806 346 2437 7426 5024
815254 4965 6067
815328 1461 6777 9024
815374 7198 4208 2037
815388 5510 1277
815529 6637 1029 4126
815572 1311 6612
815586 1994 5543 3547
815600 928 1514
815612 764 9061
815662 448 9190 1547 3441
815681 2977 3556
815700 7735 6244 3740 1114 448
815708 1029 7742
815720 8400 2350
815739 7742 222
815977 1959 8484
815989 831 5536 5495
816092 8795 5521 9187
816168 8351 6085
816175 6065 831 8668
816191 6553 7692
816209 489 3823
816227 2350 1733
816447 5022 6720
816517 6912 1957
816561 2810 5824 4260
816691 3623 7980
816702 8978 7839 4203
816752 6612 186 8724 6671 1311
816898 6427 6036 1486
816959 5693 3207
817004 3285 5174 7830 7943 7609 3488 5294
817155 9065 5032
817280 205 8462
817365 952 9065
817418 5680 4110 8511 2303
817432 2698 6390 4444
817578 5024 5831 1842 152 421
817602 3677 8686
817628 5356 1953
817635 2984 5693
817676 7183 3939 6933 1454
817714 5024 4366
817735 5810 2996 7706
817785 7180 1593 4464
817845 4212 7481 4298 7875 2746
817851 1649 5510 6336 5682 5024 1968
817889 5356 5357
817945 4212 6158
818072 343 8906
818086 5356 8477 831 1262 8775 5245
818117 8548 7136 8513 2864 5056 8818
818167 3902 7848
818208 3107 4446
818240 2277 831
818308 5331 324 5181
818331 8637 4554
818354 1959 5356
818359 9361 6138
818550 6636 1722 3630
818567 5366 7228
818572 183 1932
818602 2836 2226
818605 7163 611
818628 8179 6888
818717 4139 7835 4928
818781 2805 800 5778
818804 5376 1461
818846 7801 2350
818882 7043 8321
818948 5578 3272
818968 6982 7324
819043 2289 5124
819077 4691 5171
819092 8178 3207
819095 4607 8724 4996
819201 7943 6720
819223 6678 222
819224 375 7228
819285 7485 7622 1626
819313 3576 8462 469
819526 9159 1339
819547 5538 3292
819559 6706 5086 4965
819591 827 339
819607 3818 8716 2984 8156 5592
819625 805 6246 6987
819629 965 6671 4691 5644 2403 6982 8559 4722 5408 1547 6987 4126
819714 8013 8775 3025 8785
819749 2624 5024 222 2863
819826 6288 1330 7735 528
819828 1857 3561 6605
819837 2555 3880 8321 7928 8568 6003 1387 8965 3419
819845 7755 7609 7299
820005 5457 5205
820032 8775 9213
820071 5565 8485
820114 2463 5675
820117 2620 6375 8637
820246 8683 5896 1751 1054 9014
820264 5356 3075
820281 6629 945 1030
820381 5269 8116 7183
820489 8548 8541 5457 2196
820490 1461 8152
820569 359 1994 6581 1075
820574 5331 4806
820607 4430 1426
820657 6336 5245 6375
820697 3493 6302
820702 4876 8036
820731 8568 6861 2698
820733 1953 8581
820774 1651 4876
820809 3247 3891
820820 3731 6007
820838 4263 7775 6037 4990 6612 3787
820853 5478 8590 5376 7581
820878 1968 6758 3519 2308 339 1651 2589
820942 3633 2075 8993
820959 4796 9304 3959
820972 4983 5157 6740 7735
820973 1327 935 7800
820981 5024 5171
821061 382 4276 4812 7865 4998 4989 5371 8637 1429 4231 7742
821177 1461 6609
821208 3818 6662
821267 3061 1236
821350 2836 1164
821518 5333 2283
821555 5329 5565
821709 6756 2350
821723 3440 6288 1397
821891 5171 1277 2822 7740
821897 3630 220 6715 6933
821904 8725 3665 1494 2827 8103 6009
821955 5338 5998
821977 8746 8782 8081
822087 6458 9131 747
822099 6549 7553
822106 489 3605 9072 2057 4960 1454 6367
822176 6933 831
822308 6603 1866
822310 952 3586 3431 2295
822317 3304 1277 1324
822350 263 6390 2946 543 1070 6484
822367 3736 2805 6205
822375 5356 831 3561
822428 2630 5592
822641 5376 7580
822663 6612 3493
822747 1207 4806
822789 1073 6460 3115 7081
822793 9292 1311
822796 1651 3233
822854 7514 3723 2246 8751 6569 3319
822867 6756 7847 5356
822968 8321 8795 342 1218
822971 766 2289
823099 1722 528
823107 1700 3475
823111 1976 6142 991 2001 831 6007
823182 51 8321
823200 8593 2510 4554 520 1837 2952 4618 957
823206 5329 8464
823207 81 3138
823225 1953 5060 4554 4691 7920 9065 2874 3250 5376 7109 3381 2350
823273 7246 8724 6375
823486 9081 6596
823497 1535 5513
823593 890 339 8413
823646 3954 6375
823648 7228 2172
823693 7781 3752
823739 703 3852
823754 2702 3602
823762 4655 2984
823805 1968 704 1500
823806 2461 4802 9275 4056 7055
823811 3202 4263
823830 8765 469
823854 7609 2655
823870 5024 3491
823915 3057 6609 9304
823921 1720 1461 2303
823946 3561 1324
823956 811 4611
823962 4298 9338
823996 686 533
824032 9290 5276 638
824133 8974 8782
824135 1119 6356
824211 1891 8671
824234 1681 21 1784 4801 3319 4920
824297 1267 3586
824354 2535 3556
824378 5376 4126
824412 7780 702 6160
824480 2231 2964 4498
824506 188 2535
824598 3425 4985
824634 6375 3271
824649 8559 2984 1828 2881 3489 9125
824734 6955 2746 7959
824745 5680 2303
824758 1371 3247 8961
824901 4691 6063 4042
824954 1026 50
825008 5269 4174
825051 3604 4965
825087 7548 489
825133 9174 6807
825155 5682 849 6609 2734 3200 2226 7980 5171 9185 5778 4453
825291 6733 1670 109 3766
825318 5245 9253
825420 4691 6671 6414
825457 5982 2720 8117 2256
825468 4800 3684
825574 1198 2159
825617 6569 5356
825674 4203 5729 9057 9033 8321 3433 4150
825744 1582 1857 2843
825759 8724 5171 1324 2254
825770 831 3475
825775 3490 2984 5127
825806 6288 965
825821 5 7580 51
825887 7737 188 186
826019 6313 3217 2216
826084 4691 1311 3226 469 6808
826142 6612 2350 6043
826149 2678 4694 3163 7800
826152 6691 8662
826161 6832 2984 802
826168 3893 152
826173 1347 9082
826232 3037 8819 6065
826256 6375 8937
826270 18 236
826286 2705 4722
826325 2720 4042
826385 168 4691 5954 4892 9178 8548
826390 4126 4664 1273 3727
826467 5162 2578
826603 4372 7002 4269
826648 6888 6605
826700 1761 6846
826778 4407 462
826784 1631 9213
826803 1198 2036 8607
826841 1324 7499
826891 5986 3678
826913 3341 6390
826915 7946 1262
826931 1654 2884 2414
826955 8122 52 5513
826977 2196 6696
827003 7511 4407
827007 4268 226 3233
827055 2003 4574 3015
827093 5072 4272
827306 5086 3836 1429 6067 7430 3395 4754 1842 5693 5136 2289 2620
827326 489 6367
827378 4691 2791
827422 9176 6336 7183 8944 1953 6402
827441 2815 6240
827517 6063 8050
827555 5538 1330 8464
827729 545 2655
827742 152 8099
827771 8147 6046 2459 2873 634
827828 5162 8724
827872 9339 8464
827909 5478 1148 3818 7298 3194 5510 3778 3235 1363 7523 4774
827924 2174 4774 5116 2003
827932 3271 5118
827933 3971 2350
827949 991 3292 5251
828031 9187 3431 7742
828041 8548 8590 2114 1447
828123 2037 6050
828217 9333 5760 1959 5357 8775 6264 2216
828252 2878 3107 4779 2130 2434
828382 4873 2294
828530 4796 5223 7481
828654 2678 5432
828690 2874 5224
828699 965 6375
828808 8681 7331
828830 6431 453 4691 8119 3226 5056
828871 5592 8798 5459 4630 4712 6844
828912 1836 3678 3606
828920 6987 2984
828966 7801 9228 6158
828973 421 9101
828992 7646 8830
829081 1968 4056
829100 5331 5202 8559 3271
829133 356 7411
829183 5982 4042
829203 8236 4868
829242 6609 4943 5921
829269 2350 4655 965
829502 3602 3556
829512 18 6832 1959 7801
829538 9067 686 4486 1552
829540 7875 7980
829686 6824 5032 8425
829750 7377 5411
829771 5119 6944
829788 7545 4691
829799 3431 7801 6671 6248
829810 4774 7298
829815 7337 7737
829820 5022 6605
829881 7575 3778
829895 5521 3488
829934 747 4235
829937 952 2231
829992 9016 6777 3143 6230 4806 2984 3312 4042
830077 2085 5693
830154 9025 3143 5747 7228
830162 5676 8703
830198 435 8377
830243 1461 3074
830288 2310 7823
830326 186 5245
830373 522 2984
830601 7255 928
830615 1722 3292
830625 4196 8606 4517 3778 5118 103 951
830667 6596 375 4793 2619 8780
830736 3271 5510 4133
830849 8860 7634
830892 2506 833
830902 4000 2226
830930 4615 965
830987 4135 5682 1253 6628
831005 9176 6777 2636
831062 6609 7523 8637 7521 5050
831102 1720 1570 1461 638 4797
831173 8718 6996 2571
831223 2532 1582 7298
831263 2032 4453 7609 538 3752
831280 1262 902 1399
831332 8821 8217
831369 108 8634 3423
831424 6016 359
831467 1029 2110
831471 4249 448
831601 2347 8528
831644 5778 4806 3381
831665 5269 2984
831674 5921 375 4139
831709 8819 6933
831758 7447 6158
831762 6933 1670
831772 9065 7692
831790 1461 1060 3796
831794 4366 8785
831804 5738 5024
831838 8888 1720 7581
831878 489 7446
831902 3201 2256
831939 3237 8126 6609 4691
831950 5502 7768
831959 3475 991 3586
832051 5738 4691 1148 5698 6933
832140 7639 2226 9040 1311
832141 1997 1442
832212 4891 7943
832245 6114 2984 3561 3907 7481
832285 8484 4804
832417 4806 7781 7668 2822 1930 3678
832509 6443 638
832516 5100 6277
832576 4231 604 8493 1529
832737 8138 4102
832789 6720 4191 2164
832810 7742 3824
832829 6439 2226
832872 1528 3576 7661 1959 3604 2633 5081 1898
832883 5954 5224 4345
832965 6994 1238
833000 5249 1253
833017 8085 3576 3138
833131 3380 4287
833139 7609 6933 6288 4298 2350 5032
833141 1930 766
833165 8363 2571
833189 6757 4708
833240 2350 5693
833290 3893 4808 87
833351 2827 3849
833360 3544 5302
833385 2746 222
833459 9116 7980
833498 3950 4806 8724
833510 7319 359 3752 6933 8845 6204
833544 4698 6240 3831
833547 1489 1722
833564 8633 2695 6906 4694
833618 8019 1953
833659 5590 4298
833690 1790 6671
833746 2980 5645 927
833813 3233 2964 1514 831 3662 7608
833873 5356 3602 831 6671 7430
833906 6442 8901 4056
833924 5739 7481
833930 7299 2037 3893 7883 5022 3102
833995 6709 3398 1930 4793
834078 5171 6944
834130 1651 205
834182 7521 1328
834242 186 9150 1651
834248 3071 316 1651 1058
834502 3381 7425 9286 520
834526 599 2890 5424 6738 3207
834577 3237 226
834686 8191 6715
834688 5171 1461 3670 5024
834830 8659 6113
834847 1452 6933 9304
834858 4691 2874 5376 4271 6832
835031 8568 6595
835088 8219 4615
835131 1311 5245
835150 7098 4056 6322 4182
835156 5118 8782 9214
835175 1029 1383
835224 2502 6846 2350
835237 4928 2025 8321 3143 6629
835299 7206 2555
835303 2873 7577
835316 375 9176 3678 4341
835327 6733 1886
835466 8040 2278 4408 6612
835477 5739 1836 3880 1018 4951 7917 3606
835494 2197 1473
835541 3292 645
835566 870 7943 1729 2857 5468 6089 6738 8382 8165 3711 8424
835591 2085 5590 2874
835753 489 1653
835764 8399 1955
835798 1497 5302 396 4284 7918 2289 1868
835819 375 1029
835826 3216 9253
835833 7523 8782
835907 1299 3447
835936 1586 4298 6746
835948 9047 2350
836030 1540 6390
836094 8413 827 6758
836132 6164 3801 8464 7645
836147 9065 645 3893
836149 1049 3216
836249 4986 8321
836282 6987 3711
836320 9176 6246 8013
836331 2527 3431 7917
836349 7974 1362
836370 2535 7481 6170
836397 1547 7770 7430 8179
836422 8548 7182
836425 2535 1722 6375 4891 7832
836463 8724 222 7577 6671 7228 5356 3233
836496 1547 6581 9253
836527 4454 5680 2419 7272
836542 9047 8765 6443 5794 6551 6367 3653 2589 7622 1968
836558 3658 421 7781 8659
836570 9292 6390 5633 5411 2213
836717 9124 4701
836943 6085 9228 8632 5224
837027 5896 4118
837048 152 1371 5357
837097 2246 5201
837279 8730 1356 808
837302 4139 5516 6605 1892
837323 6248 5565 7319 4486
837338 1461 4238 5056 4793 2110 2678 6944 8959
837343 7577 6158 7741
837396 6231 2651
837506 3604 9043
837537 8321 8706 2578
837554 4806 3576
837747 7737 2350 6944 4555 226
837776 1387 7581
837804 8355 7764 3298
837872 8219 4983 4808
837913 6581 6671
837950 2906 6605
837954 1547 7298
837957 5356 2231 5032 2166 898
838036 8484 1058
838093 1848 2356
838107 7366 50 6751
838170 3556 6117 3051
838206 4113 7356 7253
838330 5032 5171 5024 6302
838445 1738 4212 8984
838471 1348 2350
838472 375 6390
838487 8548 2114
838507 1018 3431
838512 4456 7609 1581 2166 9286
838571 8033 7043 1967
838602 7335 4806 8349 2636 1959 3234
838775 2984 1154 1461
838779 7742 4517
838847 3792 8413
838881 2239 8974 2307 6652 3852 3395 8875 3431 6982
838912 441 8296 7800
838941 2459 7742 6390
838947 9185 1116
838959 6158 5590
838996 1699 5578 3271
839003 4298 7185
839195 5680 6933 2085
839209 2607 1858 2317
839257 4866 9101
839338 9212 5184 774 8050 4396 1422
839369 8338 8033
839394 6652 1842 4373
839440 926 51 622 3475
839509 5393 5032 3025
839532 8314 9176
839543 2984 6671 375 7153 6840 9214
839601 2164 7796
839613 7661 5032 2984 8635 504
839648 336 5510 4721 3271 6706 4194 6846
839720 4983 6671
839849 3778 1950
839989 3891 88 6581
840104 4249 7639 2510 1842 1953
840124 3033 520 4212 8464 7801 1018
840139 8314 8568 2984
840203 6480 6746 8513
840348 1108 3935
840384 2571 7010
840399 4232 5024 359
840414 5433 6479 951
840415 6933 3061
840467 5521 7481
840540 7832 2155
840582 2630 9316 5510
840609 3035 4042
840651 2231 2874 5053 8724
840686 9159 2914
840730 5682 2157
840744 4772 3292
840770 6996 2984
840861 6481 4898
840871 3240 841
840893 2984 8845
840928 5693 4298
840954 5793 1844
841037 5 6165 4873
841192 5224 6666 7577
841305 5171 5086
841330 6832 421
841334 3678 226
841346 1482 1442 7609
841355 1494 7125 3119 4407
841503 5578 6158 1842
841563 1324 7764
841625 469 4592
841917 7396 2350 4099
841962 7319 5592 3304 4298 7577 2419 6170 917 6933
841973 5024 7801 154 3678
842005 5024 1273
842027 504 9371 2858
842071 4574 9304
842088 4975 7883 3180
842138 2890 6933
842252 1236 6220
842280 7671 6933
842360 4279 2984 3524 682 5922 3061 4691
842390 8314 3602
842393 3778 7938 7406
842451 8637 375
842488 6987 8568
842513 1651 5045
842658 2350 1636 1683
842660 2678 4655
842674 22 5022 3163
842704 7523 442 3163
842738 1724 7539
842757 8853 4806 5245 8050 8292
842776 6390 421 5331
842817 1608 1347
842823 8636 7766 570
842830 7272 6609 5680
842859 4745 448 8484 9120 1083
842886 1930 8845 1680 8027 7425 635
842996 6308 1410 4796
843168 1720 7214
843199 6158 1842
843200 4812 375
843243 6147 6257
843270 4806 7228
843300 5335 6985 7514
843305 2414 827
843316 2633 6158 5578
843362 5162 5 2873 3670 6390 4806
843363 782 489 4806
843416 6982 1651
843443 7692 7809
843535 6198 5478
843563 2110 3292 4903 6746
843614 8321 6447
843644 4691 4806 8477 7742 205
843693 7228 6075 2751
843694 3493 152 3787 186
843708 3752 2855 928
843726 1842 5693 1653 7406 8321
843732 8550 8775 2636
843767 9253 7747 3893
843807 1148 4126
843889 9014 6962
843930 3451 375 5590 9061 6609 1608 1508 1468 1223 8775 8996
843985 1533 4336 7285 5438 6164 6375
844016 8236 6548
844034 2406 6390
844074 8484 3547 3602
844092 9118 107 2289
844110 6158 5280 7920 1324 5592 8201 8625 2760 2065 7830
844129 5356 1631 3752 5357
844162 2085 7735
844167 5761 5331
844189 2746 3124
844196 3880 3292 3590
844228 8130 9292
844300 5356 2075 418 8849
844357 8579 1653
844375 51 3556 1482 5276
844395 5224 2110 186
844476 1968 5 51
844559 6832 2984
844560 7481 2314
844663 7737 442
844672 6629 2822
844716 4803 4928 5171
844742 1119 3665
844746 8141 5086 2589 4534 2420
844782 3849 4806 7661
844797 4308 4801
844846 965 7958
844895 103 1277
844980 4196 7590
845038 656 7406
845048 381 5025 6987 4806 8677 959 570 2173 1968 375 694 3175 6288 5331 3586 2964 7042 4607 870 1114 7577 7780 3562 9061 8682 226 8739 847 6067 1877 3630 2036 8714 6158 2636 5127 8577 868 928 2827 6341 8590 6138 7742
845129 2350 87
845288 1330 3752
845351 3778 8080
845365 1930 9 2874 226 3271 5376 7639
845418 7446 3272 1981 3102
845419 7702 8637
845439 1681 1473
845450 7781 8659 8794 5511
845468 4691 6635
845489 7813 226 4722
845520 1419 6671 7511
845545 5450 7069
845554 5171 5628 8179
845569 1968 6244
845693 6996 6609
845829 952 7253 3994 1725 2926 152 6375 835 3234
845975 22 3800 2350
845989 7043 9286 5376 8321 9228 421
846080 1186 1119
846127 7634 8172
846153 7541 3561 6609
846155 5699 1595
846171 1953 2827
846174 1877 7917 5223
846210 7622 2589
846223 5171 8485
846270 7440 2984
846306 5592 3778
846419 186 152
846457 7781 4444
846464 1869 5042 2636 6244
846523 3370 4806
846569 7526 6248
846605 6313 7735 5956
846696 8399 1525
846859 7692 5565
846947 188 1448 9317
846954 8011 3765 8849
846986 7839 2350
847022 152 2698 1821
847064 9214 3630
847134 4360 6985
847143 4444 2791 7609
847154 7008 79
847166 7737 2670
847196 6248 1778 6375
847226 8588 9159 3670
847247 3431 1778
847339 4806 3454 1595 2964
847360 2278 927 2035 5356
847371 375 6581 7625 5966
847437 6982 661
847523 6396 2589
847573 7037 375
847587 9185 1725 959 6375 6164
847600 2350 7426
847631 8860 7570
847646 2278 3893
847695 4554 7742
847707 1311 6678 659 6129 1018 6313
847720 4726 6933 2311
847751 1012 78 833
847823 2484 4806 2289
847875 6264 2166
847882 7072 7523 945
847883 2984 6394 4691 2914
847893 6612 5538
847902 8885 3143 4269
847910 6987 3731
847946 9187 7883
848086 2827 3292
848138 3120 833
848159 1699 6605 4876
848242 4757 7693
848261 928 4066
848299 3441 4829 8033 2651
848417 4651 4928 172 4298 6944 296 4452 6200 2323
848613 2231 4354
848621 8730 2678 8568
848655 5516 3073
848715 6288 4305 5356
848728 8477 1442 5171 7430 4051
848743 7276 6375
848821 4298 6375
848854 2890 6101 48
848859 8853 9304 8568
848874 8637 3233
848939 7306 2350
848950 4891 5356 8795 186
848955 835 8321
848959 3143 6324
848971 2589 2000
849179 1666 7191 1636 5521 5620 3752
849186 5590 2746
849259 292 5693 2789
849321 3765 6117 7362 7839 3201 6751
849331 375 2982 6609 6994 7577 4691 3431 1238 6390
849376 4722 7530
849420 1722 6982 2376
849440 7608 205
849496 1834 2213
849501 4238 1554 1842
849529 2535 8493
849722 7609 1010 5136 6390 2609 8240 4466 3436 3187 2130 6459 2484 928 3871 2325 5048 1369 6409 3897 2847 5331 1715 6014 9351 4806
849763 3752 58
849788 8059 3893
849878 743 8321
849882 5022 8775 855
849919 221 5327 5025 4517 3632
849996 4298 5269
850044 51 2678 1253
850085 8452 489 7823 2114
850184 2231 1722
850214 8782 3495
850221 2571 4446
850301 3436 2775
850382 8064 7043 6933 3748
850384 2571 4800
850386 1953 4141
850402 694 9206
850435 2231 1399
850439 103 442
850452 8486 5024 5770 7575
850465 6122 3833 4196
850482 4298 3693
850528 8775 6933
850580 256 4462
850627 4268 6375 4577
850659 6394 3576 6117
850690 7801 2303 3063 2681
850718 1547 4806 703 1930
850775 9024 5392
850874 6628 5376 9316
850883 5693 4126
850893 2207 3841 5083
850950 6695 9072 479 1181 2727 2705 3107 6890 6230
851009 4296 4691 7332
851047 5534 3156
851088 6662 6671 2984 7027
851149 728 2257 2734
851172 5042 8775 3752 6933
851215 7430 7577
851261 1504 4425
851267 4059 2873
851298 6117 5798
851310 5024 4701
851323 8718 2350
851375 8109 223 7656 1911
851394 4203 9213
851424 9326 3395
851446 4800 4615
851612 7824 8033 7980
851627 831 9274
851639 2350 6636
851643 6170 1547
851655 6336 1631
851706 6244 6117
851722 5032 921
851845 4265 6857 4208 8424 2003 1461
851908 2749 7577
852008 4965 3893 5180
852031 5565 5086 3731 2775 6240 8663 9304 898 4615 4194
852116 7920 6751
852144 857 7129
852226 5302 689 5593 8950 6067
852308 8775 375
852496 7511 7737
852551 6170 8902
852595 6248 5693 5680 3493 4554
852596 4806 5686 6067
852643 3323 569
852704 3234 6596
852706 375 1454 1733
852816 186 2562
852860 8548 489
852890 6390 4139
852953 5738 6288
852972 7309 3194
852982 346 2636 5212
853010 5302 1930
853091 1593 4187 7523
853099 2463 4831 6113
853130 1262 1387
853174 928 183
853178 375 7435 7153
853293 3163 811 3292
853313 965 9 1895
853397 2874 3207
853523 8672 7741
853525 1119 8089 6198 7298
853574 831 2636
853579 5356 909
853588 6629 8184 7580
853737 6808 3630
853817 2350 6720 7043 5 1015
853864 5674 4615
853902 2085 1720
853926 4099 3233 7507 8022
853987 4076 3431 3395 4752 1273 8115
854007 6331 2984
854031 5490 7015 3226 7068
854059 2926 152
854087 6009 3540
854129 831 7183
854182 9212 421
854310 9311 1638
854315 8172 1968 448
854317 5022 4932
854370 6313 3292
854465 6797 339 2303 5590
854488 1533 5497 7781 5538
854643 6082 3678
854734 7545 7815
854759 50 1277
854761 2873 831
854806 7830 4554 3286
854893 3556 7580
854917 4346 5031
854941 851 2321
854974 4951 5143 6933
854978 5356 8589
855025 4574 9339
855031 7801 800 7800 469 1821
855102 8284 917
855132 8853 4891
855175 2314 7920 3215 6067 9253 4806 1930 5331 3216 5086 359 2125
855197 6987 2984
855221 6009 4650
855321 2602 2241
855332 9292 2727 5449 4345 2908
855360 1953 4293 8462
855364 2890 7737
855416 4298 5292 8338 4928 3739
855502 8379 375
855560 4464 5830
855607 6313 3880 9082 6049
855614 685 6147
855701 5357 3292
855731 7308 4577 9292
855738 6537 359
855751 2350 9061 9214
855851 5024 7943
855873 2678 8541
855905 1143 3949
855908 6113 8568
856159 5331 5592 4164 6158 4806 6248 51 6678 1311 928 4691 4298 5693 5224 3493 2805
856216 2881 1743
856225 7440 5086 8179 6987 1238 3237
856267 8063 7504 8972 1405
856329 6629 5392 833 1529 5747 7573
856356 1277 217 5200 2310
856403 5331 7923
856422 2310 2838
856587 4891 8050 6822 6671
856595 6846 421
856872 8568 5359 2069
856887 1426 469 612 2350 6933
856935 7433 7835
856944 6238 4797 9213 3097
857042 8932 3556 1838
857045 5003 8151 8845
857075 3893 8659
857119 421 4742
857308 7717 8568
857376 3395 3541
857377 2045 5565
857394 7638 1651
857489 8576 5180
857509 7106 346 7917 4831 186 3893 7754 3234 7959 8638
857540 3935 4554
857572 8548 5357 827
857596 1930 952
857643 5356 1237 1608 2746
857687 5056 1461
857754 5487 7449
857757 6047 890 831
857768 2984 4577
857903 1720 638
857910 3292 6206
857916 2414 8548
857963 9148 802 9014 4164
857992 3237 6840
858020 90 3678
858092 8033 7609 3890
858212 2085 126 3234
858243 7507 5109 1029
858426 4983 6933
858447 5086 2370
858515 3678 2571 8477 235
858598 8379 2154 9371
858809 2463 1508 4105
858834 6987 6107 4231 528
858954 3493 9198
858984 9292 3556
859020 3429 2605 3519
859065 928 5356
859100 2696 6375 3973 2881 1026 4208
859181 6612 2069 2231
859194 222 3493
859279 4298 6832
859341 1738 3132
859408 188 2571
859417 3586 5032
859446 2414 1356
859493 3233 8227
859614 7648 7774
859645 3381 3073
859744 4837 1725 5329 5895 2350
859749 7433 7481 5331 6581 7425 5202 1031 4631 3024 9304 222 1497 8464 4253 448 2521 2350 811 2636 1086 3493 5245 4800
859774 9101 3290 4808 703 2571
859822 2820 5895
859835 8580 2045
859844 2571 2347
859848 1119 453 1454
859927 879 2896
859951 5438 359 3740 3163 1683 4849
860155 1818 6320 4167 2357 3748
860175 1937 1461 4756
860223 5356 7577
860238 3731 8860
860268 766 7737 8264
860317 7735 6206
860391 835 6846 8091
860613 3987 9337 6133 5457
860646 2984 6846
860668 6296 2110
860675 2278 8164
860697 2350 8520
860717 8593 8649
860721 3475 4891
860930 6827 5338 5024 5331 4615 3431 4649
860983 3556 6987
860984 3787 3576
861022 6935 3891 8574 7470
861034 1292 6987 1223
861229 9061 9293 1296 8464
861244 2838 9318
861291 3431 2110
861327 3165 7521
861342 8953 4141 4615
861370 8130 1324
861373 4298 6892 1916 1914 1324
861381 5954 2746
861422 4806 5025
861497 2681 8818
861522 8637 7430 1114 1046 6043 8659 7411 5644 2043 1760 3556
861642 9118 3979
861644 2984 3493
861803 6719 7521
861833 4983 2984
861869 6751 6987 4408
861877 4430 448
861909 6048 831 906 4212
862003 5302 4208
862107 3237 5082
862152 6480 222
862218 2625 6336 8777 5774
862232 6734 3576
862259 1387 194
862276 5457 6356
862436 2239 1273
862438 9253 2289 1734 7339 1959
862477 5356 991
862486 152 1953
862592 8033 3271
862635 2984 375
862639 8590 6671 6612
862660 6007 2289 5082 2050
862691 3797 1220
862791 7262 7699 8541 9033 1725
862837 4543 1547 6933
862846 4793 4722 3534 2110 9157 6480 8321
862860 8724 2805
862887 3678 5731
862909 4391 1842 8373
862914 5995 375
863018 8321 8050
863027 6336 2308
863054 442 8837
863103 7210 2291
863165 6671 9125
863176 967 6668 5153
863196 1738 1547
863297 381 2362 5513
863405 5202 2350 2400 5302 6581 5393
863465 222 3271
863471 4965 2874 601
863552 222 7832 188 4691
863737 4622 7165
863764 8033 7129
863839 3216 645
863852 4543 3731
863922 8103 851 7800 5555 2832 3606 2966 8464 906
863926 7577 3233 6080
863999 3203 215 523
864036 7803 7561 4721 8923
864112 6605 4929 1841 7788
864161 4517 8054
864220 2314 8091 7800 375
864284 2743 4407
864323 688 3233
864331 7037 51 5798
864344 928 2307
864391 2296 6186
864417 1029 471 9315
864420 7426 3561 2874
864459 8854 188
864582 3787 6581 1681
864594 3868 5656
864622 1186 2678
864634 4298 1358
864643 6720 1273
864678 6063 797
864729 5498 7651
864742 695 2540 2376 1871 3589
864770 7735 3630 6678
864852 5633 1651 6147 4876
864854 2678 1461
864868 6342 8966 480
864875 5331 8314 645 4797 9101
864878 3272 8493
864901 7481 8379 5421
864908 3475 4723
864959 4021 1330
864963 8351 645
864973 3395 7801
864974 6955 3893
865002 3431 4396
865012 1029 5590
865022 1968 1670
865105 3678 656 7606
865121 6170 1930 469 6288 5689
865141 448 9292 6987 4797 3226 8355 2110 8737 831 3824 2170 1842
865144 8033 1378 5024
865237 5682 2350
865312 8179 2289 448
865327 5356 2609 2840 9338 2749 4792 7737 2914 2746
865396 1778 694
865400 1114 3836 965
865435 8965 2110
865469 7580 7742
865490 6987 2562
865555 1777 1148
865591 2050 6709
865645 7622 6629
865662 4500 3244
865667 1877 4173 3317
865678 2881 3446 4552 4249
865716 2350 5478 8091 2636 3451 9101 3637 2984 3602 8714 8484
865727 6933 8109 7519
865803 7411 6158 7801
865834 4806 8001 3586 8314 7425
865862 8329 965
865875 8984 9304
865898 6609 4691
865903 4806 2247 5 761
865946 3753 9259 7824 9203
865988 3216 1836 6117 4801 9150 7285 1114
866093 4298 6596 4928
866112 7045 5471
866118 8400 5356 7313 2818 8925 2350 8954
866120 5799 5376 6987
866142 2746 2984 1277 5376 5171 7072
866144 6709 7735 220 1228
866208 8033 3105 5510
866236 6933 7425 7430
866249 849 1547
866250 7639 9150 7575 3257
866260 2503 6164
866294 4121 7169 3935 3824
866297 9276 5024 6933 4615
866320 5056 5500
866344 4453 6720 6933
866349 375 7747 3606
866398 6912 8464 6085 6336
866442 2843 8462 7645
866461 5513 2350
866489 2822 4466
866561 6720 6063 9185 6964
866564 1811 4996 7741 3201 9306 7577
866590 8241 248
866717 528 1330
866731 1808 2914
866774 4616 9137
866824 58 1196 3678
866887 4444 2698
866918 7064 7768
867072 5280 1528
867103 188 2168
867153 4574 6063
867173 5871 7768 2310 6164 1324 1070 188
867262 2571 952
867283 2822 5510 1722
867288 4444 7526 7430 4736
867292 1468 6787
867331 6390 6164
867341 4402 1968
867344 189 3124 3226 5526
867384 1029 6372 1116 6113
867386 5896 7865 5244 3630
867591 2810 1010
867702 6375 2110
867864 8548 5194 8479
868053 2984 3678 6390 8795 4691 7352 1930 1547
868120 8321 3731
868147 5791 4790
868163 4271 5430 8477
868172 8681 4212 1119
868208 5592 3341
868252 8780 4126 1030
868284 2571 2541 226 4140
868311 3848 4056 4196
868341 5356 2881 1547 226 2050 1283 2984 2805
868356 8682 7577 2502 1725
868398 545 6609
868433 656 1968
868498 7575 4813 1223
868522 2881 3233
868629 4425 6671 2254 5136
868686 4806 5458
868746 7622 6094
868789 3837 3226
868824 5986 6390 4104
868842 5578 4691
868883 6113 4360 1916 4607 2182 3897 7609
869031 8637 205
869055 4223 812
869148 4701 2350 5592 3678 1686 1018 2555 8355 7973 5356 3458 7735 7839 965 4430
869195 3519 7312
869198 7622 3071
869213 8659 8775 7570
869251 1049 442 906 8785
869329 7131 8091
869386 3233 2157
869539 4615 560 7735 4691
869581 5109 6333 9371 5161
869583 5022 2221
869636 7839 1953 87
869703 2503 6987 5188 5105
869712 835 917 5778 8665 2278
869732 288 5521 2984 3736
869813 2820 5552 1547 8925 5086 9150 8179
869845 2744 6832
869852 3491 2773 7481 1347 1026
869876 660 2080 6164
869901 4816 6457 3310
869916 8902 5986
870007 2586 2984 1062
870048 6996 3250
870054 4268 3272 2036
870059 8321 8130 339
870077 1651 465
870140 2746 375
870189 7923 3630 3586
870225 3519 4876 6378 7764 5516 9203
870297 6581 1026 5374 1312
870338 6596 1945
870384 3544 3893
870417 7495 2488 890 7992 9279 5680
870449 8915 18
870465 9317 7306 5439
870503 4574 2503 3533
870532 3431 4691 4806
870674 280 3630 965 2984 6846 2966 1426 3513 8568 8300 7481
870682 8473 6336
870713 1461 9292 339
870744 2881 2541
870849 3868 4775
870854 5224 2050
870912 9292 3678
870966 7923 2096 5705 1362
870973 3207 9341 7609 4137
870976 3271 8484
870981 3990 6303
871013 841 5627
871048 2586 381
871094 4592 5747
871141 5738 5086
871232 8658 2651
871293 8900 1636 375 6423 5798
871427 3000 528
871439 2304 7577 5086
871460 8126 8077
871470 8795 2350
871523 7298 1999 6933
871638 339 4928
871681 8635 1371
871813 2226 5202
871818 3973 7843 1471 2878 5376
871844 1311 8581 4691
871846 375 7406
871863 1953 8775 6048 8565 1636 8109 879 6933 5521
871939 226 831
872015 6987 2350 965
872076 4808 9318 448 5356 927 5032 4806 1681 1114 645 6671
872148 2126 8590
872204 4577 3237
872206 375 3602 4607
872215 6336 3862
872275 1323 7959
872353 3319 2049 8724 6288 2226 7735
872413 5565 5032 5335
872429 18 1311
872434 4806 5360 7180
872465 5510 2393 6609 5356
872529 6313 4806
872549 298 6592
872554 1514 4808
872615 2550 9059 1953 8346
872627 9065 6944 3893 1419
872669 8033 7651 1002 3111
872700 9292 5224
872712 188 2362
872731 2114 4287 8541
872834 4928 5171 6423 2633
872908 6129 4691 5024 6288
872919 5587 4849 1547 8426
872924 5742 381 3670 7860 4793 2556 946 6394 1809 4983 5538 1115 8050
872934 1115 2350 7832 3419 2293 4263 6007
872937 4555 6171 6666 469
872946 6581 5738 6358 2984 991 9228 4167 6064 4739 2809 3893 5083 2881 2173 8978 9335 8775
873049 6146 538
873054 6451 7027 1683
873064 5032 9304
873072 5356 7433
873139 1842 6390
873301 9316 6635
873312 6609 1311 1822
873314 4102 5693
873398 4691 1387
873571 2282 9014
873644 4260 9101
873673 7267 2791
873682 3292 2541
873782 5632 906
873834 1387 8033
873871 4915 9061
873882 4577 6375
873884 8806 1838 5739 7464 7311 1371 7043
873933 5513 3893
874081 5393 2350
874115 2984 6832
874121 5356 4806 2984
874126 4176 6938 2175
874255 8486 8932
874390 8654 5356 4996 902 7781 1533
874418 8373 3165 8091 2734 6390 4806
874463 5024 4876 8321
874505 1158 2116
874544 1968 9157
874570 5590 188 9203
874630 4691 2419 9341 6609 3431
874647 2672 3987
874738 2620 4456 1151 2256 6460
874784 3678 5693
874789 3234 5693
874808 3586 982 8119
874855 8954 5320
874883 1968 1189 4898
874938 3233 5338 8466
874961 4951 52 1327 2414
874990 4287 1968
875064 1842 288
875073 3493 1347 9101 2691
875178 4965 2425
875194 2078 359 7430 7832
875196 6313 2627
875318 7411 5143
875348 942 2196 1719
875467 6164 6336
875588 4891 375 6390
875619 7858 1651
875682 4373 4276
875834 1419 8965 8664
875842 5331 3893
875857 7839 1608 3107 3226 7920 2303
875923 6113 4806 2827
876122 6756 4790
876124 7577 8867
876139 7646 833 151
876223 288 421 3216
876285 1330 9072 81 6164
876293 6940 3593 7655 2238
876294 6005 5202
876317 1957 9237 2350
876336 6987 2984 6933
876342 3290 4263 226 7781 6807 3216
876363 761 8637 2636
876413 6387 8737 8637 1496 7865 932 5376
876422 4965 4792 6933 4502 6048
876466 7580 3304
876526 7635 7396
876550 7634 7630
876645 615 6662
876690 1383 5542
876734 2350 6025
876748 280 437
876960 2231 5587
877059 2532 8236 4968
877061 2050 5302 4806
877180 1651 2310
877244 5397 1468
877262 390 3064
877308 5109 5072 4972
877328 3752 3051
877343 1680 8568
877491 3105 223
877497 5356 5497
877521 2328 811
877539 3395 6447 8321 6240 4554
877575 1273 6678 103 7735 3561 1238 2873 5510
877653 6595 8321
877693 501 2571
877724 8413 4812 7982 8236 6709 2301 1722
877743 152 469
877746 3292 6690
877765 5449 1273 7824
877819 186 5245
877822 511 8237
877949 8541 7548
877951 1533 7692 5356
877957 5550 4722 6756
877996 4691 2425
878114 5592 1654 5331
878131 4208 5738
878138 1941 8923 2761
878173 4298 4212
878182 3292 4983
878304 6832 6671 375
878305 3493 7481
878355 3893 4806 4231 5331
878418 8485 1049
878421 188 624
878539 5273 5662 442 5693 7781 4996 8050 2144 5979 7034
878558 4298 2581 1497
878621 7245 4517
878662 2314 5513
878678 898 5356 7801 3120 448 3897 1273 2534
878696 6485 1842
878725 8923 3721
878800 17 7871
878882 2301 4582
878958 3311 4691 2642
878981 1868 1475 87
878992 7408 7702 2350 7426 6996 7328
879050 6824 7742
879060 6063 4298
879072 8500 2843
879095 6313 6170
879133 4918 952
879135 7774 87 4208 205
879332 1408 3684 8011
879371 2241 6596
879386 7298 1722
879486 3234 375 2984
879551 1015 7830 8109
879596 5331 7481
879690 7425 3491
879718 5513 2945
879721 3493 5560
879772 4812 1953
879833 469 3493 52
879834 831 222 9065
879867 6336 2555
879936 205 6842
879992 6375 7507
880016 3292 5024 928 3511
880043 7511 2934
880068 3893 5356
880079 965 6609 8795
880121 254 8780 8775
880309 1371 8580
880332 6987 4444
880347 6938 2461
880363 831 8961 1312 5513 5025 8173 6288 898 1889 5086 4701 6164 5 4691 6808 3556 8477 3625 2822 4928 8608
880372 5162 1319 2636
880373 1353 2010 3678 2350 2484 833 6933
880408 7481 7577
880425 442 5072
880453 9292 5200
880458 4806 4347
880479 3292 8706 7285 2239 7125 3102
880497 2894 4264
880598 343 6390 188 8724
880614 1651 8548
880630 5199 4298 8324
880644 866 6933
880670 2350 8488 9253 375 4444
880671 965 8764
880754 3585 8765
880770 4152 5628 3284 4238 1682
880833 339 5024 9157
880963 6390 3381 2755
881018 4592 5338
881034 268 6933 5024 1010
881186 520 6390 6720 2652 2805 2085
881201 3556 4806 4813 5895 7162 5227 9250 4577 6399 5676 1547 3630
881309 3678 7756 7435 4965 866
881364 6065 2350
881429 9288 9131 2317
881526 2291 4890 6352
881539 7425 7570 7580 1454
881689 4691 4615
881703 8603 6621
881806 5086 3806
881851 8718 6655
881867 1842 1236 3678
881898 2812 699
881961 4425 7311
882013 868 1968
882025 4180 5738 5661
882042 2878 7824 5686 886
882101 1468 835 5693
882199 2571 5513
882208 5763 7604
882235 2254 8050 1505
882306 1311 222
882320 6662 4554
882357 5086 6055 5224
882490 831 3423 2085
882501 8590 5202
882514 7426 7893
882565 6706 2535 5171 1547
882617 7524 2984
882672 4042 8590 6933 3395 220 4697 5086
882801 766 1140
882819 9101 3226 2984
882909 8984 3233
882930 8961 2873 7923 188
882933 5738 1722
882939 5224 7639
883012 2347 5329 2239 226
883067 2166 866
883117 2541 3645 3547
883216 3731 9002
883255 6048 7742 6738 3233 6158 7188
883276 826 3635 2864
883311 5693 5331
883353 7609 134 7920 4486
883465 6733 4812 8115
883468 6962 5458
883568 2173 5032
883572 3678 448 226
883627 5986 3678
883643 2246 4407
883660 5686 4466 7505
883761 6390 1930
883843 6935 1649
884014 8321 7827 7331 6933 3163
884043 4965 5331
884048 3041 8973 8940 1790 4678 2303 7553
884070 3678 421
884095 8944 4785
884249 9228 4303
884269 1680 7923
884340 3207 4238
884425 7524 3223
884471 5181 4928
884496 4212 4691
884502 3585 1651 4868 5357 827 1073
884620 6164 3556 7943 3809
884642 6996 6097
884759 6390 7839
884809 4196 3068 4554
884826 9185 4691
884927 645 9047
884960 7839 1442 2350 7832 3880 1236 8775 952 2984 3271
884963 4928 3678 8590
885010 2125 4446 421
885011 1489 4722 1199 9298
885052 1387 4939
885057 226 5086
885060 8580 6200
885096 1029 3226 6396 188
885191 3615 7742
885232 4691 8914
885238 3844 5162 375
885264 7706 4774 2586
885268 8681 8845
885378 8236 2746
885447 7622 4650 489
885563 2350 6049 2254 4574
885611 5024 685
885636 6612 7832
885643 5770 2226
885646 6264 5245
885659 5557 2586 4126 6605 2625
885691 2166 5356
885729 8484 6390 2984 375
885738 4806 9065
885757 831 5376
885816 1511 4772
885835 5245 2984 4721
885839 5449 4812
885847 3168 6857
885861 9279 3973 8637
885872 3752 5738 2998 1419 7396 5171
885926 6390 7027 3562 7580
885993 4849 2067
886047 6230 761 1029
886068 4391 6048 7839 831
886186 5376 5770 9072 2678
886197 2681 8590 8548 5633
886205 8233 1768 7108 4842
886218 1842 3472 5693
886269 2571 4806
886329 9304 7419
886376 220 1324 1545 1358
886434 4806 5693
886447 7770 2571
886468 2932 343 4806
886507 3678 5118 7264
886508 5329 3431
886528 7706 2910
886577 4059 8050
886579 8633 7712
886648 2760 2278 1547
886650 1000 5191
886706 4139 2941
886726 4577 7780 7832
886744 2231 9277
886857 2534 3787
886865 3102 6080 906 766
887054 7426 7545
887065 3292 4965
887095 2901 3381 5849
887151 288 1018
887273 4298 4793
887350 9292 1405
887406 8464 188 7511 6268 7959
887448 4342 2414
887555 3143 2479
887562 5086 4962 6671 1324
887596 5680 4078
887725 965 177
887733 965 2237
887742 2890 3493 4801
887773 359 152
887851 5738 3711 6009 7820
887861 2301 7580
887920 4831 9199 3547 8775
887934 3271 4928 3395 2874
887999 1088 4806 5393 1339
888004 1460 827 6309
888015 1114 5119 6933 2050 6671 9286 7942 5357
888092 5738 2110 6451 2874 7027 8795
888158 1461 8857 409 2781 8891 8042 3623 3892 3451
888220 7575 4582
888239 7467 2085 4201 87 8902 6487
888287 6596 1634 2652 448
888345 2289 8659
888389 2000 5900 4269
888461 8701 75 5114
888479 6067 7839
888514 6146 2698
888606 2246 4825
888642 2633 4691 9185
888695 2678 2884
888803 4396 4287
888899 1872 4891 6200
889025 5495 9133
889042 3381 6113 226 9065
889121 3113 8892
889149 5056 382 3233 1651
889200 2308 8464 6481
889289 2085 7577 8804
889327 7832 4943 9081 7860
889398 4373 6164
889516 9342 4785 2881
889526 1967 188 2375 6629 7897 1243 8706
889530 6164 2239
889580 7737 2541
889628 7481 3556 6375
889705 2984 2479
889786 4453 5376
889813 7042 5356
889836 5101 7356 226 230 6113 2278 448 5895 1968 1532 6317 5216
889899 3431 1273
889954 6933 2350
889994 6933 8780 4806 375 8464 2873 4691
890009 3005 205 1000 3370 6303
890037 2984 467 3292 8859
890067 7801 1029 6720 3493
890074 8845 2144 3076 469 5548 6933 7832 2968 8877
890095 6113 831
890207 5849 2114
890276 5682 7580
890304 5213 5682 7110 5457 4346
890314 6933 866
890316 4812 2678 7892
890362 4196 2984 619
890389 3658 6569
890398 675 4790
890406 7865 3778
890447 7544 3752
890466 2085 1471
890624 4555 6139 199 7006 1164 8637 7580 6569 7481 8321 3235 87 4691 280
890633 8592 3848
890667 4691 8568
890780 4785 4721
890787 8659 396
890820 6030 5457 5056 9228 8541 1651
890908 9047 7391 8624 8413 1581
890963 4881 3423
891006 1273 9228
891066 3165 1872
891092 6547 8321 3493
891144 4486 766
891274 6933 9101 5356 758 8091 9100
891276 3740 103
891360 3163 3752 6933
891380 5356 5784 8795
891381 1461 5056
891397 3395 9120 1789
891459 1865 6493 2746 5162
891460 3987 3950 1461
891466 8549 4965
891467 1461 9176 3105 9273
891503 6138 448 5356
891529 7998 6706 3165
891559 9061 5536 1133 2484 4983
891594 7978 5356 1114 6840
891622 5510 6288 6142
891733 1504 5171 7228 462 6485 5
891846 5529 991 6138
891850 4271 1419
891919 5449 7290 2578
892038 2045 4331 766
892200 6671 6113
892235 7577 9213
892304 6168 2890
892311 3073 1284
892361 1953 418
892453 2578 7609 906 2652 5485 818 2050 2905
892526 2075 3105
892529 5263 3973
892555 2114 1651
892654 3233 4891
892783 5432 4408
892806 890 6629
892891 1547 1842
892975 3381 2984
893016 1778 7210
893020 5217 717 2113 1171
893101 405 8580
893109 1312 1026
893229 4796 2864
893405 5118 2425
893489 2855 4495
893496 4858 4965 4792 1010 5171 6944 2571 4271
893535 2734 3226
893553 3323 8853
893564 8803 4271
893634 103 1347
893691 1959 4615
893710 6751 938
893735 2236 1482
893775 2298 2864
893832 7950 3201
893857 3143 4456 418
893989 3590 3653 8089
894011 4806 5676 1877
894037 3893 6922 831
894069 4691 7624
894104 5592 4806
894116 3271 6485 4722 4806 3708 6390
894142 8775 4104
894155 2890 1529
894201 2003 5449 2028
894338 186 7490 952 7433 1379 6612 2350
894379 2350 4983
894380 8724 890
894395 8487 8765
894421 5280 6390 6158 6832 1194 3491 1035 3235
894562 421 7801
894587 6129 4279 9280
894604 5022 8165
894678 8681 4278
894685 4345 2746 4797
894748 1387 2899 1722
894784 8569 5119
894842 8895 5516
895004 6574 2586
895006 5386 8816
895026 1944 3987 108 3556 1680 2914 5173 1029 1473 1461 8744
895039 3493 3576 4691 2258 7742 2636 2085
895209 6987 3576
895220 4803 5428
895232 827 8548
895282 6313 3292
895288 6009 1273
895334 6666 6987 5646
895368 520 3897
895468 6751 6629
895517 1029 6987 5763 4298 1930
895572 9304 4212 8637
895575 6596 230 186 4891
895596 761 512 3412
895616 3074 5478
895719 9250 3586
895737 3604 8775 3234 4721 9213 1026
895775 5421 8240
895881 465 453
896079 7607 1273 2246
896207 5455 6590 6375
896225 4767 5022
896253 7712 3143
896356 3766 2294
896387 1030 5212 6746
896403 6375 5357
896423 3778 7256
896438 8151 2791 9270 2050 8877 659 3143
896439 3378 7037
896477 585 811 1192 8775 8413 6313 8143
896491 3678 3556
896502 6987 3175
896520 5118 1842
896571 4928 5024 1324 6164
896660 9261 8456
896680 4806 8484 5356 1930
896691 1277 1114 1273 103
896776 927 6138
896861 1199 3765
896898 2256 6892
896927 489 9047 9292 2414 7768 6042
896976 1670 1554
896982 5357 7801 280 8240 3143
897091 5521 969 7192 8659 703 5040 468
897111 8085 5438 7577
897112 8568 7298
897154 8590 5350 3175 3630 7580 381 8001 7165
897184 4139 5682 1277
897194 8532 7063 3111 6007
897206 6933 4806 4466
897276 520 2435 5024
897306 7835 4691 1525
897407 6560 6288
897481 5024 4298
897491 2278 969 5032
897504 2308 4972
897528 1953 3935
897564 8050 4545 3935
897574 3604 5245 421
897581 7830 6609 188
897732 7577 1198 833 8658 5024 2881
897761 9198 1344 7285
897810 4891 6751
897933 339 8548
897984 3200 188 1311 7959
897995 4691 4801 3441 5181 7198 6581 3436
898023 702 6007 3694
898027 4982 4820 1782
898065 377 489 890
898076 2984 952
898185 7253 2678
898302 7759 8952
898349 490 3606 8379 1842
898395 4121 2839
898490 4806 5356
898517 6439 5565
898564 3544 3752 3163
898727 3475 1029 688
898862 6706 7178 3271 1242 1277
898873 5791 4443 1378
898882 188 8321 5171 6375
898915 5314 4235
899046 6375 9228
899059 8775 3576 3787 3292 5753 2289 186
899083 7754 5171
899101 4752 4615 906 6933 2350 4396
899121 4196 831
899281 3814 8593
899284 1719 6367
899287 6009 1240 6861
899320 5086 3442
899324 2691 5162
899335 421 4806 5870
899505 4790 1842
899518 6629 2550
899706 2350 226
899718 6114 22
899767 3934 9101
899817 6671 7089 7620 4752
899902 1177 3005
899925 1311 4466
899941 3731 5521 6609
899948 6671 7609 6596 375 5136 3772
900021 1273 656 5686 4793
900107 2678 4722
900255 2571 448 7943
900345 4113 4722 8724
900364 2652 3292
900386 1347 359
900472 1454 7691
900519 2170 3071
900561 1018 4217
900696 1015 155
900758 65 7449 8262 7072 4792 2289 8860
900780 7735 7024 1358
900852 5302 733 4691 152 2050
900909 8795 5705
900932 7017 5376 2633 4806 9292 6336
900943 5331 5478 3606 2984 2231
900967 7832 4868
901062 7781 6933
901139 108 3665
901275 421 8355
901386 8321 469
901440 6021 1128
901443 9042 6735
901445 470 3216 7899
901577 4160 4133 4937
901601 7257 1029
901643 5116 6336 3143
901683 6164 2484 1486
901697 442 2226 6746 5393 7115 4298
901740 1010 5770 2760 7430
902048 3216 3061
902056 4694 7980 863 2678 5024
902083 4691 3493 4263
902135 8033 2864
902150 2102 7655 8806
902168 4670 632 1968 8998 8236
902296 2550 3897
902342 3105 6306 1482 5031
902353 6955 1114 3606 3893 3678 1514
902440 4446 6671
902495 2820 1631
902550 2598 194
902553 4996 4137 3935 8274 3608 7433 7917 2781 7672 451 5263 8862
902566 6752 2805 9014
902567 3234 6082
902598 1503 7580
902611 2414 5949
902844 1525 5056
902849 7577 797
902877 51 6964
902938 5356 3277
902973 2471 6728
903036 7938 4100 255 7535 1872
903092 8953 3893 4831 4965 2571 6933 8775 87
903170 4214 3292
903229 17 3235 1454
903267 375 7843 9159
903343 2376 8464
903421 1554 1953
903533 4801 6944 2239
903589 2045 4752 8493 3292
903612 9238 2873
903628 4554 8609
903754 6819 4989
903762 1651 8548
903814 3247 8568 1725
903856 1842 6248 8316 5693
903903 9253 4444
903908 7523 8321
903938 857 8581 8637 8120
903949 5032 3290
904119 7917 6932 3772
904254 5550 2749
904321 3233 4989
904375 5590 1277
904543 8321 5590 2303
904726 9306 4135
904818 87 3893 8775
904822 2625 3143 8299
904849 6329 2350 6767 2690
904859 468 3893 6309 2881
904886 2043 7442
904951 2239 831
905004 898 2166
905017 5852 3431
905055 3673 9065 2761
905203 2755 1778 5026 2620
905213 1273 3431 6830 2256 2155 533
905239 1651 7580 9203
905253 9286 5376 4793
905349 5180 9065
905531 6244 4196
905535 5042 1371
905682 5127 4570 8091
905724 4830 1636 7692
905725 2884 1416 5578
905815 222 6746
905930 2984 923
905942 6671 3163
905975 2984 2506
905976 5024 8321 6952 6071 4042 6635 2003 8033
905986 4446 8965 3493
905993 6543 8765 9352 81 7768
906033 5022 8080 2678
906127 3864 9159
906166 3216 3234 5738
906188 418 51
906243 5024 3809 4687 1114 5136 7298 6375 952 4096 8984 4416 4298
906347 1570 8997 6605 3395 6427 7426
906364 3475 6336
906369 5356 3292
906400 6746 3893 8541 7361
906428 942 7609
906481 105 2748 3137 539 761 3778 1707 5255 7580 1805 346 3475 8033 319 503 5086 143 1040 2061
906508 8775 6288
906571 5843 3318 2636
906597 3275 7306
906622 4805 2984
906884 6375 5629 5119 4796
906886 4298 8473 7425 1945 2350 6645
906906 2890 2166 6375 140
906964 87 8240
907107 4506 7982
907143 2687 1442
907166 6037 5565
907199 3893 1114
907362 7581 2350
907397 2085 4774
907421 2734 1387 6158 2256
907449 2984 4807 5644
907499 7066 4691 6268
907561 7318 9153
907629 8464 7124 6165
908086 3893 2278
908180 8659 6933
908193 6155 375 2636 7539
908215 717 4891
908235 5022 1262
908272 421 7742 3381 1345
908352 4691 7832
908397 4182 2711
908457 5503 4196
908572 4806 7298
908627 8172 1114
908735 1426 6113
908742 7622 7768
908745 3245 1569 6671
908780 1116 2025
908832 2881 5356
908841 6707 1016
908928 7505 7277
908930 4655 8821
908955 3563 628 3233
908971 6445 4208
909027 2984 4806
909038 7801 5024
909170 3395 9101 1733 4806
909210 7609 1778 268
909261 3143 3163 5032 3765
909344 2746 7580 1074 223 4056 8273
909376 6609 4298 3451
909407 9213 2226 1781
909734 6706 2678
909753 5883 6671 1547
909758 4694 3678 7800 7545
909904 5478 8345
909983 6158 9
910125 8845 767 4298 3233 2256 4722 3304 7298 7580 1311
910130 1683 2652
910147 5070 6582
910210 5171 4607 6629 8152 375
910234 1751 9270 339 6147
910321 1151 4298
910347 9101 5331
910348 7425 7430
910393 6605 1508 5335
910422 1330 827
910551 1029 4298 3186
910627 2874 831
910684 4298 5119 5086
910701 8294 1371
910782 917 2980 4271
910824 375 3419 8659 2984 5331 3893
910832 2984 4391 7634 7128
910953 5686 7680
910954 3586 5032
911014 2278 3893 6131 9213 2325 8464
911043 1514 2231
911127 5698 965 2231 4615 3431
911135 2350 6612 226
911148 5136 3290 4175 7312 3431
911271 898 4425
911306 6164 8548
911358 2085 179
911479 9032 8901
911494 6336 1387 375 3451 8091
911542 6629 811
911594 3233 7311 313
911668 7705 520
911682 4741 5693
911684 9214 359
911687 1337 6693 6198
911710 4273 2720
911748 2350 6303 6605 4231 5136 5024
911834 186 3719 4298 6240
911839 4868 7735 6164 9033 8321 8718
911881 6138 7735 6244
911899 1083 1842
911903 1651 6147
911933 1253 7869
911972 8823 3752 1312
912003 5858 2303
912037 1454 4876
912042 5212 5830
912068 5034 2535 5376 2812 516 1335 6336 3483
912174 7735 6375 2503 7334
912189 188 4691
912238 2350 469 8775 6113 6733
912318 6746 2376
912328 2350 226
912382 1620 7539 1529
912410 8775 8659
912569 4212 186 3423 3673
912572 1738 4466
912577 767 4806
912584 4873 1116 4139
912617 7027 8606
912619 2085 5017
912697 1631 2247 6375
912717 4691 6609 7406 2350
912748 7835 6390
912754 5224 8240
912761 5521 890 465 9257
912832 5585 237
912855 857 2843
912986 1029 4729
912990 6313 5302 5024
913014 5356 226 4806
913147 1330 108
913209 1774 1547 4192
913258 6390 2682
913321 1243 9057
913429 5331 5032 3493
913474 2294 8443
913510 1073 51
913541 6067 8314
913655 3602 3451
913676 2173 2256
913729 375 1148
913777 9306 1114
913833 6022 2625
913852 8716 4691
913930 375 2586
913955 4900 7869 9065
913957 1930 5162
914008 762 831 952
914067 8290 5619
914079 5760 4271 2760 8682
914108 8794 1132
914182 4298 7760 5979 6938 4879 5136
914250 7121 7548 415 9270
914260 7580 1330
914300 6526 2045
914376 1270 8845
914402 1324 1117 4271
914418 5550 1847
914500 421 7183
914566 965 8915
914595 1945 7830
914608 851 7426
914616 1114 5269
914664 2350 4615
914681 3586 2873
914704 8548 339
914705 7334 5693
914755 6987 1738 2384 965
914857 8671 2271 6023 2350 2244 8321 5171 7661
914881 3165 5302
914899 3290 5738
914934 9304 3842 8046 4042 3176 4396
914940 4806 4298 4453
914959 3556 4135
915013 7024 2062
915050 5521 2110
915193 6933 3051
915300 5196 5
915386 4210 8970
915484 4554 6390 5970 1733 4305
915497 9261 8456
915516 226 8659
915630 5510 469 9213
915640 1857 7298 6944
915642 4498 3456 8829
915740 2751 5682 5202
915795 4694 3272 2124 4939 2241
915801 1877 8803
915823 5024 4435
915853 375 1930
915931 149 8156 3778
915986 3544 3893 6955 4208
915989 704 3317
915998 1073 7590
916001 4951 933
916078 8590 6781
916119 8091 4928 486
916162 4264 2170
916173 5302 1625
916264 4152 1882
916316 656 4891
916344 2045 8665
916348 8198 2609 2379
916439 4996 5738
916459 8548 5198 2310 6551
916472 7692 7609
916495 6933 226 8794
916498 6910 6443
916507 2450 6709
916518 2791 4349 3496 3431
916539 3431 893
916645 3188 6134 359 7737
916690 6975 1893 2657 2760 4691 4430 2581
916795 1681 2310
916884 5565 7928 5032
916911 2678 4774 3105
917064 4269 2294 5778
917092 2846 5686
917146 6451 4554
917242 7313 1712 2463 1371 4517
917304 1889 952
917342 1612 3165
917396 7268 1504
917487 3556 8568
917533 6158 1273
917562 1948 820 2822 1181
917588 403 5086
917676 3431 8588 5356
917703 927 2934 6613 189 1133
917771 7604 5302
917780 5376 8818
917810 9072 4774
917826 6987 7800 488
917835 2463 611
917842 5867 5032
917853 5224 4212 2984 3670
917917 3431 8204
917945 326 3897
918137 8379 222 1311 3493 5302 7832 226 8659
918150 3292 2049
918233 863 7732 6336
918251 5022 6933
918328 1968 8590
918346 1194 421
918347 339 2389 1651
918350 6513 6751 2414 6609
918431 6164 3086 4298 3105
918440 1330 5760
918470 5457 1073 8020
918508 4694 3233 6635
918549 176 3216 9286
918671 3602 6206 375 3237 3893 3292
918747 2843 2226 1222
918783 4133 4126
918817 6124 7507 8724 5086
918849 4298 3678
918853 4208 4530
918872 3381 3258 803 6738 4950
918894 7747 8775 448 1058 4813
918916 6671 9371 694 186 3292
918935 4344 2246 2890 538 5482 7198 6581 774
919034 4685 6554
919076 4208 1725
919239 5205 8548
919327 5646 2620
919446 6288 4572
919501 214 3561
919588 1058 6746
919618 222 7933
919735 2350 3753
919769 5136 1842
919783 7430 4444
919971 4592 3556 6777 2794
920000 8724 2350
920049 8568 2535
920057 8585 1277
920061 8853 5022 6671
920070 2502 5592 421 3678 3234
920095 7801 520 7581 4691
920097 8260 7609
920139 489 1461 4231 539 7072 1916 1620
920183 4808 1115 1304
920210 6830 5590
920282 6671 1711 8493 2071 2856 7781
920283 7824 375 4691
920300 152 8765
920309 2578 8724 2984
920322 5024 3395
920340 5356 2045 2980 2881 8559
920346 6067 7747 7928 8281 991
920357 7228 8109 3233 8568 6336
920367 8877 1368
920432 3678 8355
920464 3143 1636 5357
920493 3235 369 8777 7505 1606
920513 3317 3061 194 8568 5739
920518 5331 3678
920641 7980 676
920662 9316 222 638
920680 4126 4462 4453
920829 4806 8836 7061 921 8500 2370
920833 2308 8130
920842 6733 6138
920847 3431 6944 7824 4796
920900 1117 3075
920904 1132 3233
920916 278 7832 1070 8568 3556
920972 7735 3678 3556
920996 528 2231
921010 1700 469 5503 5143
921079 1651 4876 5086 8541 2681
921090 906 3175
921161 9082 9007
921265 2325 3493 1514 6612
921276 3234 375 7742 5376 7290 2984
921284 1651 1570
921326 1930 375
921445 5376 7577
921514 8925 4633
921545 7481 3586
921562 3765 3378 5169
921567 4104 7680
921659 831 5699
921702 5613 8681
921829 1761 4691
921838 3678 6933
921852 5616 9176
921907 3540 3823
921953 339 8118 1277
921977 7017 3158
922010 7312 7865
922038 256 6375
922090 6390 8179 7830
922124 4271 5331
922148 1347 6671
922171 4673 1015 7717 1953 3165
922201 1968 4816
922525 152 4076
922553 851 7625
922559 3602 3814
922568 8584 7577 2478 3684 378
922597 4872 3493
922611 3629 4875 1371
922637 939 188
922678 1945 3057
922715 1653 1311
922719 421 3547
922748 4891 5770
922785 4139 8513 827
922858 6336 965
922918 7577 6832 4160 7335
922947 2050 1253 339 6164 3380 426 4287 7853 8541 2949 4972 5682 244
922986 7692 6288
922996 638 6322
923041 1328 2874
923109 8050 3493 152 7131
923172 2636 6390
923238 375 4271 5698 4425 3897 6375 5147 2350 6129 3891 3630 879
923267 5032 5356 5022
923270 122 4910
923275 4196 8984 5778 561 1018 8115 5212 6331 9228 8637
923342 965 5171
923359 5376 7982 1148 4141 4453
923435 3678 5269 9371 1296 2221
923488 8321 8033
923552 5356 7249
923575 898 2609
923585 5 6808 8208
923641 4277 87
923706 1383 8511 7962
923731 5118 5356
923791 126 611
923857 4368 5356
924001 4986 6940
924005 6375 5234 7210
924064 4466 3105
924133 5024 3431
924188 789 4304 3893
924218 831 811 4702
924268 9217 2678
924296 2984 8413
924297 4806 6671
924348 953 6288
924368 6009 4019
924441 7835 5024 539
924453 8581 126 1889
924456 4721 1164
924487 3271 4800 1051 1311 6506
924575 7297 6714
924688 7231 906 7800 8241
924787 2720 5356
924821 7430 6113 2590 6313 2239
924829 2984 8724
924880 189 2534 2571
924918 1636 8568
924922 559 2304 8124 855
925007 1330 5032
925012 2977 2350 3423
925019 2239 4796 1959
925024 5162 4753
925081 3292 3233 6671 8488
925195 6375 7865 7830 5200 1356 2946
925304 4396 6671
925362 3163 3119
925375 5269 8024
925376 7517 4806
925379 3181 5990
925444 733 6733 8724 469 8152 6240
925506 8866 7526 1018
925574 5022 2541
925614 6939 7396 9305
925638 2401 2984
925645 9213 6037
925666 8576 1547 8782 9259 4453 8094 4360
925736 8130 1651 4287
925748 4948 1088
925907 5565 7800
926004 4803 222
926054 4466 5086 6738 3207 7742
926221 972 4971 1174 5895 1030
926248 1733 1454
926402 490 4196
926601 4615 3097
926687 5513 3700
926724 5686 520
926770 6431 9101
926779 3852 2827
926784 800 7737 3292
926797 2984 9213
926807 717 2078
926886 375 3321 8925 866 2984
926957 8984 8580
927079 3670 8321
927150 9006 8932
927168 6912 6581 1634
927195 5517 4774
927196 5478 2450
927221 2025 1324 1651
927294 6644 5032
927297 4691 6933 8091
927309 9082 8724 4806 6712 1547
927324 1187 3219 8464
927417 4797 1558
927432 6413 6820
927435 969 5331
927448 1371 2465
927485 1471 5592
927543 7577 2325
927605 8050 3852
927632 5245 1029
927634 8548 6094
927649 3731 1273
927652 8321 6375
927663 3493 969 1114 4806
927664 7639 3271
927732 5620 2728 3762 6987
927801 6327 4854
927814 1324 6666 1273 3678 831 4607
927932 5032 8464 6933
927974 1722 7830
927996 5331 4271
928000 6955 3893 5356
928022 3475 4554
928120 4298 7760 351 375
928162 5171 1968 188
928185 964 4078 7312 2283
928232 6375 2350
928239 1387 7735
928293 1608 9120
928380 3194 2540
928386 1410 2934 7580
928478 3059 2045 8373 1070 6336
928493 2760 6824 52
928536 2441 7331 932
928586 5453 6581
928619 7943 9182
928663 51 8775
928790 1460 2138 2839
928811 2746 6962
928826 4453 1049
928836 7668 6767 928
928844 6227 6635
928856 8882 4806 5738
928954 5086 8152
928956 3398 3143 2984
928961 8548 6133 6164
928965 5421 9292
929041 2350 1656
929045 4349 2589 5992 2927 8541 8363 7823 5627 7712 6203 6807 1454
929073 416 2864
929080 8521 125
929096 4691 6170 7425
929134 6164 2112
929183 7514 2449 346
929184 5521 6288 6861
929336 6313 6612
929397 3800 2239 442 4615
929398 3233 747 8033 6322
929455 2984 6933
929459 882 4552
929489 5693 4706
929498 5273 5644 3561
929529 998 1277
929558 1528 7979 6186 3852 8464
929806 7860 4582
929813 4986 186 7651
929829 2984 8548
929937 7823 5245
930037 1358 8033
930053 7507 6113
930069 1574 2346
930120 3234 945
930171 5331 4806 9010
930173 4921 6635 3684 2289 6158
930184 1593 5590 1653 4298 8443 840 2294 3111 3186 8321 1029 8967
930241 528 4180 2407 491 2743 9240 1681 7465 6164
930293 3237 6336
930306 5680 2873
930427 8845 6671
930452 2805 4745
930491 3893 5032
930660 4615 5852
930845 5849 5513 214 2678
930851 2812 6605 6288
930862 6284 6113
930961 8511 1461 5358 7079
931016 1228 8820
931061 6035 6746
931072 807 2805 7545
931095 1634 3880 22
931097 6111 2890 789 4172
931218 6671 8637 1760 7832
931228 6375 6413
931260 1651 8548 8818 7182 1327
931277 3163 3752 6933
931304 7119 2636
931313 1807 7377
931472 448 3893
931494 6006 4453 8321
931533 6129 4515
931557 4806 8091
931573 4816 5458 2966 661 8548 81
931661 4937 8033 9316
931685 7481 8593 6356
931697 189 8996
931709 2746 7298 4774
931749 6784 2401 1930 3556
931765 2065 8187
931766 5680 8289 1318
931819 6082 5331
931842 2294 2838
931843 7045 6596 7068 9185
931867 609 8121
931957 6933 612
931976 4691 1468 5880 7577
932023 361 8775
932038 2479 2298 5906
932071 6288 7692 4691
932095 974 1035
932116 154 5081
932134 5223 7545
932206 3431 6409
932219 7481 3493 7411 5100
932304 8853 6288
932326 5198 2884 2000
932431 4466 5693
932496 2294 1029 4231 2303
932535 799 2805 5280 7832 6671
932538 8022 8578
932569 5331 1026 6832 2571 2881 3590 6082
932600 4913 7800
932607 6375 4691 3271 1778
932615 5478 7609 6336
932638 5555 3519
932708 8050 2581 9304
932741 3107 4615 7575
932758 6551 5022 8548
932837 1959 3277 8965 9065 7319 2761 7433 3561
932846 3602 4806
932936 5302 2502 8484
933057 1356 6170 7577 375
933062 4939 2003 194
933115 2403 5738
933304 7928 279 8775 3292
933314 9007 1930 375 1547 5578 3678 8724 7430 4793 2805 3292
933511 489 1651
933519 7548 1968
933659 4271 1722
933812 462 8795
933846 7169 3235
933892 3186 8713 2459 1720 1731 3111 8932 528 3304
933910 4554 7742
933925 1514 1114 4321
934016 3463 1114 5356 3893
934101 8659 8775
934124 2350 8568
934178 7732 418
934202 6733 8935
934269 5843 1634
934285 7580 3431 1115
934290 2303 6609
934315 120 4323
934394 7299 6933
934437 6336 4702
934449 702 6818 4231
934497 3602 7651 2681 5478 8464 3207 421 418 4238 6720 6016
934559 6746 6791
934603 5680 7622 9072
934617 2350 1800
934722 2216 9157
934769 2350 6609
934893 1930 3252 4533 8541 9159 974 7835 2873
934902 22 152
934910 5693 1842
935058 1311 1508
935184 6050 1545
935222 493 7425 22 6246 2636
935226 6288 2058
935256 1661 5955 2609
935295 4402 9202
935326 4691 841
935414 8464 8099 469 965
935465 6453 786 4806
935483 9190 7463
935511 7824 4042
935709 4265 2576
935735 4080 489
935862 5479 4051
935873 9049 465
935974 2984 952 421
935984 6714 5108 2350 7680
936065 3219 7923
936067 779 1953
936069 5338 6288 528 8853
936104 7609 6740 1482
936154 3451 5538
936156 4806 6596 343 2827
936178 4083 2350
936232 6609 1253 1529
936239 3602 87 459
936271 5024 2229 3410
936300 421 6447
936329 965 5356
936397 6709 6982
936490 7545 8314
936564 5356 5032 188
936615 5 9350 6046
936718 1426 1983
936738 9082 2845
936740 51 3226
936776 831 469
936995 448 87 2289 2278 1595 3606
937003 87 4856
937056 5830 4554 6720
937115 5053 3556
937135 8590 6609 1073
937148 3511 5393
937152 479 4774
937291 8413 5109 632
937330 7651 7559
937344 3850 4774 4876 489
937362 5356 5513 716 1151 375
937458 4691 3493 5693 4212 7077
937478 1029 5849 3810 2873
937512 2303 1277
937551 1651 8548
937646 6846 6390
937705 30 5578
937739 1419 5032
937959 5171 6635 7544 4585
937962 8443 180 7801 5418 4869 5171 3381 6635 2241 8681
938037 7545 4876
938050 2085 375
938163 5592 5816 9176
938298 8493 87 3207
938307 906 4261
938313 2154 6766 1387 6390 3431 1570 8050
938321 5053 220 7433 1983 2350
938346 186 7577 9339 6605
938375 8775 1018 2350 4446 3806 8659 2085 6987 6313 9043 583 51
938394 7781 7285 5022
938416 3163 4821
938437 6629 346
938501 6331 520
938548 4456 8294 4691 7645 3606 1857 8714 6635 7474 8464 3405
938907 3317 2918
938931 1778 4691
938994 2838 3472
939076 5024 6375 7426
939153 5302 4298 5376
939206 3547 6671 4298
939296 3440 9304
939413 6611 7923
939468 7344 5984
939531 4806 7285
939541 3547 9118 5693 4208
939595 5171 8240
939628 8379 2984
939681 734 5024
939720 7183 9306
939740 2982 8241
939754 6113 8490 2620
939757 2984 3823
939758 2905 3897 2984
939784 3087 8321
939821 340 6336 3461 8993 2984 841 4396 5627
939865 87 6485
939897 6842 3665 3880 5224 2691 2226
939933 8913 2984
939935 9304 2166
939999 1371 2698 2890
940000 4721 6671 4691
940036 4876 4691
940067 2517 1340
940081 5356 7352
940142 2984 7959 1114
940199 5327 5955
940237 7832 6164 1093 7735
940353 3429 9185
940354 3324 3880
940391 6612 6581 4263
940464 3994 2463
940484 5171 4263 1634 9065
940519 7376 7361 2966 6023 8607 2195 2450 965 3727 7199 9249 4008 7010 811 5086 2944 8179 2534 490 9112 8187 5545 1482 3076 1957 2277 7498 5145 2256 3761 683 4592 8972 6313 4691 7230 3547
940562 2239 226 442 3269 1330 2541 3292 5302
940632 1383 3556 6375 1778
940680 2984 4806
940682 2984 2308 8993 8175
940694 4806 841 4607 489
940739 8179 4790 2376 7253
940847 4611 1371
940880 6612 6671
940965 7226 7481 7425 811
941013 4808 703
941059 4633 4298
941066 1410 7259
941248 928 5356 6840
941260 5792 9368
941332 8845 226 2085 3893 2764 4870 9213 448 4806 6612 2571
941392 5698 375 2984
941463 7801 6117 2350 4970
941467 1277 5590 638 4928 8321 8033
941473 5331 4577
941512 1968 339 7415
941524 2407 6987 3880 7430
941559 6063 288
941592 7481 149
941603 343 2581 4298 7580 3292
941613 5024 3233
941693 1073 5411 2996 2884 1651 6890 1119
941825 8950 4126
941828 1324 2550
941853 9024 5162
941996 2984 5438 811 1164 3493
942058 991 7577 1114
942074 6888 2899
942186 2289 8883
942233 4806 2881
942241 3678 2134
942264 3740 3237
942300 4554 3381
942301 1093 4298
942318 8795 1547 1941 5721
942339 491 1681 5086 703 4182
942409 7228 3602
942416 3163 7577
942436 567 6447
942467 6629 7007
942519 6933 6663
942632 7128 8046 7634
942633 6635 3633
942659 4806 5393
942666 4806 7511 6547
942709 7228 875 3233
942801 3257 8413
942972 7131 7839
943006 491 2057
943048 1447 1651
943057 4691 4803 5181 2984 8724
943079 6313 2231
943101 3061 8681
943127 2984 2181
943207 1836 8321 7672
943219 2827 831
943251 4808 1330 7692
943286 103 5895
943417 5791 7781 3558
943502 5849 375 4010
943542 4691 152 7735 5171
943592 375 8176
943596 1222 3844 2836 6809 3200 4691 2630 4271 1330
943639 6987 8568 5393
943643 6170 50 1552 3234 3381
943650 4866 1608
943796 6933 6282
943949 3120 1311
944053 6626 3292 721 6375 2874 6807 3216
944064 7425 6336 7481 3271 965
944083 3902 1029
944147 6390 2544
944189 1784 9176
944318 469 4793
944341 81 4876 7545
944374 9286 7634
944381 5734 1368
944559 3051 5136
944560 638 1959 645 5056
944719 194 1018
944781 3431 7609 9065 9207 3191 8635 7920 6671 4721 6595 5575 4691 6235 114
944796 4876 7824
944856 1930 8316 5035 4928 5024 6671 1074 5171 7728 898 3493 2325
944930 4592 2357
944949 2555 5083 5356
944991 5738 6067 2350
945042 2812 7923
945070 8695 2764
945080 2984 4837 3893 906 5022 5042
945101 9270 8995
945110 3622 4554 786 5680 2370 3778 886
945167 6945 6846 7577 7651 716 6720 2984 8668 2226 6341 710 1842
945197 7943 831 4965 3237 4801
945199 4868 7462
945235 346 3271 6390 3670 4176
945237 8787 7959
945264 3427 5529
945290 4866 93 675 4691
945338 4691 6605 1311
945476 5738 8321
945505 6296 4806 1113 519
945525 1868 2609
945607 4212 7577
945674 8548 2414 2301
945724 469 5245 4555 1608
945739 2350 2881
945811 4208 5921 1699 1058 4298
945876 7801 5565
945917 4801 1181
945934 5329 4837 4801
945981 3556 7577
945988 5280 5780 1525 6709 152 188 8274 5302 7577
945997 900 8724
946006 1313 3561
946035 5131 3200
946065 1968 2827
946072 6612 6113 8659
946203 2419 7980 2303 1029
946241 226 5022
946297 3233 9188
946387 5592 8265
946484 9101 3441
946514 50 519 1681 5216
946587 702 381
946595 3493 3292 4806 3893
946603 7406 4812 7228
946656 1330 3586
946661 456 7936
946939 1508 520 4691 6288 6612 7875
946980 758 8659 5022
946989 1778 2166 442 6327
947052 2633 965 261 469
947095 7980 4210 8091
947105 8795 7741
947127 5224 9118 6336
947170 1649 2996
947219 5921 5201 4277 8384 39 1029 3683 4793 4396 7255 6922
947260 1073 8033 6635 3850
947275 4126 4694 4476 8493
947277 4691 5331 3493 7982
947368 1503 5458
947416 503 5331
947420 6023 5143 8850 6738
947436 5693 6114 489 421 3271 1883
947449 7920 212
947456 465 695
947476 3216 5357
947503 7942 1547 8965 2571 8484 1930 906 945 3271
947512 3051 9306 5086 8834
947535 1238 2984 3891 1029 359 7485
947571 2682 5331 4512 8637 7408 6714 2045
947842 4298 915
947891 7982 7638
947905 5843 8775
948033 2636 375 6390
948126 1287 1778 1489
948153 3216 5119 6080
948154 3176 5356
948228 6244 811
948280 7800 6313
948304 2256 1029
948338 952 1015
948381 2425 5
948419 1981 5376 1273 6244
948463 6113 5497 3075
948544 1324 4304
948639 7967 3395 103 9286
948646 3678 831
948666 7713 2820 7306
948671 9303 1074
948712 3451 3479 1422 3602 2289
948732 3107 6809
948754 2157 8713 5738
948799 6375 6609
948804 1790 6609 6746
948805 3194 6629
948852 3271 1513 2350 2681
948885 4444 375 5161 2130
948966 1277 5243
949001 965 6987
949012 2914 3606
949062 6080 1228 7692 1114
949063 3431 5269
949069 7800 9327
949071 6987 1930
949166 4056 8265
949264 4298 4408
949265 702 2984
949405 5393 4364 7800 3663 2681 6122 1968
949443 3778 1870
949473 201 3027
949539 5118 7735
949577 4305 5356
949636 4272 935
949638 758 7198 4708
949641 5245 2571
949660 7732 6746
949762 3292 4965 8122
949763 4298 2746
949959 3163 906
949963 4691 3207 6375
950013 2308 6198 8548 5200
950036 2984 2246 3234
950095 1666 9292 3652
950153 5534 7313 6288
950190 3493 5245 7609
950213 5022 4837
950244 2350 4180
950318 5356 359
950437 969 8219
950486 5224 2984 8588
950488 5022 2571
950521 8464 3493
950543 7043 3907 668 7253 7352
950592 3475 8355
950664 1311 6962
950710 5024 7800 2379 1720 2025 8548
950764 7298 9072
950785 8413 4876 5143 2884 1489
950807 8737 5 6248
950838 4802 4876
950857 8237 5
950944 3233 8321
951126 4691 3921 7920
951131 1953 4965 4597
951176 33 4080
951212 3602 5027 2678
951240 2914 1037 928 7481
951305 4132 4453
951414 280 249 7440 2775 6248 1196 6375
951416 9292 8775
951579 2503 288 5162 3061
951636 4615 5738
951662 2075 2308 4641 5056 5627 4670 467 8849 1119
951744 2984 5738 1267 969 5032
951786 5759 5853
951831 826 8541 339
951839 6832 8355 6528
951877 3235 2843 2000
951886 8821 6044 1953 1486 3721 9159
951947 2239 8635 2541
951963 3177 2984
951988 6485 831
951992 2025 835
952059 152 1941 7784 9065 5082 4180 5356 2881 1889
952060 7253 2414
952156 8446 5114
952198 1930 4466
952234 2881 5181
952249 6933 3163
952315 2240 4812 8236
952344 9306 5393
952362 2636 928 5172
952389 3493 5245 3482
952483 2874 9253 359 8853
952495 6248 4336
952514 3678 4305
952540 1383 6164 4139
952617 6336 1953
952639 2764 2289
952682 8091 405
952893 3845 6390 7609 2874 4217 5356 7577
952902 3891 340 7449 1387 4615 6399 5188 3272 6842 1714 2498 7959
952970 186 2752
953007 2025 5457
953137 2976 3493 6264
953185 7645 5421 5302 152
953273 2308 2350
953301 2291 1997 426 7928 372 831 4694 6782 7072 3752 685
953348 52 1315 6122 8058 8568 728 4607
953355 928 3493
953390 1119 353 5620
953422 8559 7581
953507 5538 4803 2278
953513 8165 1737 5632 5136 2602
953583 7298 1722
953691 7622 5458
953695 3893 1358 5578
954088 5680 1891
954113 8965 5022 3237 5565 1419 906 1838
954119 4263 1514
954130 7800 1968 5198 6147 4287 3914 5633 7351 6480
954205 9214 375 4812 2106 7832 6402 8782 8484
954247 5252 8795
954272 4126 4691 6818 5356
954345 2350 3233 1029 3736 5223 3096 9300 6487 7485
954432 1148 3490 2984 3124
954469 7267 6955
954487 3292 3090
954512 1330 4772 6791 1789
954543 8901 9304
954633 4125 2746
954785 5022 9101
954857 1585 1266
954883 2000 1680 339
954901 2539 5478
954972 3959 1275
954984 4615 1324
954998 1738 4891
955062 9371 8637 952
955076 6067 1114
955126 1968 6540
955145 8593 2350 7311 8758
955147 1159 1324
955160 3234 2350
955197 2775 8789
955350 5693 126 7331 7577 6248 4208
955380 4189 226
955417 5693 2350
955457 3233 17 9176 222
955605 7797 8765 6303 6746 9112
955609 833 2969 1253
955720 3893 3561 6761
955757 2154 6390 6671
955887 1738 520
955898 6846 7425 9213 8659 7027
956015 7865 3766 4140
956176 1525 3709
956178 3653 1761 2353 6539
956192 2125 4841
956197 2620 3719 3778
956246 7526 3949 4503
956338 7655 766 4038
956464 3143 50 6842
956489 288 4996 5644 8274 8974 7348 8859 9082 442 4812 7003 4425 7524
956523 4231 1397 4271 3893
956533 9183 8775
956577 4466 8090 7577
956586 4691 6635 5248
956668 3576 9213
956697 1930 2984 5162 7425 831
956712 3893 5171 6818
956735 7311 5415
956820 3893 1754 4745
956874 3652 3845
956875 2541 3436 3547
956909 8089 2036 5297 2864
956916 2571 336
956944 7609 1608
957000 2278 8692
957021 5171 2698
957096 1356 1503
957133 9253 4965 6944
957196 5108 6158
957202 1262 7349
957210 4691 840
957286 1653 2387 1273 7312 4235
957289 7577 3281 421
957292 7832 9306
957294 2686 2350 4811
957342 520 2283 4212
957698 2550 5992 5024 3989 9016
957794 5123 8548
957800 5778 702
957861 8681 1358
957967 3493 1408 2926
958032 2678 593 1311 226
958038 2254 5458
958039 4577 168 6390 5181
958278 4806 5032 2278
958291 2542 8493 1973 4210
958320 6327 2413 2303
958392 339 1018
958416 6336 7005 1930
958423 1058 6375
958431 186 4691
958460 5592 4772
958503 4806 926 5693
958606 8299 375 3561 6336
958645 3234 6067 4408 6720 3102
958663 2861 3893 2384 4788
958692 6779 898 7735 5359
958797 7622 8103
958829 7228 1632
958836 3893 3216
958938 4276 6138
958971 952 3234
959002 3381 9286
959011 6662 2675
959016 359 4801
959080 6933 448 3292 8070 991 5356 2881
959095 991 7043
959181 8775 1482
959187 520 4562 381
959205 469 1345 4691 9 4577 8273 8921
959282 2350 2403 378
959288 143 2171 8757
959392 6808 4691
959489 9061 6248
959641 2884 1614 3811
959797 4273 5593
959809 8357 1653 6609 7523
959820 4972 1454
959856 6758 5590
960046 2827 2890 462 226 1419 3216 5356
960070 9072 2678
960115 9251 9174 5849 4769
960146 8737 1294 6613 2843
960170 5680 3778 4360
960187 6443 4694
960207 1762 2746
960304 12 3381
960336 2571 3234 4263
960357 359 5022
960364 8401 2166
960367 9213 2805
960442 6807 6910
960530 1889 8775
960562 6375 8466
960704 9307 6888 1624 1955
960785 5515 8131
960855 3862 9197 9292
960858 6313 893
960860 6728 1021
960942 3678 6288
961034 1030 2110 1653 7147 375
961159 6691 3731
961187 7511 1821 8663 5738 3547
961197 4615 5391
961200 3670 7577
961229 9082 5933 1115 879 6288 3237 4555
961234 4977 6987
961255 8464 7481 5329 7580
961324 6571 4806 7682 8316
961341 7481 9304
961473 7847 2534 4176
961517 4345 6824 488
961635 831 9008
961678 2846 5478
961701 689 6944
961721 6550 952
961768 2463 319 4702
961784 1371 2226
961803 5746 2308
961824 2843 4965
961897 7300 6881
961999 6933 1018 6117 6751
962213 2350 7481 991
962216 2855 868 6138 5138 6709
962228 4808 9228 5251
962301 359 2465
962330 3395 7165
962384 6138 2636
962395 2278 9065 4801
962719 1236 6671 4083 2749 5048
962754 570 2289 4305
962829 1029 6706
962861 7608 5356
962868 3731 9292
962879 6367 3519
962893 6798 2633 2085
962931 375 8724
963018 1651 7622 5633 7920
963028 8830 2984
963082 1114 4024 6067
963127 6104 3606 2350 448 5032
963189 538 2291 3556 3423
963287 1968 9317
963309 180 2370
963336 6030 8464 2620 3787 3590 3163 1330 2881
963348 188 7577
963412 7411 1968 6007
963423 8590 3124 2678 1387 2075
963459 3061 7268
963559 5376 4691 2314
963686 8289 5686
963715 5956 421 5689 5843
963768 375 3233
963771 7255 9238
963853 7839 2989
963857 1273 6981
963889 3602 8024 9361
963905 5357 6787 8240
963928 2822 3102 5682 5415
963996 811 2535
964044 3576 1533 1029 7186 7091 2541
964075 4331 4806 2062
964145 2550 1273
964148 4691 7306
964253 8775 3493
964317 6164 4691 8568 7801
964357 4694 3107 8113
964399 8695 1461
964420 375 8739
964438 1738 5478
964445 5331 3752 6996 8681
964485 1387 5693 6824
964551 665 2294
964615 7334 2873
964636 3602 3441
964676 4965 226 1419
964697 1889 7481 3223
964700 2191 5592 2947 6341 3226 6720
964722 4983 3752 6581
964764 2984 491 4271 1681
964790 8681 5592
964795 188 5693
964798 3233 4254 1029 7413 2350 1333 636 2633
964853 5022 2652 8775 2578 3431 8485 7091
964893 2914 7430
964920 1029 8764
964994 7043 6832
965014 8791 4325 4591
965023 3576 5356
965027 8724 469 3721
965082 1389 3753 1959
965105 5356 3880
965126 152 6746
965128 1324 6240
965158 4948 1552
965170 3845 4792
965237 8724 6689 8658
965293 2881 1324
965299 4812 9317
965376 2984 5889
965401 4965 928 1010 1083
965492 3493 4806 7481
965542 2085 5693
965543 4802 1387
965569 4800 8321
965621 4196 9305
965656 928 1953 4806
965751 7824 226
965765 5162 2036
965836 358 6038 3778 8564 7373
965849 5698 6933 4785
965878 5680 2303
965903 1953 3233
965978 186 381
966078 5286 8003 4691
966088 6944 1681 1419 2636 2166 4691 268
966093 4891 8590
966094 6884 7043
966114 9292 465
966186 8706 4719 3782 2043 4697
966220 5662 4639 4827 6671 8320 890
966262 7625 5162
966275 766 2875
966363 5357 5224
966391 4691 2838
966406 7481 375
966423 5560 8637
966448 1683 3752 9124 6164 5311 3273
966550 2325 5356 1138 7754
966634 6746 1940
966767 8997 6696
966837 2984 2459
966851 825 3602 5 4691 5086 4806 5171 7570 5693
966877 6264 9213
966929 3678 3639
966983 4774 2003 4345 2843
967052 8423 1253 8464 4800 5356 7406 7959 5895
967068 2511 2003
967114 4986 935 5032 4937 3590
967126 906 4691 5560 8321
967311 5509 7824 1324 7651 8091 5793 4059 1192 7559
967327 3787 6255 3158 2964
967365 5331 6390 8477 3630 7290 4305 8590 4279
967376 9292 3233 8806
967663 4801 3290
967671 4806 5356
968008 4691 8548 1454 799 52 4793 5086 9214 4402
968043 5633 931
968068 226 2289 965
968085 8969 4691 8632 5234 5171
968125 9101 8681 2984
968130 1570 6210 8548 2314
968135 6485 8524 3143
968158 9043 5587
968234 8493 7577
968254 7781 2435 1953 8464 4631 6375 2410 2401 3427 2289 7735
968289 6288 6626
968328 2984 5686 5438
968424 4691 1311
968470 8568 5024 2350
968488 4965 1608
968640 4806 991
968699 6248 3271 6671
968771 375 8091
968839 1189 6009
968860 7570 256 2977
968881 4466 8568
968884 5056 9072
968912 2003 7835
968978 2719 7847 3678 3292 6065
968989 7692 1419
969023 7037 7298
969037 9072 4298
969080 489 4287
969088 1651 8548
969089 8947 7121
969140 103 6336
969152 6933 3207
969159 4202 1154 7902
969222 5444 50 2314
969234 6671 4318 7131 4806 6113
969237 6235 1029 928 991 5083 5393 2952 5738 906 6933 2325 4835
969270 8877 2571
969393 459 5620
969401 6720 7839
969413 7923 870 8237
969426 866 1681
969594 6824 8130 7604
969659 1119 8413
969674 2325 4691
969689 4554 520
969723 4752 4691 5086 3493
969871 3787 6832 1959 3321 2278 5356 3893
969960 8765 5541 8413
969979 8 1579 1778 6320 7580 5024 6495
970070 5449 2678 8033
970082 3077 426
970085 4219 4585 4681
970215 6244 4796
970351 6870 7622
970411 5820 8236
970442 2827 2636 1311
970602 1114 6067 5578 6671
970603 223 7943
970796 4615 393
970810 6840 645 7036
970907 51 1029 8658
971014 3441 2062
971135 2463 4231 3529 9214
971145 9150 4212 87 235 7430 9101 5032 8724 7830 2468
971207 4425 898
971295 4217 3810 8321
971305 8901 442 1419 6912 1497 103
971378 2857 835 378 4466 7735 2751 226 3731
971401 3678 3423
971402 5086 1727
971435 5693 3165
971468 8187 6706
971482 8906 6091
971486 4965 6067 2822 1668
971527 9014 3622
971542 221 4691 1387 1194 8724 6158 2328 6735 8033
971575 8138 4298 7899
971724 1968 7182
971821 6127 7481
971856 5510 6596
971881 2410 8548 5351 8413
971884 6999 3378 8765
971976 5356 952
971999 5136 3237
972001 8195 2678 3700 1199 4694 3678 2966
972032 3845 2239
972145 2166 1514 601 5521
972153 8900 2485 1782 4951 766
972185 5402 4080 3323 8403
972195 8199 8548
972210 3602 4694 3678 6303
972218 5376 2843
972393 6165 7545
972433 3935 3061
972467 5921 7577
972571 991 1842 8638
972573 1311 6671
972604 6375 1994
972632 18 4702
972666 4691 1608
972734 7980 415 8558 761
972980 2231 5083
972993 375 3602
973101 5223 2289 3766
973115 4411 1090 1075
973135 3233 3556
973160 6288 1330 1733 6933 5693 7781
973161 6303 4876 6822
973195 381 7742
973228 4172 4308
973233 6933 2761
973262 6117 5022
973292 6994 4277 9187 4408 6671 8488 6832 4806 4212 2822 4821
973432 6807 3143
973529 2239 1957
973546 6996 7241
973693 8378 9292 4360 4900
973831 4650 465 7764
973930 4722 9371
974022 3294 3556 223
974026 831 5376 2384 3602 3493 1408 5331
974029 3216 5032
974123 4614 6846 8785
974193 5090 604
974295 2278 9303 2874 7577 9065
974337 6912 6612
974378 5408 6609
974416 4691 6671 945 8179
974454 2681 339 8321
974464 5024 6933 3431 2746 5 5770 2085
974491 4801 5024 9292
974507 2239 2578 3292
974557 9244 5356
974611 9014 6158
974715 1651 6367
974760 375 8581 7043
974790 504 6933
974818 7869 9176 1953
974867 9157 7622
974907 8950 222
974965 6158 8091
974997 5086 2226 4620 7737
974998 3004 7865 1330 4231
975055 974 4074 2984
975150 4074 4801
975171 8795 8606 5171 9213
975189 5024 6832 103 2350
975191 5194 2301 1857 3606
975205 5359 1454
975208 1525 7581
975221 7801 4554 1738
975252 442 2636
975281 8807 3831 5907
975308 6671 7781 1132 1688
975321 8775 3237
975367 9101 4691
975455 6846 3852 8637
975515 4231 1722
975592 3602 4806 4928 6248 6375
975666 220 1107 7800
975717 965 7577
975734 4136 1959 4965 5032
975747 5025 3233 2984 8836 991 7228
975889 5376 2881 8568
975948 4691 8548
975966 1842 3493 2984 9176
975972 1650 222
975980 50 6158
976122 5205 5249
976198 9286 6832
976213 9072 3461
976324 6662 7362 2350
976352 4466 7507
976404 6846 2571
976416 4691 1311
976594 375 6612
976609 8718 2314 5024 1953 6672
976624 688 1787
976665 6987 7871
976702 2075 6566 2308 5633
976714 5032 3623
976721 2691 6783 8845
976763 2303 6375 1277
976768 983 4208 2727
976841 3602 375 2571
976890 5251 7773 4492 7801 3778 1842 2294
976900 6733 6671 8775 8659
976964 222 6746 4702 4615
976980 1889 7422
976988 6313 1712 3482 3693
977029 4701 5136
977064 4407 3547
977211 1454 2350 7253 882 716 469 2254 567 6595 7943 6751 7655 4615 6629 1088 5578 8006
977229 7639 6964 1842
977260 7425 4681
977356 8795 8321 2562
977408 3752 5022
977426 906 226
977480 4268 7481 3678 5838
977531 6987 7634
977597 8464 9101
977604 1348 1512
977612 8511 1953
977696 968 1919 8548
977763 6375 3678
977838 8659 7430 3678
977842 8077 4806 9213 7335
977855 1889 8681 2110 5438
977864 5329 2289
977913 359 2166
977922 6772 917 1312
978015 906 1681 375
978063 489 5633 7622 2025
978068 6987 965
978069 5693 1842
978099 4752 3561 3547 7885 6244 5738 3292
978109 8168 3173 2231 1372 6146 831 2356 702 4096 2773 2791 1484 3051 583 1415 3576 6413 3143 7426 5843 906 7781 7300 5644 3419 9237
978131 5680 6164
978169 945 5502
978193 667 7577
978211 2984 7481
978245 9326 3234
978301 2275 1857
978346 3395 2984 4752 2727 5086
978384 6581 5538 2686 1330
978400 3237 645
978403 2839 3838 5194
978455 611 3143 1125 2510 4751
978466 1273 226
978485 831 9304 6113 2984
978551 3165 2681
978557 8179 4800
978559 1570 5510
978708 7231 6387 2805 2984 6336
978754 8730 5980 1537 1489
978770 1471 1461 1984
978775 489 7058
978800 8420 4182
978805 6129 6720 8937 8845
978833 8713 2855
978835 1953 8984 6336
978840 8321 7577 7027
978852 8659 8775
978927 4752 3678
978970 8122 6933
978998 4042 3653
979036 7089 5843
979040 6007 8580
979057 8845 220
979124 3533 5356 2350 8050
979133 855 2134
979148 1312 4526
979179 8655 4691 4203 6635 898
979183 377 6007 4364 2463
979267 7943 7031
979458 5336 6621
979491 9024 1029
979515 8845 375 7732
979523 3381 1273 7581 2247 5843 7298
979598 5753 448
979702 4806 7839 3626
979722 2761 504 865
979750 4796 6912
979911 3398 3292 1311 3602
979931 688 7449
979995 1715 2463 3752
980106 1181 6453 4083 6987 8462
980182 2984 7481 2226
980190 3556 2810 3748 3493
980214 8443 3252 7680 966 6390
980339 4691 6248
980455 9101 6746
980517 1849 3669
980648 7865 4231
980654 3431 5693 6609
980673 4354 1547 7717 9132
980708 6170 1383
980754 7228 2304
980759 1351 4691
980761 6746 5513 7507 4083
980944 2571 2350
980978 6404 3559
981052 442 1930 6390 2289
981053 612 6890
981081 4801 5086
981089 3223 1273
981307 7923 7249 9082
981342 9213 6082
981344 9176 4372 3670
981357 491 5245
981440 2678 2607
981454 2984 6062 8379
981550 1680 8703 1387 1320 2036
981680 346 2984
981691 4182 4719 3930
981710 965 5086 8665 4366
981756 5693 3226 6248
981781 6244 2110
981806 9315 3207
981807 5245 375 3120 5510 226
981808 4298 6432
981841 5592 4212
981906 426 8548 6244
982031 6085 6706
982034 2350 7454
982191 7945 4876
982331 3893 6822
982392 638 2940 7716 1073
982424 1930 4806
982495 4691 4139
982496 1968 2909
982596 2879 7272
982641 7580 2387
982649 8663 4806
982720 469 7495 3556 5521
982744 8548 91
982795 6786 5177
982883 7975 3059 5849 5393 451 6629 2495 1845 7580 3602 4812
982920 4212 7577
982983 5114 6198 3233
983129 7801 2347 6671
983222 2678 974
983294 2181 6938
983334 2085 7577
983343 7523 7425
983358 3215 5171 1189 4601 4792 8045
983389 3556 45 3209
983454 3787 6113 8953
983511 3576 6832 186 2652 8316 8493 6158 313 4853 7577 6662
983528 3493 6244 3678
983655 1029 856
983759 9334 4140 4960
983862 2720 2944 6671 952
983937 1738 2827 4293
983968 4650 6198
983984 3061 1857
984009 952 6246
984014 3237 703
984036 5245 3576 2191
984038 8945 7706 83 2843 4389 4615 1345 974 6136 6537 5681 9124 2350
984101 8236 5458
984144 7639 4238 1311 7165 359 7959
984148 2025 8541
984158 8764 8054
984164 4298 1324
984200 5158 469 9245 4793 6596 9016 5791
984239 820 3683 8191 5181 5628 4407 18 1500 1681
984367 5693 3257
984467 9371 4408 4298 4753 469 7183 381 7920 3678 2984 7883 5852
984583 6375 7577
984618 6117 1514 3237
984678 2289 6609
984739 7647 3630 6846 1277
984749 4800 7735
984812 7973 5502 5478 5739 5042 5534
984828 7545 2827
984843 7228 6336
984859 5202 3604
984866 3493 6612 9065
984892 4928 2984 8401 5510 6678 6158 675 375 4691 3602 1024 2450 4806 1736 3226 6336 2459 2988 2602 177 2226 9165 8464 5024 2350 5032 8493 1273 226 7879 6628 4615 7580
984931 9292 1324
984945 528 1330
985004 2294 5457 9072 5024
985047 4139 9065 4691
985088 5227 8149 4698
985128 1608 8902 3004 4996
985133 2173 969 703 833
985192 1959 5778
985294 8179 5086
985295 7312 7444 4140 9302 1968 7803 3475 8757 7063 3778 3678 378 8026 5590 8638 229 4013 2019 1183 1707 65 5644 3766 1029 7636 5693 3576 764 9109 6605 6621
985326 6629 7622
985332 4965 5083 6504 3893 5356 3292 3237
985339 6470 6832 5357 7608
985387 4029 392 656 4731 2303
985392 469 4577
985433 5449 4615 3292
985457 2291 3076 4702
985558 7061 2314
985585 8606 8765
985601 489 8236
985929 6178 5619
985980 9228 8717 8043
986007 7595 4401
986228 7426 2925
986240 375 4618
986290 3441 4691
986310 8485 758 8775 1312 917 5644 906 5022
986311 3852 7717
986320 7770 6832
986323 8589 8875 2743 6861 7923
986397 3658 8775 3158
986451 634 1441
986555 2045 5928
986665 1554 1670
986689 5356 831 2984 3564 4691 2050 7577 2350 5513 5592
986695 1440 8321 1356
986712 2541 6082
986772 9024 7462 714
986792 1330 4710 7645 4425 4277 3840 9228
986816 1330 5432 1410 7768 2350
986835 917 2350
986848 5590 1277
986975 7553 8329
987115 917 928
987128 928 2289
987358 5145 2636 8124 260
987380 6313 7928
987410 4132 1919
987423 4876 6082 8548
987565 5022 3434
987648 1067 7580 2484 1114 597 8984 188 4083 3310
987654 3216 4983
987663 6881 1352
987704 3740 1482
987793 4615 226
987796 6432 3586
987830 7356 5838 297 8152 4140 7735 6596
987889 5632 4891
987983 3547 2598
988042 375 4132 2984 7801 3384 3670
988052 7762 5022
988064 580 4551 4722
988071 2350 8785
988219 5356 1111 7784 1868 3874
988221 1651 2114
988244 4056 8859
988280 2314 7956
988284 5356 2984 6067 7481 5180
988287 6609 7920
988428 2822 6336 2350 1967
988433 6375 1508
988532 3234 1311 1324 2881 4691 9101
988586 5119 4180 4203
988690 5642 8568
988694 2838 5030
988890 3398 8443
988911 8789 4939
988925 7481 8314
988929 6746 4486
988979 4618 1311
989108 3447 3739 8780 6244 3778 4876 1114
989193 2562 9292
989229 7661 4891
989268 1868 490 7300 6982 367 7741
989277 8186 6581
989280 1114 9047
989294 1107 4790 831
989297 8321 2294
989342 9061 3381
989357 3107 2678 2984
989409 6933 6944 5393
989414 2881 926
989448 7875 6097
989491 6113 4691 3233 7705
989497 8860 2984 5224
989581 5776 6933 3292
989617 3216 2592
989669 1547 6248 8953 288 4466 8443
989684 3493 6671 2633
989736 7425 3493 7742 1347 2984
989737 6807 7622
989744 1347 6846
989922 2984 8549
989980 5592 1187
989993 5513 831 8635 4803 4611 6390 805 2175 6313
990048 8803 2085 3721
990098 2576 6336
990119 4966 7692 2350 8775 8485 6244 6983 442 8706 5513 2045 5632
990201 2984 1552 421 6067
990267 906 9304 4754
990308 3766 4133 5025 313 2025 233 8493 7311
990320 2646 8718 5560 6164
990367 6746 2746
990417 7946 3602
990450 6390 4891
990520 4396 5376 6244
990541 4456 5302
990553 6701 5171
990559 5032 359 3994 7577 831 6129 6079 81 6394 3606 2636
990646 1842 5510
990650 226 2636
990658 8314 6065
990728 7622 5086
990849 4996 1895
990871 8024 3061
990895 991 2984
991128 928 6390 9292 767 5534 1941 4697 87 8024 6310 991
991168 6933 6117 6206 226
991185 9292 2152
991219 4793 5273 2984 5280 6832 3234 5331 5816 1683
991228 1968 3073 5202
991305 9137 7712
991332 3436 1018
991349 9213 8775
991384 6766 4752 302
991422 8590 4691
991423 9371 733
991437 81 3998 841 6198
991552 831 4948 6313 3576 1666
991560 2822 4691
991624 1953 8695
991691 6295 1513 8003
991748 8984 1330 1029 5022 5032
991776 6944 4691
992098 2134 4543
992204 7027 3233
992272 4413 849
992278 1026 4666 30 9253 9213
992358 6375 4951
992388 4181 462
992428 794 4876
992454 3233 1262
992562 1651 2812
992585 6612 5356 7747
992659 8024 4947 4762 9270
992715 1953 7481 1035 8314 5121 8724 6248 3909 7943 6129 4615
992807 1547 226 4517 8179
992926 898 4555
993015 4035 4298
993093 469 921
993099 3381 6158 4806
993154 1379 1004
993187 7609 3431
993217 8953 2642 2964 8775
993300 7974 1720
993310 921 1273
993385 9203 4694
993441 2530 1687
993458 1953 6609
993512 1547 1148 8050 6884 8113 6938 7780
993522 2550 8548 9292
993533 8590 188
993534 3075 8013
993660 5022 805
993672 4345 4135
993686 7210 8875 8477
993697 6498 9273 6605 4909 1968
993770 5086 5356
993856 2510 7420 3500 5468 965
993885 6067 6671 6609 2874 8155
993910 9176 4806 2984
994024 7246 7318
994180 7024 5578 6987 7072
994213 2085 3431
994254 8568 2239 7163 2407 8635
994284 3226 9213 8559
994285 469 917 2296
994323 4407 2166
994357 2283 1148 3778
994472 4210 3488
994513 5510 5171
994619 6367 7455
994675 1863 6456
994726 2681 1116 1429
994771 1486 5646 2314
994801 8033 3214
994817 7430 8464
994833 4965 2534
994853 4876 7917 7580 188 1503 1311 1497
994858 186 3576
994922 6612 7106 7781
994940 7609 8724
994953 8775 468 2166
994981 5003 5348
995010 4615 5356
995018 2881 2984
995026 4615 1035
995066 786 3473
995088 2852 5162
995224 6733 4968 3888
995228 8764 222
995348 1842 5693
995433 645 8714 5538 2534 5245
995506 6211 2555
995548 7832 9040 5921
995611 1688 1953
995656 5171 1743 1514 3893 8965 6505 4249 8351
995670 4126 6164 7199
995782 5042 2964
995797 2415 2166 4928
995801 969 1442
995850 5538 7425
995884 8098 5024
995887 339 2025
995941 2226 7241
995962 9225 8321 8050 431
996057 7962 5134 3810
996074 8730 5086 9292 1448
996083 6912 5825
996090 2484 4615 3105 4803 5297 3678
996171 2289 4277 6933
996214 865 1058 7609
996228 7228 3233
996239 5081 6944
996258 5357 7580 1358 9292 8548
996348 5583 4989 5770 928
996387 2459 6746 3602 6629 1151 562
996501 8321 2226 339
996518 1922 2620 9178 3004
996546 4691 9095
996552 645 4139
996632 2050 3493 6952 6171 5245 7634
996742 4154 9214 7920 2350 3740 7735 3678 3216 5538
996879 339 9292 6621 2140 1651
997010 3292 5032 186 969
997044 6313 5393
997052 7692 3441 906 5565
997064 339 7351 7622 1651
997083 152 1419 9101
997329 2085 4466
997344 7165 1968
997405 2728 1437 2781 1029 2710
997480 2678 2874
997570 8033 2303 3745 3226
997580 4056 6675
997608 645 6944
997735 8965 3893
997760 3586 6551 4691 8240 5510 6671
997809 6933 5022 7781 5119 1733 6095
997914 3893 8659
997982 421 2988
998070 966 3015
998196 636 3512 838 6399 3473
998327 1473 3678
998350 5705 1273
998402 4180 5032 3176
998475 6987 6671
998502 1811 1608 5739 9214 3561 3097 4396 9228 1461
998547 2607 51
998606 8033 4745
998656 469 4654
998699 4298 5590 8803 7507 4126 1383
998715 8655 3772 5331
998754 3233 87
998814 2746 5331 7839 263 2226 3318
998855 1058 4102 5513 3561
998889 8464 3698
998908 1330 6973
998925 1412 4305 6933
998967 5633 974 8632 9368 2873 2216 453 8444 3143 5205 1653
998983 2463 6629 6375 51 3143 5921 799
999148 7935 339 1651
999156 5854 1711 1968
999187 4555 5245
999230 7737 359 3191 5128 8464 5281 8678 8786
999304 8484 7942 6402 5245 8559
999397 7646 5722
999439 7253 1238 2278
999520 268 1733
999560 6309 7430 6101 5083 5086
999610 4498 152
999655 8016 6310 5590 4208
999669 469 585 1547
999696 8681 2289
999703 8588 7553
999738 188 528 625
1000121 969 359 7742 5738
1000295 5359 3765 758 3556 2984
1000300 5543 2827
1000396 743 843
1000446 7509 2591
1000579 5415 8172
1000584 6067 906 2541
1000643 5 9304 3107
1000682 8559 5245
1000720 2144 5513
1000730 5633 9317
1000839 8965 375
1000922 6581 2400
1000955 1593 6164 4298 4891 6170
1001009 6709 5302
1001081 103 9050
1001096 1547 375 7332
1001101 4806 976 8777
1001102 927 3216
1001145 6291 6832
1001179 177 369 3488
1001223 8548 1940
1001251 4607 2984
1001268 5814 4615
1001274 6933 831
1001276 645 5331 6690
1001301 1408 849 2746 5212
1001417 6138 8349
1001422 4452 761
1001457 8464 927 8659 2984 9198 3893 5356
1001512 2231 7936 4806
1001592 4796 7430
1001593 6390 4806
1001598 562 3201
1001626 4277 8360 8355
1001665 7356 2246
1001800 2314 51 3277
1001813 3431 9351
1001931 7545 5676 4691 1311 9101 3653
1002038 3987 5255 1461
1002124 702 4298 8464 122
1002140 469 3630
1002181 3061 935 7228 2114
1002196 8970 738
1002271 4372 3234 8316
1002325 7162 7018 3075
1002352 8724 1722
1002385 4364 2124 3233 4502 5081
1002398 1919 1547 8541 3679 8045 2308 7638
1002435 1930 7706
1002451 2254 2037 4891
1002498 4691 6757 5481 4806 5376 6807
1002499 8876 7943 1330 3972
1002515 5438 7839
1002541 2254 5338
1002583 6706 3105
1002621 1461 1073 5341
1002667 5738 2110
1002730 8765 339 4816
1002766 5682 4105 1273
1002838 6878 6605 4793
1002856 2247 7007
1002874 9213 3787
1002889 2812 1148 3982
1002892 6170 8321 849 5510 2886
1002895 7430 6245 3556 1273 7383 4752 2763
1002909 5560 5022 226
1002963 6336 6933 4592
1002984 2503 2550 7581
1003035 5449 5269
1003042 4196 831
1003051 5513 9101
1003121 5024 6164
1003135 4119 6746
1003217 3493 3000
1003317 1330 1410
1003362 2350 7425
1003370 5513 4691
1003422 1358 186 188
1003500 220 6554
1003690 1362 7974 4078 1558
1003714 3852 3233 7577
1003766 5746 4287
1003787 7800 5034 3233
1003884 7867 9072
1003893 1651 5213
1003908 2678 6693
1003960 7634 8580
1003989 6355 638 4898
1004075 1273 4126
1004128 2984 2085 1547 4806
1004174 5774 3200
1004230 3105 4276
1004306 4702 6666 4607
1004345 3888 5329
1004352 3233 7608
1004354 4352 8568
1004361 1889 5111 6733
1004414 2400 5698
1004438 7163 5042
1004466 1514 1595
1004489 1651 1327 747 8548
1004551 5513 6113
1004574 8050 3547 1836 3431
1004577 1547 3272 4577 4425
1004692 8568 3292 1184 4806
1004705 838 6720
1004707 8024 7614 876
1004739 8108 7923 88 2963 2855
1004806 7865 2812 6621
1004919 2350 3233 5349 7507
1004928 4407 6581
1004981 4919 8033 1720
1005042 4943 4302
1005052 5693 3772 359 6390 8050
1005059 18 1653
1005074 8932 9047
1005120 8548 9203
1005183 789 1358 6581 4801 5070 8565
1005201 5331 1842
1005213 140 7583
1005258 4694 6933
1005306 1073 2376
1005396 7638 6042 1919
1005466 9101 5592
1005505 2571 11 3626
1005549 375 5356 2534
1005562 7622 7545 4691 188
1005649 7860 7920 2760
1005654 675 3475
1005771 1115 9213 5955
1005774 2278 3491 5438
1005775 8050 2984
1005959 5154 6030
1006015 375 8260
1006043 2602 1277 3606 415
1006053 689 6569
1006066 2254 2081 5357
1006080 7577 3451
1006099 8590 3226
1006138 6402 2350 7719 5510 6987
1006145 6912 226 3163 5565 2555 7735
1006205 186 906
1006238 8795 2681
1006275 4208 5224 9368 4691 1217
1006285 2114 5682 7072 1651
1006309 9033 2805 2528 1959 4806 9101 179
1006322 5032 6117
1006333 2350 183
1006405 814 2147
1006460 6336 688
1006490 7639 3630 8314
1006502 7848 6933 8260
1006594 2873 4264 5849 2678
1006650 4059 1277
1006673 6808 4212 3234
1006769 8333 2725
1006830 3973 6363
1006909 8321 1982
1006968 1119 2170
1007106 3665 5565 222 5510 4615 5593
1007319 5490 6043 1032 1738
1007334 7015 7007 5212
1007366 2984 7481 3630 6390
1007597 656 1070
1007600 1326 2826 758
1007625 4891 186 8724
1007633 6662 520 8558 3559
1007656 4160 5791 3051 8033
1007662 6832 226
1007666 6044 8116 2542 170
1007688 6329 7832 4425 6581
1007717 6248 5693
1007724 7253 2168
1007762 1974 8724 3731 3290 4691 9304 5738 8050 620 2043 761 7865 6784 2719 7481 7356 359 898
1007770 3272 8590 7006
1007879 1273 1722
1007897 857 3165 7293
1007910 1869 3163
1007924 5110 8033
1007980 9187 3630 6007
1008055 120 1327
1008089 8971 119 7267
1008093 3257 6158 5816
1008129 5348 5738
1008216 7781 5675
1008386 8777 6498
1008447 9017 2155
1008517 3237 5022
1008530 4793 6485 6390
1008552 3207 4083 7742
1008628 1499 9118
1008687 1348 2350
1008724 8459 638 339 3327 2293
1008765 161 469
1008795 8671 8806
1008803 6987 2763
1008810 2874 5024
1008868 5171 7035
1008906 87 5171
1008924 4230 4464
1008938 2571 1941 1738 1018 4800
1008981 8590 7406
1008992 7661 1738 2944
1008997 6767 375 928
1009026 5519 8672 974 255 7481
1009038 1681 6428
1009043 7614 5224
1009161 6413 2325 5202
1009250 5675 4691 7228
1009316 7796 1029
1009343 1930 9065
1009363 5510 58
1009424 54 3490
1009556 7526 1018
1009615 52 4806
1009664 3561 1631
1009678 2459 4806
1009687 3893 5083 3606
1009697 2571 1842 5693
1009801 6596 5119
1009827 469 5472
1010014 4951 1889 1337 1412
1010041 7959 2746 396 7337 8974 2881
1010111 5118 1514
1010112 5 280
1010235 4691 6933 4615
1010238 2328 3431
1010268 1593 1029
1010294 766 7072
1010314 3787 6879 4801
1010387 6637 8548
1010462 226 5025
1010576 3105 7920 1547
1010598 9065 5356 2761 7061 5538
1010720 3787 1953
1010864 6147 489 8548
1010878 103 4554
1010926 6079 222
1010994 7580 1324
1011090 8314 1387
1011092 9081 814
1011122 489 2014
1011125 3678 1738 5531 8477 6488 1604
1011143 4615 906 7920 5302 5510 7521
1011159 5693 2746
1011238 2511 6375
1011240 5297 4876 5866 3534 7530 6607 3475
1011293 22 2350 7735
1011306 8965 2379
1011376 8699 5313
1011377 1030 5646
1011390 4694 3431
1011415 1413 2678
1011447 6394 3197 4212 5510 5587 6390 2881 421 7847 4466 1842 3752
1011466 6581 9150
1011516 3530 1579
1011525 6861 9203 6378 6609 188
1011587 8775 3233 2403
1011633 3752 1514
1011645 8687 3226
1011712 3519 3914
1011769 8675 4543
1011778 6113 4800
1011813 7298 7425
1011820 7835 8548 4873 6629 8993 9072
1011829 7946 8701
1011835 2303 1311
1011920 6235 2050 7457
1011941 5200 8459
1011970 6288 2384
1012021 5770 4806
1012040 4345 7045 695 545
1012126 7741 6375
1012173 18 6832
1012298 2984 9292
1012314 5032 538 8635 3216
1012321 8297 4968 5022
1012373 3233 2308
1012380 5693 2571 3271
1012397 1941 1979
1012430 7577 1738 7027 9095
1012443 835 6375 5066
1012450 6067 5571
1012575 339 6609
1012615 359 7577 4444
1012648 2964 1410
1012692 6738 1547 6308 4615 921 3436 3029
1012716 5529 8780 3602
1012813 3630 4235 928 7341 1953 7865 7210 5001 5086 8219
1012817 6671 4232
1012836 4212 7665
1012909 2873 421
1012932 965 6375 3493 6170
1012939 375 3120 8659
1012957 7361 6255
1013017 3292 5356 2314 4745 3237 2827
1013039 866 2485
1013062 4517 6113
1013112 1651 81
1013174 3556 6933 1720
1013199 9016 4271 6840 1959
1013214 4751 9253
1013250 1563 6605
1013291 5533 6738
1013359 7426 6996 7299 3431 6933
1013396 7481 6341
1013399 8795 8321
1013433 3678 375
1013440 3431 3512
1013462 6302 3678
1013513 4096 4722
1013613 1471 5302 4745 5086
1013628 4181 1806
1013631 1836 375
1013660 220 3233
1013676 1751 5590
1013692 7298 1570
1013872 6009 9292 2681 4670
1013887 7228 1916 9306 1171 3191 1681
1013938 799 4806 636
1014022 3837 704
1014040 5738 442
1014071 5376 7742
1014124 4554 6447 378
1014130 8724 4615
1014152 9187 3766 6720 2301 3233 3604
1014171 6824 1554 1276 7049
1014275 965 4208
1014303 6807 375 8328
1014321 4722 6678 5 4141 2494 7072 2074
1014345 6539 9286 6671 636 7467 811 2633 226 8266 381 234
1014347 9065 226 2774 2231 917
1014371 8845 1722
1014421 5565 2205 2427
1014425 4876 1473
1014484 5331 2984 3852
1014525 103 1029
1014535 4996 7481 5416
1014583 8493 969 4203
1014742 5356 2810
1014794 6719 3105
1014812 952 6922 7655 3292
1014869 4806 716 4577
1014886 5086 6439 9304 898
1014937 5595 4577
1014975 826 1461
1014997 2350 6170
1014999 1010 3292
1015021 4792 3234
1015045 4287 2414
1015071 6581 3586 8484
1015086 6288 5156
1015106 6933 6303
1015125 9009 7577 2258
1015133 4891 2636 7973 3395
1015180 3075 645
1015243 833 4691 4462
1015286 3493 6294 5356 9185
1015317 8847 2678 2858 2984
1015333 4263 5356
1015344 6007 6933
1015372 1651 4446
1015434 3207 917
1015493 5024 4691
1015598 2763 7800
1015605 952 2033 7668 3840 9176 8464 8635
1015611 81 2838 5516
1015701 1454 3061
1015706 969 898
1015723 6987 8795 7324
1015799 1311 5022
1015943 3678 5031 8179 2449
1016046 1018 3782
1016068 3233 4873
1016157 442 965 7737 5086
1016259 6390 2984 4806
1016407 8777 6158 8647
1016432 6581 1086
1016456 226 7781 6671
1016568 2881 1738 7299 1358
1016577 2914 421
1016673 5199 152
1016705 152 3425
1016885 8413 7768 8765 8130 5202
1016953 3381 2746 3124
1016961 492 5393 5022
1017142 2085 5778 4456 5376 8113
1017228 8853 9065 3075
1017232 5671 5513 3561 8260
1017390 5675 1049 4447 2239
1017392 2085 2003
1017422 3949 1959 2984 8217
1017450 8937 6375
1017499 5399 8854 9150 3090 7781 1330
1017515 472 9010
1017529 4212 49
1017646 6807 528 5513
1017667 1842 4806 5356
1017677 3893 4263
1017690 2873 4238 6746 5331 8274 2357 865 2110 7732 5798 1030 6248
1017736 7279 8590
1017757 8906 1720
1017768 8179 4691
1017773 928 3431
1017774 4196 2710
1017776 152 3561 3893 3292
1017808 2370 5930
1017841 5457 682 1489 1624 4876
1017869 1029 890
1017904 5136 6555
1017959 4691 4891 3493
1017991 3292 1715
1017997 8343 8782 2620
1018002 7735 8496
1018006 2414 3556
1018041 437 3973
1018051 1799 8590
1018095 8236 1525 2794 8718
1018104 1547 906 2350
1018336 6628 8240
1018398 359 4965
1018440 5541 7920 5391 103
1018447 7466 5213
1018509 3849 898
1018555 9177 6288
1018597 5356 3051 4806
1018616 2984 7991
1018621 5245 9101 1842 1508 3233 3493 4691 7651
1018688 6390 4806 7425 421 5171 3602 8780
1018845 5042 8500
1018859 7492 6310
1018876 9213 965
1019048 5329 2350
1019066 1720 8109 3949
1019124 2028 1461
1019127 8413 7647 3122
1019132 9118 3234
1019138 8713 1957
1019158 4701 9214 8493 2379 5171
1019201 4792 4135 4806 375
1019253 9310 1456
1019295 2810 359
1019373 6720 6982 4280 5376 8321
1019395 7521 3381 5698 8875
1019491 5698 4083 4710 733 2984
1019503 6842 601 2914
1019525 5024 6609
1019533 2328 6609
1019559 1164 6671
1019690 3271 421
1019756 1968 2636
1019781 1953 857 7570
1019875 8379 4800 6375 469 8925 1148
1019876 7577 4217
1019877 5680 1356
1019893 1504 2166 6288
1019898 6581 4554 3576 4231 2503 8572
1019986 6933 6164
1020036 928 6612
1020043 1842 1720 7353
1020231 5081 3727
1020301 6779 2946
1020375 3606 3893
1020380 685 1857
1020451 4139 188
1020465 9304 3595 4574
1020514 255 1070
1020639 638 5510
1020690 5024 634 6671
1020738 490 3880 4475 472
1020818 5393 4293 2699
1020828 1326 2858
1020857 3317 1273 188 6706 5331
1020864 7577 5224
1020890 8329 8413 9033 91 1973
1020941 1262 1854
1020971 8718 6313
1020991 2085 3207 7155 6884
1021016 7808 1029
1021029 5356 934
1021057 8676 2479 3673
1021077 814 9176
1021164 1608 1148
1021237 7283 8659 448
1021282 3233 7699
1021332 2812 3475 898 3998 3431
1021393 2984 5031 5086 3602
1021395 5200 1119
1021422 5517 8765
1021426 164 7735 3008 4658
1021517 3163 9036
1021696 7781 3893 5022
1021758 5357 5578 1847 5513
1021849 6248 5291
1021864 5785 5592
1021912 6666 1941 6963
1021989 9213 7634
1022031 5399 2291 7162 6671 6809 7577 5356
1022091 5680 1015
1022178 7298 1474
1022211 1026 5331
1022232 8961 1528 359
1022249 3556 3678 5127
1022251 8659 5223
1022266 3292 5843
1022289 8548 339
1022387 4607 5866
1022409 786 3778
1022434 4298 9292 188 2695
1022552 1930 2984 3271
1022563 7548 339 1651
1022564 339 1029 7980 840 1277 3186 7808
1022613 7622 1651 7764 6996
1022634 2170 4110 185 5171 5598 969
1022713 1018 5508
1022789 6596 5510
1022840 2484 3678
1022857 1570 5693 1461
1022861 3678 5072
1022862 7008 9292 1778
1022867 4263 8488
1022870 9292 6059
1022901 9292 220
1022920 475 7848 562 8575
1022922 339 8548
1022929 6635 8131
1022936 5356 9203 5086
1023007 3576 3787 7337 313
1023034 808 3930 188 2414
1023035 6548 6183
1023041 7481 5022
1023137 4801 5032 4407 8663 3216 5245 1547
1023152 8033 1752 7298
1023272 906 5032 6080 4965
1023317 2376 7866
1023330 5590 2438 5025 8187
1023456 1953 6987
1023471 226 6612 4182 6777
1023523 4010 9292
1023536 7742 7341 1318
1023577 2984 7737
1023586 2340 638 6996 1029 7853 9072 5542 4235
1023590 3849 4216
1023594 7127 365
1023601 6678 560
1023643 8024 3165 9081 2289
1023668 7622 8765
1023695 1608 3175
1023720 7760 7300
1023743 965 5376 5941
1023758 3311 1383 4133
1023771 1026 2805
1023798 3395 1248 4126
1023834 4279 694 375
1023841 4806 6933 9213
1023854 2062 2877
1023975 4407 5935
1023997 122 103
1024016 9228 2944 3207
1024041 1953 6336
1024050 6596 8565 1058 7580 668 2626
1024111 2984 1311 7634 6374
1024154 2226 7043 188 3556
1024172 4806 7253
1024244 6390 2289
1024296 9213 825 5181 5693 6832
1024305 5980 1277 2376
1024314 3602 528
1024316 2578 9087
1024320 1857 9150 5517 7716 7577 1930
1024423 4469 5351
1024463 9292 6581
1024490 2455 1324
1024573 8568 567
1024673 6588 1837
1024843 2625 2746
1024855 7747 2984
1024868 928 6779
1025048 6944 92 339
1025092 4806 4231 1955
1025216 265 2301
1025286 8080 5024
1025336 4615 4691 951 5592 9300
1025441 4801 2325 4891 2231 906
1025451 8635 424
1025513 2984 5224 6341 6846
1025615 3389 8609
1025660 4694 3534
1025757 3604 8011
1025792 1184 6987
1025889 4572 1595
1025964 7361 1733 3731 4032 7717 6303 9055 8300
1026090 5245 5357 1780
1026173 7553 857
1026239 4873 2949
1026250 7523 1953
1026276 1277 1029 5919
1026288 1454 8321 3739 6746 4928
1026374 6955 6309 3606 5356
1026420 2625 7580
1026470 2218 1454
1026537 3292 7609
1026659 4500 6043 247
1026666 4721 952
1026711 1968 8834 2743 5620
1026714 2419 7920 7997 3692 2291 1651 1029 6953 840
1026779 9187 6832 2607 3899 6007 6756
1026818 3493 2106 6341 520
1026926 965 9065
1026962 3731 2749
1026982 5457 7072
1027036 3292 5119
1027263 2909 7341
1027349 375 5171
1027417 489 8765
1027426 8581 3590
1027515 3271 2984 7318
1027532 7425 2636
1027553 6158 8511
1027593 9339 675
1027604 5521 898 5738 2541 188 917 2301
1027622 1114 6671
1027675 2746 8921
1027679 3047 2479
1027683 5521 8639
1027687 6933 8637
1027720 4263 5438
1027730 4802 3226 8590 1595 6588 2881 359 372 6612 831 6433 2069
1027737 2226 2142 5056
1027784 617 2881
1027844 4873 2308
1027859 8659 393
1027884 6846 2555
1027919 2763 7824
1027961 3290 906 6080 8464 8416 580 8725 8706 3163 8965 4203 4711 5032
1027987 5738 4042 528
1028035 4615 4691
1028122 9094 831
1028142 7634 2984
1028150 7433 5590 2681
1028178 8548 5633
1028217 1524 4806
1028220 5156 1010
1028277 4298 188
1028337 6106 2766 3868
1028421 6390 1670 1953 8493 4430 8637 3491 7920 952 6114
1028453 4238 377 1253
1028497 6006 5171
1028510 2930 4034
1028515 9327 7823 7622
1028526 3203 6573 8765 6287 1029 5478 2216 5024
1028534 928 5791
1028599 2028 6720 2231
1028613 7228 8764
1028660 4806 4466 636
1028675 6042 7622 4263 2681 8103
1028705 4080 5329 2144
1028752 6375 7570
1028767 8724 7306
1028789 3514 6720 3684
1028872 4298 3381
1028928 1570 5086
1029101 2170 421 415 8568
1029105 2984 8965
1029109 520 4554
1029234 8265 3852
1029245 8335 520
1029284 3431 8321
1029300 7228 3233
1029322 3077 3602 1277
1029378 3678 4615
1029489 2226 2984
1029541 7735 4500 2841
1029592 6180 3682 1138
1029640 5356 6933 3752
1029712 4554 8373 9286 7742 149 7865 2085 2944 6063 5509 811
1029788 5356 375 2984
1029795 4212 1842 8681
1029889 6840 4951 9213 1868
1029935 469 6912
1029958 9024 8050
1029970 186 5024
1030018 847 855 928 1634
1030050 1454 489
1030095 375 4069
1030107 9213 2350 3061
1030144 1836 9065 9176
1030146 8399 6996 1387 1339
1030208 2625 7735
1030301 1311 591 645
1030334 8424 8836 5478 4691 6932 5100
1030393 4702 2289
1030439 7481 3678
1030636 1547 4271
1030644 2239 4806
1030775 9345 8568
1030798 1653 3340
1030804 2350 7406 9214 3493
1030820 2534 8054
1030837 952 5356 5224 8795
1030882 8416 1330
1030945 2968 5022 7982 4951 8413
1030953 6158 2746
1031113 6164 7622
1031139 3277 5356 459 1184 3502 3454 114
1031162 7331 5921 5538
1031174 1116 3314 5921
1031186 9118 8488
1031205 2459 3897
1031262 405 6447 560
1031288 4858 5024
1031380 917 4796
1031382 2063 5356 1243
1031402 2720 2350 6628
1031601 8724 4876 2967 122
1031653 1968 469
1031677 4745 2376
1031744 6375 6609 2535 8350
1031772 8587 3077 9292
1031796 7581 2303 1461
1031832 6080 5645
1031833 831 2984 2805
1031933 1114 927
1031940 3778 7336 5074 5676 1461
1031956 421 3271 3292
1031993 1470 2881 2373 6195
1032160 1029 6706
1032162 4691 8089
1032167 4500 3721
1032275 95 1304
1032283 2419 6987
1032298 2984 966 4806
1032312 833 9176
1032315 2310 610
1032345 1538 7306
1032389 2985 7695
1032407 5331 3602 375
1032437 2998 8570 8891
1032470 1908 6777
1032509 5356 4439 7737 8606 3075 4754
1032539 418 489
1032636 6751 3490 8321 7993
1032655 448 3154
1032676 2984 9176 4336
1032722 375 8179 4083 3256
1032761 1545 8972
1032783 4752 9176
1032806 2241 8746
1032853 143 8590 2459 6738 8500 5331 7788
1032920 3906 2678
1033010 1419 1681 5032 2166 2881 7162 7112 9065 8827 969 4574
1033036 2620 4208
1033230 9081 528
1033251 7869 665 5513
1033446 6138 7183 2045
1033478 8217 6138 5529
1033598 8775 3233
1033617 8329 343 6073 5661 3159 3731
1033627 4238 2980
1033631 2985 9101 4806
1033659 9251 2827 8321 6751 7640
1033691 152 7206 5245 7634 2571 3493 6612 8240
1033781 9176 1593
1033790 2033 6933
1033815 3427 5995
1033832 3233 906 1319
1033863 2944 4196
1033924 3234 3678 4466
1033959 2717 2106
1034010 9101 7995 2296 2774 721
1034031 2303 134 5590
1034086 1858 79
1034121 7943 3561
1034153 1653 8803 1778 3271 1114 3187 8897 1181 7843 6523
1034167 6375 965 4806
1034226 421 2764 6067
1034322 2881 375 3493 2484 3630 4083 8659
1034376 2114 7651
1034381 6987 702
1034512 3292 7936
1034619 2571 4351 4212
1034634 8655 6301 6609 5682
1034659 8209 703 4806
1034709 4059 7178
1034830 3602 9286
1034844 661 6063
1034879 7742 6933
1034891 6609 6164 4691
1034906 838 8033
1034934 5177 5086
1035021 8548 1119 3519 4691 1654
1035032 6066 6133
1035109 7514 906 6581 2463 108
1035148 694 7920
1035167 5302 4462
1035290 4660 7609
1035302 562 4444
1035384 6158 6114
1035425 8984 3626
1035488 6933 2791
1035489 965 8294 4722 8775
1035582 4801 359
1035618 2226 4554 6808 5273 7742 4702 4806
1035721 5376 9294 3670 5171
1035731 152 7430 4453
1035737 3094 3057
1035888 1324 4141
1035980 2914 5356
1035999 465 2984
1036013 2843 6224 3949
1036054 7800 8266 5513
1036065 7832 2791
1036074 3122 6288
1036137 3395 1383
1036173 8363 6987 469 5121 5475 6445
1036196 5612 5376
1036222 4939 638
1036230 6480 3272
1036301 3429 3633 2710 2112
1036343 9292 5086 4298 1738 4951 1974 3678 8179 4444 268
1036348 3670 5331 6375
1036405 4271 6964
1036465 6933 2535 3051
1036479 5738 3177 7735
1036490 6985 1838 3292
1036500 9033 1311
1036522 4272 3312 4792 3292 8724 2350 2984 6733 6313
1036583 6884 9176
1036623 1321 268
1036659 188 7609 6101
1036804 8965 2984 1442 4615
1036837 2085 6720
1036857 7430 1324
1036883 1608 8321 1029 2252 205 1653 2874 1593 6621 3410 8724 6336 799
1036992 9061 2984 2890 5356 2518 1399 538
1036993 1889 8355
1037193 2379 2506
1037208 857 921
1037222 8091 2310 5332 3378
1037248 6375 5543
1037260 6609 4393
1037327 5086 8143
1037415 1757 9124 8568 2350 6193
1037453 4396 4806
1037471 966 7923 2239 7489 3844 717 3258 6336
1037569 5032 4555 8464 2350
1037574 5171 1847 2616 226
1037641 4196 2827
1037667 1525 3277
1037674 2984 4174
1037726 3431 5376
1037732 8590 2843 7609 4806 5171 1895 7839
1037744 2314 2350 4691 2106
1037762 6758 3370
1037800 6612 8240 7639
1037830 270 2984
1037832 8003 7466
1037930 3562 6933
1038041 7348 5984
1038068 8033 2746
1038164 6960 448
1038201 9248 5109
1038224 7193 1861
1038236 7737 7299
1038243 5538 5202
1038353 6364 8730
1038375 3154 8953
1038377 2205 6288
1038379 1953 3233 8655 4677 2926 5094 2256 1876 504 4395 8668 3604
1038392 5935 5048 5212 2289 7920 2984 1324 3602 375
1038447 5072 8637
1038587 1608 6987
1038700 1119 6198
1038794 5024 7430 8943
1038827 4298 6164
1038828 1953 5115
1038860 1319 83
1038883 1968 8765
1038897 6667 1114
1039020 835 2498
1039124 8725 7764
1039135 4774 7298
1039307 3678 5587 1262
1039327 1651 6147
1039378 1842 3165 9279 7798 1030 2858 3475 9310 5581
1039499 7766 4056
1039511 2303 8274 2984
1039547 415 7824 1387 1461 2376 4985 7477 8299 3186 2075 8033 3803
1039706 1889 2291 8795 8885 1273 4354 5202
1039789 3423 6756
1039840 103 1271
1039861 2678 8585 375
1039915 6595 8710
1039960 3731 5492 1273 4276 6609 7661
1040053 6016 5 1754 6596 6832 2984
1040105 6876 5024 6846
1040110 9118 4897 421 7982 1194
1040124 81 6164 1324 5457 2000 6678 4298 1570
1040190 1454 8399 8464 811
1040212 5022 3237 7928
1040335 5513 7737
1040351 2350 4444
1040386 6164 6777
1040432 3124 1387
1040449 7298 2003
1040522 3290 2227 9065
1040535 6458 4135
1040547 6890 738 1489
1040616 1720 6714 7228
1040645 4739 5171
1040691 9306 2984
1040713 183 226
1040746 5259 7735 5338
1040751 1636 2701
1040775 5393 5022
1040818 7180 7409
1040826 2227 5025 4466 5778 7774
1040838 4691 8091 2110 18
1040867 4937 8580 2023 7878 7134 9101
1040880 5025 5680 4554 932
1040964 7622 1319 1186
1040985 5617 1461
1041052 4681 6987
1041067 164 4976
1041242 103 2350 7735
1041247 6244 6336
1041264 4021 7183 831 1482
1041281 4113 5171
1041383 6246 3105
1041462 520 8637
1041468 8663 9228 5024 4444
1041488 3678 7609 2350 4645 6752 8464
1041489 2720 3191
1041655 1903 4806
1041661 5022 6746 3893
1041741 2861 4721
1041764 4323 3491 6933
1041852 3105 5590 8321 3708
1041923 2085 4517
1041971 6114 831
1041976 2984 7425
1041978 3431 9286 4722
1041986 793 2890
1041992 702 8932 375
1042059 857 1029
1042065 6425 375
1042177 1330 6996 3396
1042195 4331 2609 7885
1042257 2843 7702
1042271 7228 6609
1042413 1015 4891
1042477 7260 1953
1042516 1015 4756
1042634 3226 1324
1042672 3482 6983 3824
1042688 8757 6170 359 6315
1042814 7298 632 7306
1042824 1316 4793 5696 1525 5 6718 4806 5245 835 7523
1042878 6626 265
1042969 5516 7622 2310
1042972 1889 6197
1042979 758 8736 7335
1043006 2226 6080
1043143 7943 2069
1043294 2984 6596 8379
1043323 7507 6117
1043340 8954 2530 5534
1043394 4806 9255
1043406 1002 6635
1043559 980 7800
1043618 5024 4471 5022
1043635 3797 8165
1043657 5245 5552
1043666 6264 1959
1043758 4298 3187
1043768 1473 489
1043842 194 7226 5849 8091
1043901 3849 5224 2984
1043905 2350 8775
1043914 7801 1471 5022 5693 8321 2573
1043924 5331 4083 6390 5738
1043972 8969 5273 7027 8378 3405
1043978 375 6129 4293 1528 6035
1044013 7544 6244
1044071 4555 186 7956 5245
1044092 1725 6291 2535 2827 2239 226 5513
1044111 1387 4960
1044124 4466 4554 5680
1044130 4774 8424
1044144 3800 866 6596 8179 6484 9253 5245 7634
1044167 1945 811
1044175 8016 1277
1044182 1468 7331
1044297 2417 1347
1044329 1738 3684
1044335 4554 2874 2573 3252 6048 4577 7266 1015 7968 1547 8246
1044397 4983 6581
1044443 8718 1461
1044452 375 188
1044467 1299 6288 4661 2717 2350 5418 2720 6402 4955 7163 8364 6085 2042 3556 4000 3678 3816 1845 4305 8834 9065
1044512 4174 375 8843
1044557 375 3602 8091 3451 5814
1044572 645 6879
1044631 2226 8321
1044671 7272 2909
1044691 7920 8860 1811 1547
1044712 5627 8681
1044848 2373 8925
1044915 8818 469
1045021 5408 1345
1045060 4614 6168 8085 1114 343
1045063 4126 5302
1045208 2239 359 4428
1045211 5791 4271 3097
1045358 5144 4722
1045361 4762 1330 356 2350 516
1045415 4797 2746 6824 8902
1045442 6375 1719 2791
1045459 976 3734 591 831
1045562 3143 6596 4691 4806
1045625 3637 2812
1045628 6432 4042 8006
1045736 4132 421
1045763 5245 188
1045891 763 6317 6609
1045902 1461 1073
1045961 2788 4971 4231 3678
1046046 6336 490 808 5843
1046105 991 7846
1046156 9253 1631
1046167 2984 9101 3381
1046249 5895 2003 7061
1046270 5705 226
1046273 7692 4966
1046362 4691 3436 8795 7043
1046425 4891 4691
1046431 4790 7092
1046613 9354 4790
1046629 6113 831
1046633 4597 3852 4691 835 8484 8559
1046643 8462 7426
1046645 6612 1889
1046722 2085 4806
1046768 8795 152
1046769 6941 2678 7800
1046779 8703 7505
1046805 5590 1029 2294 7987
1046828 2226 6067 2246
1046863 5798 8730 51
1046912 6933 6609
1046948 8632 4212 4579 6447
1046971 6375 5086 1371
1047069 7980 3826
1047201 8464 4691 2520
1047221 5376 4345
1047342 1778 7577 8493 3849
1047349 9249 8036 3256
1047419 7942 1828
1047460 2881 1959 3561
1047510 2681 7426
1047515 8548 9292
1047546 8795 6765 381
1047553 6530 2003
1047559 4425 375
1047577 298 5269 3136
1047608 8568 3586 8548 1454 8984
1047618 5949 7848
1047674 4806 3493 2163 6808
1047683 2350 5023 469
1047696 7426 2667
1047711 8355 4691
1047719 3271 7523 4928 8113
1047747 5022 2246
1047831 4466 520
1047839 2468 3039
1047861 6276 2419
1047872 4694 2014 7425 2696 7575 2969 6117 3836 3678 5584 8077 2134
1047874 1266 2379
1047876 2376 4694
1047907 1018 831 4287
1047977 979 5682 1473
1048048 8464 7577 2625
1048063 1941 6204
1048084 8681 6480
1048106 2843 5521
1048135 2137 3623 4694 6 4245 409
1048169 5032 6067
1048180 2822 152
1048185 4873 9023 9
1048285 6996 152
1048408 4876 1651
1048512 3234 7027
1048561 3404 4076 2984 2805
1048672 643 1277
1048707 4808 7337 3233
1048955 935 2088
1048982 5255 6668
1049022 5086 4691
1049029 7481 4000 2350 3381 4078
1049053 1968 5583
1049170 6094 760 7466 4691 4464 8395 2179 3831 3490 5770 1060
1049186 6822 375 92 8665
1049189 2163 3602
1049205 2838 6028
1049227 6706 4238
1049239 2746 7228
1049341 6982 2984
1049394 6043 3431
1049413 7959 2984
1049457 3848 6940
1049534 1164 592
1049691 6626 381 2278 5022
1049708 6048 8984
1049932 9125 3235
1049980 6605 8493
1050112 3493 3998 188
1050192 1456 7672
1050245 4271 1547 928
1050312 6720 6488
1050361 50 8464
1050441 6375 222
1050684 5171 6832
1050764 1067 8906 2003
1050806 3661 1651 8465
1050842 1473 3475
1050843 6714 2051
1050952 5515 5949
1050960 1461 5144
1050974 6158 8544 6612 5245
1050994 6158 7228
1051036 6423 2350
1051062 1125 2984
1051078 472 4691
1051131 6355 5449
1051185 3731 6691
1051219 7742 5848 6621
1051298 7735 252
1051334 6489 2268
1051380 2166 5048
1051405 520 4042
1051457 6390 2226 6113 4985
1051459 8321 9176 7331
1051554 7577 2678
1051613 5022 3292
1051614 3493 686 8608
1051619 2045 3893
1051679 6671 7577
1051692 3949 7131 3234 1547 8050 7634 6067 3475 991 4566 1727 5025 7742 6752 1311 2822 8379 6390 8724 3630 7214 6846 7606 8716
1051694 2984 7356 2805
1051837 6164 8046
1051911 9033 1968 339
1051950 1872 7938
1052015 3493 8590
1052050 2085 4208
1052077 5633 2681
1052080 4121 1866
1052124 2478 8672 5837
1052138 7651 5190
1052201 827 1116
1052382 6693 4627
1052396 6933 4065
1052520 5032 8785
1052535 4191 3431
1052609 3679 4873
1052623 2484 2678
1052649 4681 6073 5644 7728 6605 5329
1052698 6635 8292
1052717 805 2571 3493
1052770 3292 8260
1052792 6288 493 6807
1052829 3233 8638 7012
1052919 4808 5083
1052931 9304 2741
1053012 1983 4694
1053090 2592 5605 1156
1053193 1842 8764
1053355 4965 7928
1053406 5693 2227
1053411 4806 4721
1053435 7668 2984 92 4806 5331 6733
1053599 9338 6846 4803
1053630 7702 5739
1053643 4231 346
1053727 4928 103
1053732 8606 4212 1842
1053836 1102 4795
1053841 2226 1178
1053855 6485 3844 7511 3493
1053877 7580 3249
1053945 2720 7920 7967
1054086 7228 4169
1054110 2238 6509 5405
1054200 5356 7747
1054271 5314 857 8637 1456 3095
1054395 3127 8549
1054471 5617 528 3845 3556
1054550 2166 5620
1054601 1738 7481 5594
1054622 226 6085 6987
1054625 3801 1330 5356
1054742 7668 6138
1054749 5675 3893
1054771 6728 3475
1054775 6612 7263
1054810 1547 4899
1054863 1387 7425 6621 7774 6375 3909 7975
1054901 3431 2609
1054916 5302 1547 5739
1054950 5490 4053
1055017 6009 1416
1055030 774 48
1055118 2289 3209
1055201 1508 1018 5359
1055297 5478 8842 6164
1055393 122 4390 2350 3880 8837 1616 6624 3237
1055411 763 5269 2820 7660 4689
1055446 5024 6390 7577 5376 5693 951 8681
1055461 2873 5397
1055551 1842 7027 2036 2170
1055657 8965 3678 4372 921 8281 8724 7550 5738 8728
1055702 5883 7577 5778
1055722 5243 3826
1055801 2276 857 1997
1055895 9065 4271
1055926 3441 2204
1055959 2238 9072
1055993 1273 1070
1056099 5356 421
1056113 2984 205
1056121 5356 5208
1056147 8590 18
1056223 1387 3272 4852
1056242 2450 375 8091 6113
1056368 5778 4702 5280 126
1056374 1277 469
1056628 9061 5273
1056630 4633 1666 3098
1056807 4951 4615
1056827 2984 1869
1056847 5675 3292
1056859 7339 8335 4238 4217 2386 7523 4466 8559 161 7577 7788 9279
1056871 1716 2687
1056878 6987 6933
1056887 3849 5074
1056949 4071 6746 8906
1056998 1778 8724 1547 2984 928
1057008 8122 2350
1057011 442 2887
1057028 1410 5356
1057085 3935 339 1953 2794
1057094 4691 2578 7609
1057138 2810 2170 6050 964 5145 2838
1057165 4018 6912 7923 6671
1057206 789 7213 1804
1057214 7511 8321
1057227 3456 2550
1057242 6488 1277 1273
1057246 87 6847
1057264 3678 110 9101
1057309 1653 6519 2503
1057310 6720 3752
1057321 8590 2857
1057333 4446 7312
1057347 6709 6107 6195 3163 766 6862 2873
1057364 7524 2825
1057377 1273 7609 6933
1057389 6158 7609
1057396 3563 1461
1057397 6390 4806
1057398 5171 969 5778
1057400 7798 8765
1057408 8484 8091 6222 2873
1057479 6629 9072
1057482 6375 2822
1057518 5495 5513 7719
1057526 2289 3678
1057537 5011 3065 1000
1057579 2822 395 2239
1057625 4196 5070 6933 4582
1057685 917 8131 7860 1273 188 4615 1473
1057733 5356 6080 7737
1057876 7580 51 6629 4691
1057945 2350 6733 5002 8033
1057981 3633 3105 2003
1058031 8775 2984
1058069 656 2791
1058100 1114 6671
1058132 1324 3480 5302 4793 4217 1482 188 1770 222 2427 667
1058142 421 3381 7331
1058267 645 7692
1058335 3143 6375
1058369 4080 9228 2085 3580 366
1058403 6043 898
1058454 226 4271 5091
1058523 489 339 2735 9157
1058587 3642 6009
1058609 7430 1565 6678
1058631 2289 2231
1058743 339 7072
1058836 7505 6402 8606 8785
1058868 2822 3233 5738
1058983 3472 8059
1058997 8637 7581 3381
1059044 6879 2873 6512 6446
1059081 6581 4983
1059122 4694 3721 2678 4345 1489 6439
1059128 1514 5024 4263 2984
1059130 4152 4456 7580 1827
1059140 5200 3194
1059152 7557 6332 51
1059208 1525 3956 6390 3226
1059240 4271 9253
1059246 4891 6423 8821 8413 8484 7946 7298 1114 6303 1857 5302 4774
1059269 4694 3185
1059303 7298 3271
1059307 1733 5578 1029 4196 375 840 5590 214 7581
1059334 3107 3548
1059361 3493 3314
1059452 5224 3590 2328
1059462 2488 1632 3431 3175 4806
1059466 4510 8151
1059474 4517 8765 5502 7583 7655
1059506 3298 9312
1059563 6846 2414 2873
1059617 7609 8593 3556 3191 2062
1059634 1029 6036 18 7808
1059650 2571 9213
1059684 8115 7839
1059685 359 3752 226
1059692 8901 5280
1059734 186 5538
1059818 1049 3216
1059819 5334 3020 1411
1059826 7735 5032
1059908 1836 7043
1059953 2214 5992 6509 3194
1060057 7634 8314
1060114 6082 513
1060271 5376 6336
1060314 6581 7298 2812 3973
1060342 5705 1277
1060408 761 1350 5269
1060412 7362 4702
1060460 6164 8464 8321
1060468 5529 5693 6818 4208 3678 312
1060502 3431 2373
1060598 6394 2984
1060641 8321 5376
1060793 932 8305 4056
1060960 9292 2294
1061005 7466 1211 2927
1061030 8190 2535 6596
1061044 2166 6612 4574
1061048 2308 339
1061146 381 1778
1061211 2058 5675 6080
1061217 3493 4466
1061260 1773 5072
1061271 991 226
1061291 8462 4691 5592
1061304 5738 4263
1061306 6779 6288 3423
1061366 3547 5202 188 2226
1061381 1545 4928
1061387 2843 7835
1061469 4615 1547
1061477 1720 4042 4208 4691
1061585 3233 3475
1061746 8681 7577
1061749 126 8925 2254 831 7109
1061780 5171 694
1061830 4774 7193
1061871 9222 2984
1061960 110 8179 3602
1062035 7699 7339 1968
1062037 5972 5843 1636 5590 7298
1062078 1238 6765
1062090 4407 2890
1062239 2466 3059
1062289 4172 4411
1062313 2343 4614 7609 7661 926
1062325 2838 7406 5302 7908 6987 5202 6605 3493
1062397 1681 4407
1062490 638 1119
1062576 2138 6636
1062622 3849 3475
1062742 1394 7545
1062749 8541 8953 2881
1062775 6569 8493
1062792 2350 6461 4086 5735 1720 8373 7967
1062824 5118 5497 2166
1062921 6609 421
1062968 7580 6791
1063045 8974 3493 1608 2085 7871 375 448 7406 6288 203
1063111 2652 6671 7331
1063121 4806 5280 2984
1063218 5357 152
1063285 188 5528 966 8730
1063305 4691 4139 5682 8033 2310
1063326 6007 460 6709 2822
1063456 1494 5359 824 81
1063469 6629 2984
1063564 4298 1030
1063619 952 3237
1063629 5592 8638
1063781 1330 405
1063821 6751 5578 2873 7539 1410 7298 1888 6165 8807
1063907 4868 3107
1063912 4873 1651
1064010 4774 2075 3143 2275 3194
1064015 5838 6629
1064060 1898 5738
1064079 448 8775
1064273 6605 8947
1064276 5181 9286
1064279 7823 827 3934
1064448 5356 6738 928 6671
1064495 8477 3381 3095 6288
1064509 5575 906 6671
1064513 3731 1482 1945 2350
1064552 7784 3441
1064673 835 4577 7481 9159
1064729 1529 343 2890
1064733 5360 3905 6469
1064783 7645 3606
1064784 6746 7830 8321 7318 1790 4126
1064926 6635 5590 1461
1064967 4691 2301
1064995 1311 6609
1065050 2881 3209 4145 8913 7887 4615 3556 1733 3678 4228 5632 5393 9214 6037 917 9061 1387 7735
1065097 1968 879
1065104 103 6390
1065137 921 4212
1065195 1845 3233
1065221 694 9305
1065306 2463 1966
1065598 5083 3051
1065599 1755 3704 3216 2984 9326
1065635 188 831
1065690 4217 849
1065717 1029 8548 5302
1065756 4772 863
1065758 898 7609
1065859 4268 1979 3061
1065988 3156 2827 5356
1066002 2541 6113
1066017 2124 9371
1066020 5119 5118
1066066 8590 4402
1066102 9306 7609
1066153 2166 6138
1066189 3586 2636 5647 375 1035
1066289 5027 7493
1066313 1940 6849
1066334 3105 8730
1066475 4549 1454
1066499 7302 4010
1066509 1707 3475
1066548 2350 6446 1529 5478
1066554 7545 2370
1066572 831 6246
1066592 2864 2028 7259
1066732 3216 8219 1296
1066767 1959 7351
1066850 8011 7430 7943 5430
1066949 618 4801
1066952 6276 2678
1066985 3893 5086
1067027 3105 2275
1067059 528 1842
1067064 375 5393
1067087 5580 2350
1067115 6358 2984 6336
1067172 6609 1711
1067190 7800 8965
1067204 2058 4808 2984 9306 1930 375 7128 4806 3292 1312
1067226 6733 5006
1067233 7008 4806
1067234 5921 1029 7338 7949
1067249 4235 5693
1067317 8321 9165 2651 5327
1067453 8637 87
1067590 1916 3556
1067624 2984 469
1067627 2822 5331
1067630 2820 5807 2085 656
1067777 8901 519
1067812 3678 3415
1067878 2734 90 6832 39 5830
1067911 4722 3602
1067927 3143 4298 4844 835 9292
1067932 8716 8475
1067956 2984 5331
1068103 3163 8424 6933
1068175 1547 9338 2984
1068208 906 4866 7976 1017
1068233 5356 4940
1068275 6818 1471 8113
1068295 7760 8321
1068423 421 4701
1068502 1228 5022 9304 2698 6725 1941
1068551 4793 1018 6248
1068740 4806 6612 6358
1068844 7045 3586
1068891 8895 4081 5200 1220
1068939 375 6375
1068940 4826 1387
1068976 4287 3493
1069003 419 1547
1069054 8775 926 6113
1069089 4502 3446
1069096 6370 3787
1069170 8898 8902 7959 4615
1069187 2727 1344
1069261 8548 1651 7823
1069441 3959 1018 8775
1069464 6375 2934 3576
1069489 1968 7462
1069517 2205 6825
1069520 3233 4691 8845 4618 6621 1194 2598 3235
1069575 8885 8932
1069650 3035 5191 2298
1069696 2191 6720
1069718 3423 2304 4745 1677 4296 2873 8795
1069795 2864 2820 7485
1069836 1073 3590
1069857 952 5032 87
1069873 3602 1324 2340
1069908 2541 4615
1069919 4217 8682 3207
1069974 1454 3223 268
1070005 2881 6662
1070093 5816 8091
1070158 6678 4517
1070313 7267 4785
1070425 4702 4543
1070477 528 2078
1070509 4806 5497 2984
1070564 6211 6933 6912
1070577 6375 4691
1070614 4891 1371
1070691 6933 7285 186
1070729 8637 9101 3493
1070751 375 381 1836
1070786 8681 3351
1070801 5592 3678 7801
1070865 6244 65 7411 6784 3381 4577
1070878 4271 4298 7253
1070889 1217 1547
1070897 2085 761 533 2325
1070954 7027 5770 1754
1070986 1279 3678 6629
1071019 747 2838
1071057 5515 3778
1071095 4453 186 8795 2226
1071114 1889 8373
1071323 2678 5332
1071332 1148 2350 4691
1071387 343 4298
1071420 1653 7732 7523
1071432 1253 1471
1071469 7620 7485 4812 2856 6390 4797
1071554 7008 6170
1071624 542 4767
1071639 6336 520
1071707 8590 6671 2227 2111
1071765 3752 5430 7928 1999
1071851 5024 5081
1071869 7801 5212 4691 7430
1071924 6039 1826
1072003 3475 1710
1072058 6840 1842
1072167 9157 8932
1072298 4462 9180 5896
1072325 8291 3606 4425
1072412 7577 6671
1072429 1030 6746
1072491 6158 3124 3381
1072523 873 5592 8765
1072531 2752 2555
1072596 3949 8091
1072676 5497 7830
1072709 645 3191 7430 3292
1072761 8665 3893 7978
1072800 6322 1277 6741 2303 1029 2630
1072836 4891 8590 4928
1072845 965 371 6085 3559
1072850 5056 7647 4670
1072861 8716 8638 8579
1072876 7577 2993 2666
1072970 2586 4059
1073067 6609 5086 442 3491 2254
1073174 2036 7481
1073296 4554 9206 1468 952 8842 4466 8682
1073455 4691 339
1073623 866 6142 7760
1073659 5200 2550 8548 469 339
1073684 8901 4344
1073745 8548 2025
1073750 4271 188
1073812 8485 4489 5356 906
1073881 6847 7008 375
1073927 2857 5170
1073961 5590 1461
1073976 5086 1778
1074171 4928 1324
1074228 2881 6671 5592 9065 3586 3493
1074229 2822 7959
1074304 5200 1311 7109
1074562 7824 1944
1074582 2277 7319
1074695 4586 2271 4736
1074737 1868 221 8681 4212 1018
1074790 5276 4968
1074795 5592 7801
1074900 3061 8174
1074944 1018 164 3630
1074983 1330 6933 2720 9304 2855
1075119 3803 6158 1029
1075175 6138 1311 8577
1075190 8659 8775 814
1075225 906 969
1075279 7467 2350 9 703
1075313 2278 5245
1075327 4139 3475
1075377 2984 802
1075456 5529 3381 6419 965 6205
1075461 188 5356
1075501 4466 7577
1075516 6720 5022
1075518 5119 2550
1075574 3105 2678
1075642 8091 3493
1075645 51 7580 2308 7768
1075652 1189 831 690
1075835 9316 1273
1075878 8033 9316
1075881 8113 4988
1075909 7043 8464 4691 1968 1547
1075927 52 8152 2571 9251 9213
1076056 952 4806
1076063 2301 5980
1076068 1586 5478
1076099 4691 247 4342 4928 2025
1076100 1979 8820 5331 7735 3547 4577 6123 3431 1528 3491
1076192 188 6605 6281
1076211 5356 4475 4203 2035 952
1076230 186 1000 7581 2960
1076245 2691 288 7339
1076346 6164 359
1076357 6671 2633 6746 1895
1076368 1941 5627
1076380 6375 4808 6612 6235
1076412 6987 8718 3105
1076414 3233 5478
1076505 52 1945
1076520 1898 504
1076576 9316 4056
1076663 1681 4983 601 7848 7781
1076754 6720 1836
1076801 1362 339 7622 4707
1076816 7523 6390
1076885 3472 76 96
1076907 5642 2977
1076910 442 7999
1076919 2350 6390 1842
1076922 927 4263
1076947 6404 9334
1076988 6303 8568 2350 538 5578 2301 2246 6719 8321 2742
1077014 5830 5978
1077034 8294 7071
1077035 4486 1736 2226 4691 1030
1077049 1029 7523
1077076 6612 7008 6671 8787
1077110 6447 3514
1077134 5680 1608 5686
1077158 3292 188 6164 2686 4691
1077176 2211 8024
1077249 1722 520
1077335 7920 359
1077359 9101 2678
1077421 5872 1570 2025
1077497 5682 7520
1077577 7950 9338 4812
1077710 7449 4554 1026
1077742 7298 5024
1077797 6840 5245
1077917 7524 6808
1077939 4196 1029 8845 5022
1078003 8681 3233
1078032 6313 5302 2578
1078168 8379 9213 2050
1078224 4866 5529 3493
1078237 601 205 2873
1078258 2571 4806
1078292 3586 4208
1078346 8834 2289 4673
1078360 5354 3893
1078370 1650 18
1078483 8984 448
1078572 6336 7467 702 2412 183
1078581 4868 8217
1078584 341 7971
1078606 8113 7590
1078673 5119 4172 8544
1078717 1073 2025
1078738 5356 3163 6933 6432 4806 3237 3057
1078801 2401 359 7920 2166
1078976 703 421
1079082 5212 8780
1079226 7228 3233 8131 5921
1079238 3233 4407 9187
1079332 5590 2025 418 6590 6145 3226
1079440 6320 882 4093 6117 1953
1079501 4232 4806 9287
1079542 8993 965 7800 3107
1079559 645 6612 9253 3207 4806
1079564 3880 3561 5508 5083
1079611 52 7577 5356
1079637 2734 6170 2437
1079660 6720 3768
1079797 6933 2350
1079824 4891 6113 5738 3673 4806
1079903 2636 8464
1079927 2874 8902
1080021 2984 7702
1080088 1311 4932
1080163 6671 5524 3252 7361 7154 359 3163 1125 905 4965 5449
1080192 5458 8413
1080215 6425 2734 5024
1080230 3201 1733
1080246 5738 469 7737
1080328 3445 9317
1080432 1010 882 5118 2695 6912 7485 1916
1080500 1498 6288 4633 152 7781 4801 6113 4407 2050 2581 1681 5202
1080503 7631 6671 7228
1080577 7545 4268 3576
1080609 8321 9023
1080640 8548 1916
1080714 6138 4691 9061 1847
1080802 3590 6987
1080834 3272 2678 7867 9197 6402
1080905 126 9176
1080926 9220 9184 5682 3166 631 6415
1081065 1327 4287
1081084 3934 3233
1081110 7923 2743
1081223 7311 6375
1081265 3493 5171
1081298 6189 585
1081337 6807 3483 7198 8113 226 4318
1081387 7577 4271 6210
1081452 7737 4298 152 2226 3547 2231
1081505 1387 3512
1081515 51 9292 2984
1081594 5245 707
1081607 1454 6756 7832
1081634 2314 7433 5331 5162 6390 4806
1081656 3087 5027 3105 4774
1081664 4336 9040 3071 1030 4276 8321
1081725 6336 1842
1081763 1371 3576
1081764 5592 6605
1081767 4212 2023
1081999 6938 7015 5693 857 6302 3847 9294
1082014 6186 4835
1082102 2231 6113
1082163 3304 7185
1082184 3209 5818 2350
1082291 5923 8033
1082326 5798 6629 375
1082332 6840 2104 8179 6751 249 8204 8590
1082362 8484 3678 5199 2820 4150
1082366 4615 2350 1953
1082461 5356 2890
1082475 8821 3691
1082536 3606 5393
1082636 5849 3057
1082661 5421 1754
1082717 4498 7183
1082785 5356 6671 4801 8659 9036 6933 3292 7396 2890 3493 3233
1082799 7622 2414
1082800 6612 8606
1082805 2580 8091 4345 4806
1082822 3143 3559
1082831 965 4691
1082908 1953 6596 1800 782 4045 4208
1082967 1838 8236
1083051 5376 4806
1083077 991 5025
1083215 5578 51
1083236 4752 1842 5024
1083290 5022 7577 6746
1083332 1547 8775 3586
1083457 3604 1851 6832 8095 5702
1083458 2615 8764
1083467 3076 1546 8590 702 4228 2636 72
1083502 5356 1140 2964 4517 7290 6113 6142 5565 2205 1114 4754 9045 8697 3493 6662 2113 7623 5478
1083608 4453 6662 7577 421
1083622 8671 2350
1083648 6094 8548 7377
1083656 3216 1298 6165 2045
1083680 7507 2325 1273 9124
1083713 3602 375
1083820 5738 6433 831
1083838 1968 890
1083888 1474 7502
1084068 1324 6746
1084074 5245 3292
1084095 6666 4281
1084114 3341 1110 186
1084292 8273 6884
1084406 2842 6994
1084449 6235 1164
1084472 4287 3678
1084475 801 7622 6758
1084519 2984 469 3271
1084566 3761 448 5710
1084586 2643 9006 4553
1084654 4895 1114
1084680 7609 7735 3395 7742
1084681 7272 2835
1084705 448 1593
1084840 1608 5245 1311
1085018 7025 2119
1085168 222 8262 1311
1085283 6313 6987
1085293 3233 6987
1085371 7332 9061
1085493 442 3292
1085507 8443 4691
1085530 5682 7923
1085719 5449 1461 1387
1085853 4592 2946 612
1085986 2140 2419
1086003 7390 5458
1086117 4402 1971
1086136 8914 3233 7431
1086168 7781 7485 8938 2350 6609
1086232 7860 4785 8464 8401 103
1086234 4035 4928
1086345 573 8821
1086393 4444 3604
1086413 9292 8321
1086547 188 2746 6164 1103
1086607 8321 802 2314
1086729 6778 186
1086734 3292 1243
1086793 7312 5022 6313 6834
1086801 8681 5356
1086875 6313 9292
1086904 4650 1857
1086913 6164 5682 1475 8590 226 7499
1086920 5086 4691 8013
1087086 244 6629 4083
1087238 8934 4876 9203 5875 1651
1087239 6288 3237 3163 7781
1087324 4812 3678 7943 4790
1087374 8681 6082
1087461 2746 1347
1087588 2413 6198
1087601 7609 3946
1087613 6733 263
1087617 188 8668
1087634 6678 2085 1387
1087746 3777 6164
1087843 8785 7747
1087934 3700 4042
1088041 8314 7634 7155 1326 8820 6358 734
1088127 2984 6390
1088158 2843 7237 4812
1088181 1842 5693 375 1164 421 3207 1273
1088280 3381 421
1088304 879 442
1088327 81 8548 702
1088579 6955 5645 906
1088582 6138 3849 8493
1088609 7917 2908
1088686 8681 7661
1088722 5675 491
1088735 2984 6067
1088798 5689 7747 917 7106 7465 898
1088846 3519 5683 638
1088886 8665 8785
1088890 9326 8777
1088894 4391 7706
1089048 7801 5224
1089080 7043 4298 4745
1089183 5360 1888 7647 2301 2484 8024 4774
1089222 490 8548 5738
1089257 469 1119
1089261 965 8568 5022
1089263 8276 849 7577
1089404 5747 5415 5118
1089407 8033 1273 9214 2874
1089423 5791 1461
1089463 3602 5 5032 6203
1089479 8321 5680
1089532 6720 2914
1089551 8124 4098
1089641 486 3902 8080 3490 2751 8024 8716
1089647 4498 2350 5022 1634
1089745 188 7622 7923
1089799 6303 6668
1089832 8714 1953 965
1089847 6605 5770
1089875 1968 7800 3214
1089940 2810 359 3207
1089947 4190 4034 7609 5521 6944 8178 5414 4722 2003 1482 3441
1089979 7109 1790 6982 4298
1090074 2401 3740
1090106 3466 7210
1090310 4238 1030
1090379 375 6067 2541 4792 107
1090418 2775 3102
1090440 488 3493
1090460 3893 7456 5391 5521
1090515 4752 9024 5249 3607 1547 4806 2033 831
1090638 6671 4633
1090769 3893 2984
1090779 4907 6609
1090795 1461 7800
1090925 2984 7784 2607
1090939 6009 831
1090961 2678 4454 2247 5738 1371 7920 953 4083
1091086 1010 1018
1091150 226 5119 6131 3893
1091153 2581 4633
1091377 448 3292 6756
1091411 5671 5376
1091414 1959 5202
1091454 3271 2085 4264
1091477 375 3235
1091559 1387 4812
1091594 2725 5376
1091647 4965 3752
1091648 831 1889
1091847 5158 2984 4940 6007 375 4290 3272
1091904 4538 1889 1637
1091951 5510 9118
1092003 280 675
1092029 6113 5472 8316
1092115 9213 7131
1092120 2314 3431
1092274 4446 6933
1092304 4691 2370
1092326 7959 2984 2881
1092425 3711 8321
1092487 2347 811 6129
1092828 3233 8493 8978 7541 7498
1092893 1273 1073
1093079 7426 5644 6996
1093125 2239 3075 3893
1093144 1468 7577 4793
1093148 3429 5565
1093203 8151 7928
1093277 5022 9081 6919
1093281 7109 4271
1093424 2746 1461
1093546 3893 5083
1093550 4608 5022
1093615 5997 8997 4702 179
1093635 6652 3447 375 8681
1093653 9101 7306
1093664 549 3163 8520 831 442 504 8477 3576 9103 2463 7
1093665 6746 8681
1093710 520 2085 4466
1093738 6446 6082
1093842 6164 7580
1093899 2085 7923
1093934 2463 7737
1094067 6164 1387 1959 4042 1552 6887
1094086 3891 1570 4287 853 9292
1094092 4928 186 2459
1094115 3176 3491
1094170 6375 4386
1094177 1968 7917
1094239 3005 3493
1094263 8581 6678 9213 3602 1468
1094320 2303 1842 6752 8321 5034 4812
1094364 965 8777
1094386 4486 5003
1094399 5136 7742 469 6671 7735
1094400 4793 7580 3447
1094464 7449 6203 1525 8584 5056 3731 1299
1094485 2909 375 3731 6423 6065
1094520 6484 2571
1094558 2459 17
1094698 2303 1029 6035 6333 5
1094736 1979 1296
1094764 183 6850 8452 4517 1029
1094781 5202 4800
1094812 4722 5642 6569
1094817 846 8578
1094849 7272 3381 2746
1094881 2308 2873 5844
1094899 6288 9275
1094904 5421 8379
1095019 9213 6933
1095024 8681 7747
1095034 1078 7781
1095064 6746 5224
1095188 3107 1154 81 2838 7319 3765 1330 4790 8590
1095226 4733 6244 7742
1095245 4196 6042 339 6313
1095275 2729 2382
1095303 9023 1631
1095357 3670 7871 1955 934
1095361 2620 226 4121
1095477 865 4462 4444 9304 4453 3087 4391 1341 1868 9371 1395
1095614 3310 7742 1842
1095628 8673 3994 6671
1095649 1311 188
1095651 1018 3226 4797
1095662 6944 4928
1095691 6758 5633
1095704 1914 3216
1095726 8379 5331
1095735 9079 6746
1095738 3491 3271 222 8724 4238 2484 4298 8484
1095749 1842 1528 2289 2231
1095807 3852 7661
1095857 3233 6609
1095903 470 6778 6128 7499
1095989 5066 4812
1096074 8152 1115
1096107 3606 9253
1096189 7747 4965
1096212 6933 87
1096234 6832 4133
1096235 5056 81
1096262 991 2256 8584
1096264 7692 2350 9124 2555
1096279 4691 697
1096344 7634 3683
1096379 1349 4694
1096390 7801 5024
1096399 2984 8775
1096424 2114 2903
1096541 2794 7377
1096553 7742 4466 6158 6671 5376
1096749 3219 1413 3395
1096762 7692 1371
1096783 1650 2681 3739 255
1096797 5376 9306 2746 8730 6933 1608
1096844 7306 7832
1096941 7577 2984 4806
1097076 6037 2050
1097083 435 9036
1097122 6612 969
1097156 4150 7131 9176 2422
1097235 3395 1378 3818 4702 928 448 3582 3678 6933 2144
1097251 6158 4691
1097265 6706 4469 870
1097295 9081 4812 5224
1097304 6933 6671 9237 3270 6581 645 4633 7737
1097306 3558 8847
1097430 6910 7737
1097438 2325 4271
1097545 4345 186 1889 1725 5592
1097571 3778 7068
1097589 9228 1892 7728 9286 8464
1097641 6170 4702 6080 4126 3493
1097679 2173 928 2510 6113 6678
1097689 2205 4249
1097721 5723 3000
1097753 8775 2881 5302 6636 3290
1097765 2140 3233
1097845 4633 2697 6581 2924 6085
1097863 222 1311
1097907 9213 9185 1311 4806 4691 5171 8559
1097987 4276 5529
1097997 5327 9304 8493 3813 3431 297
1098089 5245 2414 3207 4176 1959
1098099 3419 6113 52
1098145 4858 951
1098296 4873 1119 7462
1098300 1330 5119
1098356 4868 5
1098383 8925 4271
1098394 3946 9228 7452 6129 8115 1941
1098418 3415 7298
1098440 5478 4793
1098477 5850 3226
1098507 4928 2836
1098508 4133 7577 6248
1098546 2791 5171
1098571 6933 2350 8105 4996
1098631 7580 4562 4208
1098720 6170 8701
1098758 4722 3556
1098794 5086 6933 2304
1098914 522 4807 381 831 5478 2620 6678 3431 3493 2964 4948 8713
1098915 1216 8541
1098971 5055 4160 2746 1029
1098992 9361 2984 3544 1845 5086 7865
1099021 1842 7742
1099037 5356 7163 6746 2110 1682 2984 3935
1099086 6569 2609 5538
1099095 9371 9213
1099103 8050 7899
1099112 6036 7485
1099116 2045 4928
1099129 1651 9157 6443 8080 4868 2025
1099150 1106 2376
1099275 5329 2827 1482 9228
1099397 7832 7634
1099443 702 263
1099501 220 4752 226
1099539 5118 7430
1099565 2294 2157
1099644 906 3451 8464 421
1099724 1389 983
1099779 4812 3107 2573
1099781 6229 1838 4000
1099788 6671 9176 4196 226
1099811 222 4132 6745 6596
1099869 249 7008
1099872 6933 6987 2764 6423 4574 5693 2909 384 2805
1099962 4691 6182
1099972 6248 9124 7928 5032 906
1099979 9292 9317
1100027 2003 1324
1100050 2045 2541
1100134 5529 1411 4315 5171 111 5249
1100160 1552 3441 4444 4971 4408 1018 5302 459 2822 1482
1100186 9061 1296 8314
1100215 1720 3351
1100228 5022 906 51 8590 3124 9072
1100294 4347 4873 3226 2873 3475 8449 5592 51 6173 9259
1100514 5497 2984
1100557 5032 6671 8484 6067 5083
1100676 421 8091 4614 1778
1100746 540 1968 8091 4721
1100747 4806 4217 6662 802
1100765 5086 103 4691 319 6671
1100900 2197 1968
1100925 1892 7629
1100950 2432 4790 8363
1100994 1354 6635
1101021 5513 6547 8853
1101122 186 5245 5538
1101157 6304 890
1101161 4305 7299 3547
1101217 2308 2838
1101235 1572 6811
1101296 5478 2460 4793
1101335 2873 2985 8091 9305 9351
1101482 5510 4806
1101644 6390 2598
1101653 299 3576 7817
1101708 2532 1651
1101796 4806 1114
1101974 1253 2620
1101977 1554 4691
1101991 1018 4806 3561
1102027 7801 5118 1784 5024
1102040 4975 7735 4291 8464
1102109 3271 469 2071 6129 2984 7801 6246 3602 9176 8469 5171 5331 4806
1102176 898 2652 6243 8635 2827
1102231 6018 4925
1102241 4408 6709
1102376 7714 2881 393 8033 6944
1102394 4298 4702
1102431 276 8245 857
1102464 3143 898 5734 6248 5521
1102470 3398 2881 4620 189 3818
1102558 4407 7737 2166
1102636 3216 1560
1102663 6832 6847
1102686 7917 375 9175 6987
1102833 8541 8548 6147
1102852 4176 2110 2350 7982 7869 965 7183 226
1102892 3234 7577 3493 6832 7742 4806 2350 375 6609 18 5356 6612 4615
1102937 760 1077
1102960 1330 4407
1103027 4925 183
1103029 226 5202 8775
1103033 6964 3200
1103048 3290 2541
1103061 3998 3194 4694
1103077 1031 7313
1103104 991 1330 528
1103125 5045 4986 1116 8513 8818
1103140 2678 8730
1103210 8803 3431
1103259 2231 448
1103335 4486 766 9213 8730 4391
1103366 3973 4554
1103466 7481 9014
1103479 4407 189 8577
1103702 8424 6158
1103707 4194 3475 2350
1103768 3490 8321
1103882 375 51
1103925 2969 7238 8321 4806
1103968 8081 3590 3431 4999 7214 1024
1104058 8364 52
1104117 4263 6671
1104123 6822 2873
1104125 4336 3431 2578
1104187 1125 1151
1104192 5557 2629
1104202 7433 3558 3115 2681
1104237 5793 8658
1104328 4986 714
1104367 7609 3310
1104440 2154 3544 188
1104484 4948 831
1104566 4083 2246 9065 7737 1681 8978 7511
1104625 7027 7311 7577 3604
1104704 688 2050
1104717 2711 601
1104842 2350 2555
1104897 5472 469
1104955 4408 1959 5245 789
1105024 223 6150
1105057 469 5291
1105069 4517 1666
1105103 1688 6390
1105157 5145 4556
1105160 1311 2941 4793
1105263 6752 3819 3519
1105279 5590 469
1105342 1552 7551
1105406 8321 7622 418
1105547 7577 7581
1105550 3296 3381
1105566 8321 4592
1105618 3381 7786 415
1105747 2114 339 2216 4868
1105827 6807 4376
1105905 7727 3284
1105920 4102 8033
1105922 2101 6480 2984 3226 4722 1002 2812 932 5191
1105926 4133 7805
1105951 9007 6375 4891 6690 6114 5357
1106092 4444 5843 1287
1106096 4691 6933
1106128 3381 3271
1106207 2350 6596
1106265 6933 5171
1106287 3143 8091 2195
1106316 7577 2014 6003
1106322 7842 8975 2322
1106405 6200 6375 5538
1106434 8706 8775 906
1106517 4837 2226 7163
1106583 7946 6654
1106593 645 923
1106658 6114 3102 7183 5438 5763 831 4721 1821
1106680 3216 752
1106690 5590 3803
1106740 6944 6933 6313
1106869 4555 2278
1106885 1461 5205 4859 6548 8321
1106886 5590 188
1106897 7968 3431 8606 3216 2562 81
1106931 1311 8681 5778 4336
1106969 4336 4721
1106995 7388 4958 1029
1107054 7796 9124 7356
1107120 6720 1547
1107165 520 4554
1107168 1248 1442 4323
1107388 1368 4807
1107390 917 2239
1107398 8724 1330 7885 5109
1107400 8830 397 634 2350 3519
1107484 6134 1889 5216 1818 9292 4486 226 3694 5003 6071 90
1107532 3281 7426 6390 5100 2350
1107588 8795 1889
1107597 5055 485
1107603 5245 6671 2934
1107623 3547 3520
1107662 339 2308
1107893 188 491
1107907 5618 8818
1107962 7430 1238
1108039 8321 1700
1108055 7680 6817 5497
1108063 6336 152
1108154 6138 9101 5502 226
1108180 2555 2609
1108185 5534 8321
1108213 6375 831
1108216 4572 3544
1108226 1035 4042 4516 9028 346 3633
1108238 1679 4213
1108332 7481 7655
1108356 6164 6375 8321 2294
1108361 1426 7728
1108369 3441 8974 8152 3602
1108448 226 1026
1108457 8091 721 1545 974
1108465 1148 6933
1108474 2984 1595 5202 3271 9065 7524
1108496 4554 4965
1108560 2350 5171 5022 186
1108673 1733 8775
1108743 2788 7609
1108839 3292 3544
1108863 8484 1026 152 1547
1108901 5017 5022 8775
1109001 3893 6612
1109214 2736 3602
1109261 2699 4466 7426 1001 1148 2231 2256
1109276 5356 1387 375
1109461 4801 5118 352
1109492 6390 974
1109564 801 2067 2294 6982 3431
1109571 827 4986
1109648 4793 2984
1109676 3820 1461 8932
1109756 186 2874 5245
1109763 5798 2570 2614
1109768 7043 9371
1109790 1345 6277 2314 4176 4618 8473 7481 2914
1109812 1547 2941
1109839 6164 375 4655 3602
1109893 6306 7830
1109955 5290 2678 9065 2459 149
1110003 3630 7920
1110021 1296 6248
1110029 87 1482 3731
1110038 5827 2838
1110050 5923 3731 7786
1110074 7481 4555 6612 3234 9118 1364 3854 4800 1442 3271 7027 2078 5578 2110 4408 4951 1959 5024 1018
1110085 4498 4080
1110210 4298 6375 1277
1110260 7791 5196
1110263 6996 2308
1110441 6714 1651 2025
1110457 8262 9014
1110484 7351 7764 6629
1110492 9049 8568
1110538 1625 4719 9333
1110552 5837 7406
1110555 7478 2984 1498 7485
1110609 5543 9072
1110645 6706 2746 4345
1110660 3216 4965 1419 4801
1110701 2890 2984 519
1110758 8541 8548
1110834 6933 6987 8568
1110885 4694 7298 6933 4362 3107
1110915 833 7425 6158
1110954 7548 7647
1110955 2881 9309 7306
1110976 5082 3893
1111052 4099 6933
1111136 2710 1461
1111139 6612 5040 375 7608 9124 7735 4701 5356 5629
1111214 3217 7298
1111329 6324 8444
1111390 4264 7298 4774 6719
1111463 6065 594
1111530 6671 2350
1111534 816 4782 6883 6881 8548
1111635 1114 8775 6547
1111674 15 6336
1111737 8273 6688
1111867 645 8107
1111881 5682 5941 1309
1111893 4203 1681
1111913 5181 833
1111919 1711 3973
1112001 8984 951
1112041 2984 2881 2964
1112054 8511 5256
1112143 2571 7361
1112162 4891 3216 2571 1442 7737 2138
1112180 5377 6786
1112223 4955 4691
1112262 6609 1805 9286 1026
1112349 8954 3479 4989
1112374 2170 7523
1112392 800 7737 4801
1112463 3633 7918 5998 9036
1112472 1387 761 5542 5377 676 6987 2321 183 8637
1112475 516 7580
1112611 5852 6706
1112619 6390 8932
1112647 8737 415
1112654 6706 4269
1112666 5243 1387
1112711 7133 5261
1112813 152 5357 5245
1112825 6097 8321 7523 5590 4217
1112980 226 87
1112995 3292 3893
1113141 8584 2746
1113276 6375 9014 886 7735 5017
1113286 2304 393
1113352 2858 2166 6067
1113361 1273 8637
1113379 3678 2325 2435 831 4271
1113400 699 7351 9072
1113402 3838 5759
1113445 6751 6733
1113465 927 5032 580 5224 8013 1452 1959
1113633 51 8355
1113640 6336 456 3766
1113757 831 1873 744 540 1337 3304 3395 7735 456 7051 4135
1113819 7768 9292
1113836 3234 4217
1113863 51 8775 2085 1547 8882 1371
1113910 6933 1491
1113915 6432 8568
1113929 7446 8070 8464
1113987 6690 5022 6612
1114046 2984 1838 3586
1114250 8321 8902
1114322 2294 4752 4126 802 6933 7450 7719 7426 3665
1114342 8122 3233
1114427 3163 87
1114457 5590 5424 1324
1114461 1415 7430 2241
1114484 152 4181
1114491 2110 2438
1114531 448 7742
1114614 5633 188
1114634 2168 2370
1114703 2484 2571 7440
1114732 8590 7801
1114753 1512 4806 8972 5331 5032 7692
1114761 2125 5538 6787
1114789 8464 5356
1114804 1140 4223 6933 4028 7956 5479
1114807 5055 4876
1114811 1454 6164
1114953 8953 1608
1114974 8780 6246
1115089 4892 6485
1115106 5171 5024
1115121 1741 6709 8464 4298 9304 4336 2350 6375
1115137 5676 8603 9228 7865 1461
1115156 825 2459
1115220 3395 1842
1115325 5693 1547
1115336 3451 2984 381
1115391 2463 7781
1115511 4966 4408
1115515 4691 8901
1115568 205 3590
1115632 9072 4672
1115640 4318 4203
1115654 8548 8541
1115669 7735 8131
1115741 6390 1262 2984
1115742 5356 5024 4858
1115747 520 2636 4662 2435 703
1115749 375 3731
1115753 6846 6987 7839
1115947 6288 3602
1116169 4752 6581 2984 4223
1116189 3233 5223
1116204 2984 8316
1116237 9316 1164 9273
1116248 6933 1442
1116326 6846 4680 1164
1116362 339 7622 8236
1116368 2283 8193
1116394 4806 8902
1116401 500 4562 1330
1116488 6313 7481 9315
1116517 2651 4806
1116635 6390 2256 8681
1116660 2984 4691 3292 8209
1116747 4160 5590
1116769 1651 6147
1116775 469 8875
1116777 7580 6026
1116843 6036 3935
1116844 5859 8765 9067 5198
1116850 339 8548
1116922 2881 1454
1116994 8659 3678 2541 906
1117062 7337 6048 5356
1117121 8854 3168
1117226 5174 6713
1117227 217 3088 1030
1117434 4298 6375
1117471 6756 343
1117544 142 5693 6690
1117587 217 3602
1117615 7018 448
1117638 2550 8321
1117643 5022 8314 7047 421 811 6063 4806 9176 3731
1117722 1877 2678 7742
1117745 6581 7781
1118044 8464 6113
1118179 2484 6612 375
1118261 2301 5633
1118401 4769 2530 4812
1118444 8901 5590 6832
1118468 7781 226 4592 8845
1118484 188 2625 1324
1118552 8730 827
1118599 6288 1680 87 9159
1118602 1636 2836 3519
1118620 3068 1953
1118706 6709 4444 1371 3440 1683
1118753 3606 2069
1118762 1461 8850
1118766 6733 8947
1118783 1547 2050
1118813 2636 7737
1118886 2826 1219 6666 9318 2069 700 6390 1547 928 5181
1118947 2289 6933
1118965 4260 4607 8590
1119027 3880 5356 3787
1119058 4296 4298 188 5086 2196
1119065 7923 3216 4407
1119128 4939 2746
1119130 7505 1409 4554 1525 3351 1475 2478 6009 8423 8321 9163 3107
1119231 1114 4806
1119238 965 6840
1119565 4263 2984
1119671 7228 8109 1223
1119676 4745 6170
1119737 2298 3226
1119751 8875 297 4691 3950
1119854 974 8525
1119899 6668 2849 2376 1109 1782 6009 6922 17
1119953 6313 5578 8764
1119966 4686 442
1119996 3237 6313
1120161 5032 6288
1120211 6235 2636
1120283 5447 3105
1120339 2069 2984 5550 6933
1120350 6964 4466
1120369 375 1199 3105 1857 2678 7298
1120487 4173 6065 8098
1120515 4298 1059
1120597 1846 4231 1631
1120646 5693 4767
1120698 5280 3683
1120706 3752 2010
1120730 2746 4960 2001
1120887 3475 5280 6609 3165 831 2085 3778
1120967 7549 1473
1121002 469 965
1121106 811 7411 6996
1121128 1312 8775 6113 4830
1121182 4498 6671
1121288 3950 2846
1121360 2914 2984 1026
1121399 6671 6933 1790
1121506 2984 5212
1121524 2726 6671 9176
1121529 7611 4891
1121676 522 8559
1121692 8775 7717
1121717 8941 8464 4691
1121745 2289 6671
1121796 9288 7946 4873 7980
1121816 80 6177
1121981 5644 4135
1122017 2414 6877 3875 1238 5212
1122069 8681 6170
1122101 3678 2231 3630 8179
1122131 952 4806 6067
1122154 2350 6933
1122167 6390 3451
1122236 8321 339
1122419 6390 3423
1122444 6987 1316
1122536 2875 7727 2308 205
1122561 8659 6067 906 7433 3893 9101 1680 7609 8724 9136 3556 5738
1122597 5616 7408
1122598 5022 3163 4868 8978
1122737 6751 1324 5086 4083 3935
1122882 7634 4454
1122892 5212 6987
1122980 7055 1339 6824
1123048 152 4444
1123079 2984 9101 6113
1123173 2839 7823
1123176 4471 8109
1123227 5550 7430 6073 833 645 3292
1123266 2633 7481
1123299 5393 6288
1123334 4212 2085 1371 6678
1123365 5022 9304 1358
1123403 5693 5376
1123425 4298 4793 1930 6113 6933
1123436 6336 1953
1123441 6165 935
1123466 5171 5331 1959 8637 3234 2226
1123479 4722 3456 2550
1123526 1842 7298
1123735 7798 4615
1123883 2984 3730
1123919 8775 3893 700
1123948 1489 1324 4996
1123956 4141 4873
1123969 186 3292
1123986 188 9292
1123987 6884 8314
1124043 7253 4462
1124057 4989 1473
1124098 7550 7077
1124107 3689 5393 6375 6832
1124116 4554 3381
1124201 5356 1699
1124297 1073 638
1124331 6117 2401
1124436 6933 3893
1124448 2350 7061 6113 831 7241 4208 965
1124548 4466 2874
1124616 6462 2317
1124644 9343 375 3602 9062 2678
1124652 3973 2984 1164 5515
1124681 1324 6164
1124764 393 8488
1124772 4444 3731
1124797 7198 6912 4722
1124800 4196 4272 6933
1124802 831 4231
1124806 5081 1680
1124913 5993 1722
1124954 3783 7298
1124979 9024 4264 222
1125009 3893 3606 831
1125148 2166 7299 906
1125157 6548 5022
1125206 7735 6933
1125250 638 1073
1125310 4772 3207 3973 6409 6612 4212 6690 8054
1125351 8828 3233 5310
1125565 4577 1847
1125581 9315 7580
1125623 8127 7329
1125767 8785 6596
1125923 4722 8145 5246
1125960 1608 2406
1125978 5693 2984
1126203 7251 2881
1126305 8812 8635 1953
1126338 1000 643
1126355 5479 928 8568
1126362 9315 2003
1126433 9101 491 152
1126480 520 4208 2033
1126532 2984 4806 1842 9118
1126573 7577 4408
1126575 5391 5162
1126622 2534 1463
1126846 6671 2217
1126858 761 3678 6375
1126885 5086 8179 4691
1126894 1442 1073 1845 78 4701 375 3105 2205
1127014 6662 3233 1889
1127077 9176 5081
1127100 4806 9304 7625
1127152 6423 1547 3237
1127167 3602 9292
1127273 4691 4701
1127289 1029 2079 6336 346
1127308 6138 8024
1127462 2746 2386 3296
1127589 5356 1953
1127605 1277 3844
1127771 5985 3626 222 6336 5171 5778
1128050 1468 6832 5356 1959
1128054 5086 7425
1128090 7959 5136
1128095 3105 421
1128120 5513 4806 7781 4631
1128158 6156 7425
1128214 8775 7735
1128309 3602 928 375 7634 8091
1128352 4694 5646 2710
1128357 5356 5490 6581
1128394 6933 4824
1128430 1634 5356
1128496 6629 7468
1128544 3225 7385
1128564 7980 9317 8536
1128567 5335 5032 9253
1128581 3163 8724 906 8321
1128653 7430 965 5022 1930 375 8787
1128688 478 2362
1128784 1018 3165 5115 2196
1128801 8654 5224
1128876 9304 1018 4633
1128890 1494 1473 8725
1128905 5565 3395
1128953 3271 4806 7399
1128956 7622 2301
1129012 7650 2984 222 8955
1129026 8984 957 4554
1129152 415 4876
1129233 7801 5356
1129291 7917 4806 4801
1129299 5217 1318 2370 857
1129308 4317 7719
1129396 226 8163 188
1129612 7655 4000
1129644 5509 4806
1129645 319 188 7178
1129646 3143 381
1129722 1547 4754 3234 6671 2636
1129727 2541 8179
1129737 4078 8091
1129811 5516 4139
1129819 1778 7430 2304
1129825 9310 5686
1129833 965 931
1129882 8363 511
1129905 9082 3840 6288 4139 766
1129985 4231 3949
1129993 1529 4801 5338
1130050 7581 2984
1130059 3105 8907 8787 1135 2944 8575
1130076 7446 9072
1130114 8795 6609
1130168 2281 6009 1324 9217 8765 4650
1130184 4691 186
1130198 5356 6933 6114 703 3792
1130232 7839 6746
1130236 879 620 4792
1130347 3051 2254
1130481 8464 442 7737 7267 4801
1130538 6485 3216
1130644 4373 5150 5171
1130768 8718 7622
1130822 6581 4983
1130831 3234 5032
1130905 5633 4968 1651 2414
1130915 5510 5680 4994 857 6933 1273
1130924 9176 6129 3395
1130969 1311 8590
1130992 4866 414
1131029 4190 2678 8582
1131064 2827 1442
1131074 7622 2589
1131094 8124 2309 8877 5329 3752
1131105 5022 3678 707 6093
1131146 7452 2859 5738 7206 2231 8724
1131190 4456 4866 2746
1131195 4806 2155 831 8464 906 1172 8845 5356
1131217 1762 7352
1131219 5693 7027 802
1131228 2085 4466
1131322 226 8321
1131403 8307 2050
1131423 1030 5086
1131467 4615 8820
1131502 8724 6067 7285 1547
1131513 7255 7581 2289
1131545 9176 2843 4238
1131573 149 2627
1131662 3233 4691
1131724 4702 9213
1131765 2678 5680 7168 2247
1131781 469 7298 4364 7138
1131792 7298 5022
1131815 2914 1115 4317
1131818 2571 2976 3191 8464
1131890 6423 3271 5849
1131973 4174 8577
1132007 3177 7507 3678
1132062 4849 87 3606
1132081 3065 2755
1132128 8568 6987 9292 2763 7178
1132188 1994 2246
1132241 707 8464
1132385 1930 7639
1132388 6671 5568 4891 1914 186 7781 6612 3493
1132395 8895 6944
1132476 272 7298
1132527 3431 1273 1778 2503
1132533 4212 9185
1132547 4801 7843 5224 7485 5022
1132557 4585 8968 2045
1132674 3493 5245
1132751 348 226 5119 3606
1132784 4132 8493 4785
1132876 6890 707
1132952 7865 2376 8803 3918 6605 4671 8016 7523 8967
1132983 7523 4876 5212
1133016 5083 7920 3893
1133042 9214 6281
1133043 2278 5329
1133083 3163 5565 3678 7943
1133110 6164 3652 339
1133114 5024 5032
1133129 169 1119 3591 3633
1133144 5024 5896 4345 7702
1133204 1461 6709
1133242 6048 5249 6933 3893
1133274 226 375 5738 8559 7832 4000 3852
1133334 3271 4691
1133390 1649 7298
1133392 3165 4921 1302 2746 7098
1133462 6367 7800
1133466 2630 8803
1133550 2881 6114 4808 7430
1133583 5393 6313 3752
1133592 5376 1847 4996
1133624 5072 5329
1133654 1277 1503
1133677 7430 5356 9024 5136
1133746 8965 1184
1133826 222 6244 703
1133900 6832 3432
1133920 3633 4276 2283 3519 8355
1133951 469 1778
1134027 1554 7719
1134028 5770 8637 4891
1134121 1347 6612
1134170 8379 5302
1134173 9253 1738
1134282 1277 1029
1134284 5975 5682
1134285 7735 6432
1134335 5183 2678
1134362 928 4800 4793 5330 2780 9097
1134369 1114 6671 8724 6375
1134375 5180 4125
1134388 6390 3602 5331
1134487 2085 3165 886 2993
1134618 5376 6933 9229 8589
1134628 6720 8775
1134649 2873 1030
1134700 2571 2881
1134731 1973 1240
1134893 857 6720
1134928 539 9072
1134980 4152 1631 7024
1135039 4357 7577
1135050 1461 8321
1135060 4444 9157
1135073 5513 8681 6113 2966
1135077 6007 1454
1135135 3897 2550
1135210 2157 4691 2085
1135217 6581 5020
1135240 9316 6751
1135267 188 2873 1073 5510 7580 4694 1953 7980 1324 1482 1461
1135293 489 6244
1135294 375 3225 8399 1067 4279 2984 4792
1135325 87 3576
1135379 4305 5119 6358 5202 6484 6706 1026 1134
1135418 8760 5710
1135451 1164 4577
1135475 8043 4965
1135479 2166 4808 6671 56 1681 2035 1514 359
1135542 932 1953
1135571 6746 2633
1135715 5338 4287
1135978 9137 8349
1135988 2303 2310
1135992 8845 965
1135995 3812 3897
1136073 9061 3431
1136085 7182 5592 2246
1136183 5072 8091 8637 8109 2586
1136208 4133 7577
1136357 4452 4083 8464 2944 2463 2350 1482 2246 7857 1550 1749 2761
1136373 8775 7043 9101
1136508 7002 7757 6164
1136514 2872 9371 2031 3488 4202 4083 2984 8681 5100 1877 1253
1136516 4989 409
1136560 1582 3633 3998
1136567 6375 4615 5086 3143
1136574 5534 2511
1136642 2075 2678 6230
1136663 8775 8659
1136707 6701 6955
1136787 7634 8775 6671 4803 359
1136812 2401 7959 688 5136
1136835 2510 2003 7788 5680
1136871 7832 5331
1136891 3893 906 7453 1049 2166 8485
1136928 8091 4721 9176
1136931 5513 4298 8820 1842
1137011 4212 9286
1137050 4271 2226 8860
1137092 1426 1018
1137094 2982 3284
1137112 3576 2350
1137152 2571 2984 375
1137157 7186 2085 520
1137212 8413 7622
1137220 3311 6036 1700
1137289 7609 2350 8957 6678
1137321 1778 4691
1137331 6113 3292
1137375 6996 4615
1137474 609 8875 4344 3431
1137484 5376 4691
1137517 9126 1953 7241
1137542 9213 3693 9125 375 51 1448 6666 2196 6629
1137611 6933 1636 1299 5024 6463
1137641 4806 2535
1137663 9273 1997 5143
1137672 3576 2350 8611
1137736 3602 2484
1137737 2350 966 3235
1137753 5438 6933
1137782 4391 7498
1137789 7855 1262
1137831 5356 1114
1137854 4876 222
1137869 8957 1387
1137958 8321 7832
1137989 7481 5644
1137997 6612 5245
1137998 906 8464 9147 5843 6846
1138023 935 2984
1138051 5376 5118 6073 3271 6248 7523 6445 7163
1138111 6142 6720
1138233 7452 745
1138421 5578 7719 2984 2651 8299 3051 5682
1138434 5590 8967
1138501 7238 2303 7980
1138578 7580 1778
1138613 9215 7865 9302 2746 7832 2241
1138632 7290 6662
1138680 2350 4615
1138691 2944 3576
1138730 1899 3932 6904
1138833 5675 7928 4577 7071 6996
1138882 9368 1311 188
1138958 6244 9279 6857
1138964 1486 4691
1139033 3431 1026
1139056 8003 375 2984 7228 2620 3051 3381
1139064 8548 2114
1139071 186 8681
1139112 226 8321 6248 7801 4951
1139144 4985 7775
1139161 6255 8198
1139306 2350 8775 5565
1139327 226 8572
1139334 4287 6832
1139381 5590 2315 7377
1139429 6671 5302
1139515 5171 6832 896
1139564 378 1387
1139565 2504 7735 343
1139629 5201 7580
1139633 1651 9203
1139741 833 1547
1139776 928 6390 8947 2350 2410
1139914 4271 5693
1139934 1608 7380
1139944 2166 4407
1139969 3602 8413 4638
1139992 4813 8039 6740 4806 5999
1140099 8187 8321
1140102 1489 2843
1140104 3239 5843
1140121 6432 8730 3020 7780
1140198 831 9176 8997
1140335 4793 7008 7331 2110
1140361 3234 4702 2651 942
1140378 5224 2042
1140529 3708 652
1140674 6744 1959 2289
1140700 7661 703
1140824 6327 1719
1140861 2155 1133
1140865 2075 6701
1140907 3893 4858
1140935 3076 6390 9072
1140966 3194 5200
1140989 6671 4691 4951 6720 4291 6612 2155 6164 2805 8806
1141004 3946 3678
1141045 4298 2246
1141120 4691 7036
1141250 489 1842 1940
1141280 4680 7657 7775
1141367 1722 2982
1141489 6158 721
1141586 1447 5457 8321
1141627 906 5632 3163 4093
1141680 4076 2063
1141696 3381 7425 7452
1141725 1118 7865 9302
1141847 5194 6009
1141864 2328 6288
1141887 8080 2003
1141927 177 8379
1141951 2414 8548
1141967 8845 3493
1142006 9304 2463
1142036 8548 2571
1142041 7194 6235 8321
1142071 8548 7580 1330
1142082 906 351
1142114 2894 1118 3534 6374
1142144 375 1330 8659
1142212 7114 3233 8033
1142321 4543 4694 7008
1142324 1514 7920 5356 3216
1142437 3893 5032 2069
1142518 3090 226
1142582 6303 5191
1142674 4796 8765 7823
1142685 2039 2919 4346
1142710 6336 6678 3132
1142757 5171 5081 22
1142782 8678 6030 5032 6955 906 9253
1142786 5565 9081
1142865 3880 1514 2652 5032
1142880 2414 2114
1142918 3097 3814
1143103 6288 3585
1143151 5086 4965
1143160 5693 6170
1143164 9174 5717 3547 1416
1143269 5880 2651
1143285 8050 2241
1143296 6581 9109 7544
1143478 6635 2052 1029 297
1143490 3207 927
1143520 2810 9036 1405 5526
1143567 7577 3395 1547
1143593 8321 9101 7306
1143595 7169 448 2249
1143599 8701 643
1143664 7425 8828 931
1143767 2085 5592
1143772 2350 95 4808 636 226 2357
1143776 4176 7749 1979 9286
1143944 282 1277
1143948 375 1547
1144008 8321 1953 2633
1144009 5495 7735 2294
1144078 898 5625
1144211 2873 9165
1144306 2231 222 421
1144363 7800 8103 4345 4059
1144472 8582 2025
1144574 205 5060 4674 2819 9187 5171 6114 4446 6197 5686
1144650 1842 6738 7027
1144668 9316 9197 5590
1144768 8033 5671 8321
1144775 8739 3576 5438
1144795 469 1625
1144818 5457 6367
1144832 5555 7339 4287
1144838 1133 6950 8345 7024 7883
1144870 2065 6938 4582
1144876 7257 7155 7980
1144973 2874 6832
1144989 8775 5022 6206
1145037 8725 4615 3590 935
1145056 5975 375
1145115 1119 2884
1145193 4806 991
1145224 543 5693
1145273 3615 2303
1145281 5032 4691 4876 4990 4976
1145292 4453 5921 8976
1145390 6341 9101 2984
1145392 1651 8363 8818 9262 2681 2630 7351 8016 471 4346 475 8424 339 1211
1145407 51 3772
1145419 1595 1547
1145426 634 811 469 4702 188
1145431 5022 3292
1145663 2370 3568
1145671 2043 1049
1145775 3120 2154 4132
1145841 2838 8548
1145888 7063 6987 1473
1145986 1839 2746 7747
1146087 2301 7580
1146354 3237 1114 4277
1146401 2620 6609
1146488 1070 6933
1146494 1341 5086
1146522 1653 9082 831
1146567 155 3456 831
1146688 4390 1583
1146710 6313 1329 8775 1634
1146741 8780 375
1146754 5592 2350
1146787 6447 415
1146917 3670 7577 3431 6944 421
1146932 3904 4817 7742 8273 2571 1581 5478
1146948 9237 6067 1371 5245 6671
1147148 9356 4806
1147172 6063 3207
1147205 7284 631
1147210 6671 3156 3935
1147267 7920 4752
1147334 7485 4615
1147374 1651 3203
1147399 7430 4614 359
1147424 6609 6244 7311 3678 4217 1468 8590
1147536 2085 8724
1147551 1649 34 1570 925
1147567 3772 6325
1147746 7942 359
1147767 6884 9163
1147820 3893 5022 906
1147884 2025 3803 6164 3431 5682
1147931 659 6198
1148019 186 6964
1148068 6390 3606 8713 6117
1148086 151 4983 5279
1148087 4133 6987 965 2874
1148116 2231 6288 8860
1148121 1994 1799 60 6375 4810
1148143 9237 738
1148234 1780 2984
1148239 520 3626 2085
1148251 7801 3271
1148276 6933 6244
1148280 8965 6933
1148305 3613 7943
1148333 6288 2838 4139
1148334 5331 4691 375
1148340 1751 8089
1148375 5135 8775 6065 6581 833 7781 4263 3233 5497 8690 2459
1148566 1029 9213 7312 8785 2746
1148574 1914 6738
1148603 3214 703
1148607 4694 3731
1148772 1547 4793 7027 5302
1148774 6635 1277 4691 5671
1148795 7655 4152 1889 5032 3678
1148807 6146 3672 8321
1148877 2085 6063 5172
1148974 1029 3067 2636
1148999 7742 6158
1149005 4806 1953 4996
1149012 4132 3207
1149027 8153 2231
1149115 952 4562
1149133 1945 1371 6065 6402 9371
1149165 2459 359
1149220 2571 3493
1149243 23 2984 3606 8464 226 3591
1149275 288 3752
1149474 339 2376 5513
1149575 7801 2862
1149598 1311 6933
1149696 6263 4364
1149739 1253 3697
1149761 6964 8477 6164
1149785 375 2160
1149806 1029 7523
1149812 951 1383 2283 2878
1149856 1015 2028 5032 1114 183 1243 1273 2163 7609 4466 6067 7717
1149862 375 2764 9213
1149880 3443 491
1149908 3381 1868
1149941 8780 5376 1387
1149943 965 469 2350 7871 7505 226
1150102 8179 2571 5329
1150130 4691 9185 5171
1150168 8217 9334 2172
1150194 1653 3314
1150218 1525 2984
1150327 1015 7481 9176
1150343 6720 1358
1150356 3752 5086
1150380 5376 3622
1150418 5200 7783
1150480 8806 4152
1150547 4796 927
1150689 9292 5680 3778
1150691 8775 87
1150713 8424 2030
1150796 1389 889 539
1150900 7012 8236
1150970 6390 7027
1151123 6375 1273
1151146 2938 8321
1151150 5457 2414
1151217 7430 6547 5538 6933
1151236 2581 2356 3441
1151247 4752 2984
1151250 2025 1277
1151271 4577 3207
1151357 2984 9253
1151358 694 1836
1151397 375 5171
1151474 375 703
1151537 2699 1181 5908 1454 8730
1151583 8063 3852
1151627 8329 4298
1151649 4298 8665
1151683 1930 2197 8321
1151689 6336 1119 4797
1151754 8382 8109 3946 2195 1533 8477 8637 2761 3223
1151915 2065 3431
1152125 2459 5738 1364
1152207 3107 3678 1593
1152234 6609 2746 6840
1152247 4691 2984
1152250 1454 2550 7505 2791
1152309 3602 6678
1152495 2155 6671
1152518 3253 2028 2678 5449 4098 4290 2954
1152605 8363 8321 2864 661 5740
1152710 7672 2636
1152822 1589 2231
1152934 1330 528 6751
1153029 2984 4806
1153154 2328 3216 7735 8109
1153221 8243 2678 6390 6777 5798
1153260 2170 4466
1153351 7199 3307
1153402 1725 6390
1153438 8443 2294
1153499 6097 9317 339 5200
1153505 3586 5438 2984 2325 8854 7781 375
1153537 3169 8795
1153569 1953 6164 7634
1153575 4366 4139 5693 6824
1153617 1419 831
1153855 4223 8723
1153864 5510 103
1153895 5620 7996
1153969 8997 6170 5538 6067 6933
1154010 2308 1965
1154026 6447 1778 825 857
1154052 8795 4806
1154062 7823 827
1154100 4806 2858
1154167 7920 1720
1154233 222 7250
1154277 4631 3792
1154316 4271 3234
1154324 2063 3272
1154355 3175 6612 4806
1154367 7581 6246 6987
1154375 8935 5032
1154418 8464 7577 1778 8346
1154433 221 2874 1725
1154461 8775 6197 2984 6933
1154469 4691 5245
1154536 3633 983 2362
1154580 7672 8493
1154614 9228 5162 2325
1154625 4181 7737 1631 5180
1154653 890 1473
1154655 3994 6375
1154766 5620 1634 4231
1154797 5953 2678 7663 7298
1154815 2085 2535
1154981 1029 2746
1154983 5331 7628 3670 3234 1558 375
1154997 2067 7801 8179
1155153 8791 491
1155198 375 5
1155227 6994 4785 375 6612 1733
1155270 8724 8464
1155272 3678 5223
1155284 222 2984
1155378 8464 2062 1547
1155383 8314 3493
1155407 4271 6303 594
1155489 965 2350 98 8568 3233
1155494 5921 831
1155517 5202 5003
1155530 838 6470 3666 1482 4444 2625 6832 8965 7609 636 2427 3256 188
1155617 2984 6746
1155665 6409 2254
1155720 4543 1429
1155724 8775 4806 9248
1155786 6982 9217 4722
1155818 6244 8477
1155847 8590 2350 8997
1155866 8568 2984 2678 4970 469
1155968 840 981 8321 222 7609 811 2247 6490 5519 4691 5027
1155979 3534 2025 339 4816 4469 1324 6596 7580 8321 2681
1156033 1651 8548
1156105 2746 4515
1156140 7178 8537
1156161 4554 5680
1156215 8730 1593
1156244 7980 5545 4139
1156319 8548 1651 4876
1156324 7597 4948 9
1156417 4298 6596
1156469 3207 3107 5302
1156475 7425 8314
1156581 280 2155 8196
1156608 1968 4691 4677
1156619 2984 2729 2565
1156629 168 2484
1156694 4757 4354
1156701 6114 52
1156772 2805 4444 5513
1156788 4517 453
1156877 7523 1653 2251
1156894 1836 8681
1156907 1327 1454 4868
1156914 6671 1514 8485 2254 3606 3893 5083
1156987 1681 6581
1157021 5521 6123 4324 8984 2555
1157035 6671 1547
1157060 5738 4152
1157068 9197 2864
1157118 9035 9304
1157121 6133 7351
1157149 4691 9072
1157195 7183 8577
1157203 5415 2598 220
1157260 3838 6009
1157290 6879 7430 2246 3665
1157313 6336 3431 8464 2914 1030
1157379 2294 7406 6375
1157384 8541 1651
1157446 2110 6609 4498 656 2085
1157494 2414 6367 9157 5200
1157499 2325 4133 9014
1157532 9072 8879
1157549 7430 2408 3355 5202 2227 2984 8462 1722
1157843 1888 6701
1157922 6375 3067
1157972 4806 2036
1157996 489 1327 3678
1158020 7155 4772
1158073 6036 7742 3630
1158128 5590 1277
1158213 2502 1059 2468
1158241 4806 5513
1158279 4466 7507
1158281 856 9316
1158283 6987 5356
1158286 5356 5706
1158338 4806 3216 9338 2810 5083
1158410 5032 4965 831
1158429 4279 7608
1158559 2984 4615 422
1158583 8380 8464 3271
1158646 5121 8568
1158735 4298 3686
1158744 7839 4231 4702
1158791 6933 6963 3752
1158813 4263 8775
1158841 5356 7871
1158842 339 4579
1158876 4691 5269 7609
1158877 5180 1533 6817 9338 2278
1158981 375 2678 3105 7706 1857 3061
1159027 5048 1670 3491 2271 1283 8314
1159058 6787 1468
1159072 3143 4808
1159156 5633 1461 8803
1159200 747 8730
1159235 1579 5981
1159241 3216 3740
1159260 5022 3658 5245
1159266 1114 6341 7523 1419 6933
1159317 4650 4898
1159360 5627 3156
1159423 7742 5376
1159539 4253 1639 3524
1159558 6009 5393 5843
1159599 1330 7943
1159802 8775 690
1159827 1953 3163 7800
1159961 4806 6671
1160057 6288 8165
1160100 186 5053 3604 4572 4831
1160102 6375 8265 928
1160109 8085 52 4806 5356
1160113 2129 1639
1160222 7311 6129 4391 2505
1160271 6303 6543
1160287 2827 6884 7485
1160351 6186 7481
1160353 6288 6933
1160387 4793 7027 6671 1114
1160431 6629 5 1641
1160460 7668 7824 6959 7425 1273
1160502 890 8548
1160509 4694 3107
1160545 9273 3036
1160612 3234 3893 4951 5356
1160809 3497 9082 7430 6164 7068
1160823 4806 3586
1160958 6671 3234 3292 3752
1161016 3183 3226
1161046 7331 1762 7801 2155 4217
1161098 7172 7425
1161107 2289 2304
1161173 4650 6443
1161257 7793 1734
1161285 382 3778 5590 1029
1161370 448 152 3673
1161420 4498 1612 4391 4808
1161462 8590 5738
1161559 9292 339
1161578 3663 3314
1161581 222 2650 7801 7430 152 5822
1161594 6082 4806 4238 3670 4277 4803
1161611 2350 4691
1161697 6609 8022
1161731 6752 5
1161765 7800 4010 2420
1161800 2278 1330
1161852 2678 3207 1738 4466 217
1161857 2308 8541
1161858 3361 8606
1161902 7770 149 6122 6678
1162020 6809 4222
1162033 4806 8901 3237
1162037 8703 8888
1162043 1503 8818 2625 3351
1162154 226 3561
1162228 4345 2535 7808
1162266 8845 5376 8024 2805
1162269 5331 8464
1162312 2295 3410
1162377 7580 2414
1162380 8859 3725
1162408 256 4577
1162441 4231 6781
1162455 359 1312
1162602 1681 220
1162609 186 6375 8548
1162652 2984 4135
1162705 489 3059 8725
1162807 3451 4806 3602
1162810 4607 3290
1162825 2984 4806 6113
1162843 3273 2155 7027
1162992 7481 2403 7634 4130 9101 8464 5331 3972 5042 6620 448 3290 3562
1163000 4305 3678 8885
1163101 2205 8664
1163108 489 8932 188 2301
1163179 7577 8355
1163298 6808 186 8681 5245 1371 8764
1163356 5778 4208 6964
1163372 5510 9010 5224 1262 5025
1163379 7737 222
1163427 5457 9168 8217 4889 7329
1163460 4806 8500 2414 935
1163463 2984 3547 9101
1163519 6628 4868
1163521 5590 7577
1163579 1318 5127 2168 7832 2909 7426 4996
1163648 1468 7577
1163826 8346 2050
1163857 620 6113 5506 6336 7481
1163870 8590 7946 7800
1163961 1651 6972 8548
1164013 2160 9290
1164132 9024 7702 9306 2325 2350 9061
1164177 2652 5490
1164192 6375 7728
1164193 1028 5255
1164280 8219 5331 6423 6113 3451
1164413 2258 7668 9061 6173
1164423 1461 1968
1164442 2106 5032
1164443 94 4486 4752 5359
1164445 1953 1959 6609
1164508 5357 1358
1164509 3893 465 5565
1164608 7206 4786 9371 2571 2535 7534 2231
1164618 1681 4983 5032 2934
1164647 766 5510 4691 4702 3395
1164782 4797 1651
1164809 5162 5356
1164810 1651 8548 2199
1164820 8580 1836
1164875 9304 519
1164878 1378 6933
1164888 4806 3891 7609
1164895 4812 8273
1164993 7361 5798
1165016 1049 9124 7299
1165110 2681 7433
1165146 2820 7614 6964 7486
1165149 4806 7027 8289 7609
1165153 1608 9286
1165158 2746 8993 6170
1165230 2720 8938
1165241 9316 8033 6832
1165310 1738 4208
1165346 703 468
1165360 2114 3053
1165385 5003 4615
1165409 6612 421
1165425 4691 6248
1165476 1722 186
1165477 6987 6291
1165520 6609 8785 2874
1165548 1461 188
1165572 2881 7920 5032
1165586 4691 5544
1165636 1720 7216
1165745 1790 4953 2085 8321
1165877 7253 152 9214 2541
1165891 5212 2350
1165927 1959 222
1166154 717 826
1166205 2873 6812
1166326 5269 3431
1166344 4792 9244 2155
1166383 1073 638 1401 7182
1166393 927 7577 8837 1267 5022
1166409 3475 8360 1593
1166469 4769 6170
1166495 4298 811 1135 3699
1166549 6375 6164
1166591 2166 403
1166651 4466 421
1166668 3950 6985
1166743 6987 965
1166771 2110 4078
1166778 7228 1180
1166784 1311 6485
1166819 4498 5565
1167126 8836 421
1167136 612 7646
1167154 4414 1552 7481
1167193 9213 4806 3670 5022 4607
1167229 3071 8016 7388
1167284 3678 9014
1167297 5682 1968
1167306 5329 6313
1167320 9286 6746
1167364 1029 2818 6933 6404 3237 7449 2967 9124
1167370 5633 827
1167406 8706 2690
1167433 9286 2984 5032 5373
1167434 7801 8152 3678 1953 6375 3493
1167445 703 4806 155 2278 1163 7956
1167488 8775 4444 3233
1167495 1461 5906
1167504 6696 7523
1167527 2254 9341 7580 95
1167560 8944 957
1167655 5675 8477
1167662 8541 4345
1167689 4272 5980 6933
1167727 50 6987
1167739 7801 4615 5513
1167761 9292 4056 3778
1167945 638 6917 1073 4139
1168018 3431 7800
1168080 6720 1148
1168113 7928 7827
1168167 2350 4607 4681
1168171 1959 18
1168181 2827 2246
1168225 1953 7824
1168274 2874 799
1168334 3234 4614 8775
1168422 3556 3493
1168474 5705 5727 5217
1168527 2003 6164
1168603 9082 1107
1168641 8321 1461
1168660 833 2239 9228 3646
1168692 3436 5393
1168726 638 6693 2039 7806 4480
1168748 1273 7481
1168751 3441 1387 7609 4018 3709 4701 2493
1168828 5787 4615
1168876 8989 3233
1168882 7865 2303 561
1168911 3184 5302
1168941 1114 5356 3787
1168983 6390 4796
1169028 5302 1570
1169057 9124 4615
1169131 645 226 906
1169132 7622 6082
1169138 2884 7377
1169218 893 5941 2295
1169322 4238 5693 7815 5376
1169375 4133 2384
1169427 6390 9311
1169436 6605 9292 2088 8590
1169447 6048 4444 838
1169463 4806 6248 1968
1169558 3711 2984
1169646 4208 1720
1169686 1945 8947 3257
1169722 7219 8217
1169783 2992 6714 2521
1169795 1570 6912
1169800 5680 8637 4078 2914
1169808 1083 6048
1169810 3709 1387
1169967 7299 5119
1170014 8022 3456
1170019 2289 7430
1170023 8775 5171 3237 6671 3458 95 520 7801
1170028 3143 6595 2435 865
1170038 9101 5025 9286
1170100 2843 5548
1170283 1627 339 1699
1170314 9280 4898
1170337 4140 1454 4000
1170421 5778 4217
1170423 442 4212 7735
1170468 4674 4802
1170511 8337 5302
1170513 9228 4858
1170534 3272 2727
1170555 4891 5245 6671 5458
1170596 2110 3602
1170733 4585 4803 491 8477
1170757 1082 2166
1170780 7747 8588 8627
1170820 4265 8473 8593 7426 2246 1639 7581
1170859 2297 5276 5633 2216 2308
1170944 375 8091
1170986 4928 8321
1171009 2301 3233
1171085 2003 2838 8249
1171208 9228 5280 2763 5895
1171236 4517 991
1171301 8806 5082
1171302 2256 7728
1171365 5251 7732
1171393 4694 2873 194 3061 2839
1171467 8548 1387 2213 7579
1171489 7672 7337
1171512 7577 1896
1171534 8637 8580
1171558 6006 8568 488
1171630 2376 5360
1171701 8581 3973 2350 2289 5025 831
1171704 49 2691
1171723 8413 636
1171783 6313 5393
1171787 3443 4051
1171819 5693 2944 792
1171828 2231 22
1171879 2000 6746
1171888 1787 7839
1172004 2873 7467 3234 3493
1172128 6720 4796 1442 2538
1172225 2085 4806
1172238 3443 2609
1172284 8676 3063 2459 2678 8582 1119
1172316 4354 2984 6858
1172342 339 4446
1172351 2350 6626
1172363 6733 1015
1172404 5171 1727 4691
1172486 1211 7072
1172504 4694 5449
1172645 2414 5617
1172646 3272 8548 9213
1172655 5022 8659
1172729 792 2484 1554 721 8464 7577 7544 3678
1172734 1891 1367
1172751 2984 6846
1172812 421 4806 3493 3207
1172835 748 5189 1996
1173003 9065 6612 6671
1173112 226 3739
1173121 3119 448 2791
1173147 8590 4691
1173151 226 5571
1173193 1319 4806 1311 5246
1173229 6186 7253 2347
1173268 2984 5302 3431
1173285 969 5083 1419 2290 645 8665 7781 7943 7928 5032
1173296 1273 5022 8828 4160 3431 4627
1173301 5391 6635 1238 5086
1173315 2289 6113 7668 6933
1173349 7121 2350
1173383 9187 5162 4425 6933
1173417 8321 8413
1173428 4806 8902 5529
1173444 4903 4298
1173465 1892 2350
1173476 7936 906
1173495 3593 7272
1173646 8424 5024 416 7742 7772
1173697 6313 8464
1173774 8737 1508 5592
1173776 7630 6313
1173803 4900 3102 8094 2890
1173830 4858 4466
1173843 6770 7780
1173863 4950 6612
1173866 6933 9240
1173926 6671 8681
1173997 5693 1842
1174227 2984 2289
1174309 8465 7580
1174323 6355 7272
1174447 8582 7298 4579 6982
1174553 7942 7655 195 5852
1174564 469 5416
1174590 2976 8013 2467
1174661 3271 1035 1778 3233 122 4801 3547 8217 7481 7839 928
1174734 1720 9081
1174766 375 2764
1174794 2350 4792 183 8568
1174860 1699 5109 3136
1174867 7634 5171
1175007 4444 2890
1175025 7865 811
1175044 6067 7639
1175061 3556 5515 3678 917
1175072 2625 3097
1175089 1651 7600 4287
1175105 5022 6612 4425
1175153 2810 2254
1175159 4655 2984 1271
1175261 3893 8724
1175274 4298 6671
1175355 1273 1565 9292 9185 2303
1175388 811 7755 7609
1175505 5024 3393
1175577 928 4498 1184
1175582 381 3561 8585
1175685 3154 6390 8845
1175716 7928 3752
1175795 1242 4262
1175855 4272 3458
1175901 3678 6375
1175914 76 1503 7647 8765 3370
1175970 2845 6093 1554 3505
1176120 8775 6933 469
1176219 8462 5294
1176254 5212 3143 1273 9082
1176262 7481 2858 8355
1176263 184 4803
1176271 7580 4476
1176282 3678 8681 6609
1176292 8659 4751
1176341 8413 6933 6596 811 2741 539 6779 5843 5675 2239 6164
1176485 1217 375 9159 9371
1176491 8050 8033
1176537 8751 7872 9304 8660 4495 5815 2398 4182 3556 7609 3441 7430 906 2636 1189 831
1176732 4939 3899
1176764 2350 5593 7426
1176767 223 2247 6807 6933 5509
1176857 6595 4298 8321 8191
1176884 3787 189 1422
1176948 3493 2984
1176975 4697 9065 1330
1176999 2289 926 5261 5054
1177029 2351 448
1177073 3711 6134 1916
1177102 7950 3067 2678
1177173 2350 951
1177182 7426 4000
1177265 2289 8777 3143
1177280 1273 5024
1177368 6164 3184
1177408 2084 6106 18 1930
1177441 3431 2067 4132 4298
1177567 421 5592
1177587 7194 2984 8548
1177654 3493 2984
1177738 2671 7800
1177749 8770 8273
1177828 6933 1722
1177846 6987 6375
1177876 4160 4208
1177881 5022 8569 3606 8464 3163 1184 9213
1177885 2303 6596 5033 1277
1177906 2984 8464 3606 5086
1177962 1344 3207 2984 188 4790
1177965 2254 6460
1178237 7742 1646
1178306 8775 3935 9101 2984 5086 5356 2278 1968 1330 9213 3893
1178347 7452 6720 4466
1178359 9159 3678
1178377 1029 9228 7396
1178389 6521 6884 35
1178439 1463 3075
1178449 8967 1277
1178451 7692 2085 5262 6609 6063
1178466 4806 9 1525
1178493 5331 5953
1178499 1330 3833
1178546 9293 8782 1720
1178550 2838 9203
1178577 2775 6375
1178618 5738 258
1178782 5171 5245
1178791 3558 7570
1178830 2066 5548
1178896 5356 6840
1178902 2241 1636 4594
1178909 3166 103
1178926 5025 4597 4806 3630 7297 6612
1179034 3431 5348
1179078 5798 4691
1179125 107 3630 4806 3561
1179128 1273 6678 9150
1179260 2751 5770
1179276 5921 504
1179366 2984 2350 3441 7801
1179380 3547 1479
1179414 8775 3127 2918
1179445 1681 5224
1179499 5356 4691
1179626 6067 2289 2874
1179633 5056 2990
1179707 4694 6581 3352 8902 125 6777 2065
1179732 3077 339
1179877 8775 5022 4762
1179885 1273 1277 1981
1180014 2314 4790 2620 7482 7131 5629 6303 418 6014 4639 9320 4174 6746 4196
1180065 1367 8033
1180146 5849 4876 6629
1180208 8580 1358
1180211 6720 6067
1180303 2881 2984
1180386 8777 50
1180391 3935 1183
1180412 6375 7318 4212 6447 1371
1180422 1431 6282 8364 3556 811
1180439 4592 5118
1180678 7980 2003 5112 1029
1180699 2984 3792
1180760 1778 766
1180827 5331 8606 8292
1180831 4691 8784 8321
1180839 3645 2255
1180867 7943 1733 6996
1180881 2085 2873 6375
1180885 3381 381
1180910 2414 9203 1360 9234
1180923 51 7800 4010
1181022 5249 7298 5411 3063 2303 2376 5027 6605 81 5546 182 4694 6522 2678 3556 2838 925 6066
1181100 6933 5632 4965
1181177 1035 2357
1181188 6016 928 5513
1181222 8590 5376 375
1181289 9072 170
1181408 831 3740 3216
1181418 4806 8608
1181459 6009 8993
1181556 3296 5503
1181612 6612 1287
1181632 1454 5022
1181651 6248 1895
1181659 222 1930 2805
1181700 87 6288 5578
1181703 1029 5056
1181745 1262 4975
1181753 9262 3226 1651
1181819 6933 6117 7800 3163
1181864 3806 6784 6987 1968
1181883 8761 6356 4986
1181902 5866 3257
1181942 3698 8659 6671
1181971 3226 6248 8050 5843
1182284 831 5032 6390
1182299 5738 3799 6609 4137 5693 1842 831 4212
1182312 7300 6170 5510
1182377 6596 1324
1182404 4806 168 700 1650 7575
1182480 952 9213 831
1182565 2984 4293
1182624 8153 8568 4140 2350 6671 1634
1182692 5478 5224
1182798 279 4140
1182949 8974 2350 7505 4681 4305 226 1442 6310
1182969 3029 3778 6605 5592
1182979 4618 87 2289
1183000 7781 4208
1183031 8845 3234 6612 5356 6671 6113 4615 6067 9292 4182
1183085 1968 7228
1183357 7481 4574
1183418 4208 561
1183448 7257 2984
1183525 1871 1448
1183530 9024 9101
1183561 2678 6164
1183589 7449 8820
1183596 7199 7865
1183614 3319 7010 103
1183617 4615 4691
1183636 8973 1262 1511
1183696 2350 1967
1183732 2984 3602 7661
1183754 7377 4873 8548
1183809 952 2350
1183841 800 2590
1183885 7539 485 8187 8191 5181 1489
1183910 3233 4650
1183917 3778 2085
1183920 6671 3234
1183928 3207 2874
1183942 8775 189 8297 1256
1183968 3431 4876
1184031 4554 6609 1387
1184233 3237 4815 4806 8659
1184243 8050 7737
1184260 4395 2785 3306 3252
1184310 469 965
1184328 3950 448
1184363 7800 8659 6263
1184423 5056 1029
1184428 3909 87
1184439 6720 8845
1184513 921 7609 3666 4618 7830 763
1184519 8590 2636
1184585 1330 3893
1184677 6390 4806 8739
1184687 2468 8524 4806 5335 8658 7735 8493 991
1184732 8486 6760
1184768 4756 3731
1184780 4806 2984 6493 7575
1184848 4150 1889 991 4806 6857 811 3271
1185076 2046 469
1185146 4411 1593
1185188 5393 5843
1185215 965 945 6746
